#pragma once
#include <Arduino.h>

// Auto-generated from Bitkits WAV samples
// Converted to 8-bit unsigned PCM at 8000 Hz mono
// Total: 24 samples, 46084 bytes

// os00 - BEP1 (4054 bytes)
PROGMEM const uint8_t os00[] = {
  0x80, 0xE6, 0xE3, 0xE4, 0xE3, 0xE2, 0xE1, 0xE0, 0x71, 0x6C, 0x6D, 0x6C, 0x6C, 0x6C, 0x6C, 0x6C, 
  0x6C, 0x6D, 0x6D, 0x6D, 0x6D, 0x6D, 0x6E, 0x6E, 0x6E, 0x6E, 0x6F, 0x6F, 0x6F, 0x6F, 0x70, 0xEC, 
  0xE6, 0xE5, 0xE5, 0xE4, 0xE4, 0xE3, 0x7A, 0x5C, 0x62, 0x63, 0x63, 0x63, 0x64, 0x64, 0x65, 0x65, 
  0x65, 0x66, 0x66, 0x66, 0x67, 0x67, 0x67, 0x67, 0x68, 0x68, 0x68, 0x69, 0x69, 0xF8, 0xEA, 0xE9, 
  0xE9, 0xE8, 0xE7, 0xE6, 0xE4, 0x5E, 0x5C, 0x5E, 0x5E, 0x5F, 0x5F, 0x60, 0x60, 0x60, 0x61, 0x61, 
  0x61, 0x62, 0x62, 0x62, 0x63, 0x63, 0x63, 0x64, 0x64, 0x64, 0x64, 0x65, 0xEE, 0xE5, 0xE5, 0xE3, 
  0xE1, 0xE0, 0xDE, 0x57, 0x57, 0x5B, 0x5B, 0x5B, 0x5C, 0x5C, 0x5C, 0x5D, 0x5D, 0x5E, 0x5E, 0x5E, 
  0x5F, 0x5F, 0x5F, 0x60, 0x60, 0x60, 0x61, 0x61, 0x61, 0x62, 0xEC, 0xDF, 0xE0, 0xDF, 0xDD, 0xDC, 
  0xDA, 0xD9, 0x54, 0x57, 0x58, 0x59, 0x59, 0x5A, 0x5A, 0x5A, 0x5B, 0x5B, 0x5C, 0x5C, 0x5C, 0x5D, 
  0x5D, 0x5D, 0x5E, 0x5E, 0x5F, 0x5F, 0x5F, 0x60, 0x60, 0xE1, 0xDB, 0xDC, 0xDA, 0xD9, 0xD8, 0xD6, 
  0x3D, 0x55, 0x59, 0x57, 0x58, 0x58, 0x58, 0x59, 0x59, 0x5A, 0x5A, 0x5B, 0x5B, 0x5B, 0x5C, 0x5C, 
  0x5D, 0x5D, 0x5D, 0x5E, 0x5E, 0x5E, 0x5F, 0xDF, 0xDA, 0xDB, 0xD9, 0xD8, 0xD6, 0xD5, 0xCC, 0x4F, 
  0x56, 0x56, 0x57, 0x57, 0x58, 0x58, 0x59, 0x59, 0x59, 0x5A, 0x5A, 0x5B, 0x5B, 0x5C, 0x5C, 0x5C, 
  0x5D, 0x5D, 0x5E, 0x5E, 0x5E, 0x69, 0xD1, 0xD1, 0xD1, 0xD0, 0xCF, 0xCD, 0xCC, 0x46, 0x57, 0x58, 
  0x57, 0x58, 0x58, 0x59, 0x59, 0x59, 0x5A, 0x5A, 0x5B, 0x5B, 0x5C, 0x5C, 0x5C, 0x5D, 0x5D, 0x5E, 
  0x5E, 0x5E, 0x5F, 0x5F, 0xD0, 0xD2, 0xD3, 0xD0, 0xCF, 0xCE, 0xCD, 0xCC, 0x51, 0x58, 0x57, 0x58, 
  0x59, 0x59, 0x59, 0x5A, 0x5A, 0x5B, 0x5B, 0x5C, 0x5C, 0x5C, 0x5D, 0x5D, 0x5E, 0x5E, 0x5F, 0x5F, 
  0x5F, 0x60, 0x7B, 0xCD, 0xD2, 0xD1, 0xD0, 0xCF, 0xCE, 0xCD, 0x4E, 0x5A, 0x58, 0x58, 0x59, 0x5A, 
  0x5A, 0x5A, 0x5B, 0x5B, 0x5C, 0x5C, 0x5D, 0x5D, 0x5D, 0x5E, 0x5E, 0x5F, 0x5F, 0x5F, 0x60, 0x60, 
  0x61, 0xD0, 0xD3, 0xD2, 0xD1, 0xD0, 0xCF, 0xCD, 0xCC, 0x56, 0x5B, 0x59, 0x5A, 0x5A, 0x5B, 0x5B, 
  0x5B, 0x5C, 0x5C, 0x5D, 0x5D, 0x5E, 0x5E, 0x5E, 0x5F, 0x5F, 0x60, 0x60, 0x60, 0x61, 0x61, 0x8D, 
  0xCF, 0xD4, 0xD2, 0xD1, 0xCF, 0xCE, 0xCD, 0x57, 0x5B, 0x59, 0x5A, 0x5B, 0x5B, 0x5B, 0x5C, 0x5C, 
  0x5D, 0x5D, 0x5E, 0x5E, 0x5E, 0x5F, 0x5F, 0x60, 0x60, 0x61, 0x61, 0x61, 0x62, 0x62, 0xD0, 0xD4, 
  0xD3, 0xD1, 0xD0, 0xCF, 0xCE, 0xC3, 0x5C, 0x5B, 0x5A, 0x5B, 0x5B, 0x5C, 0x5C, 0x5D, 0x5D, 0x5E, 
  0x5E, 0x5F, 0x5F, 0x5F, 0x60, 0x60, 0x61, 0x61, 0x61, 0x62, 0x62, 0x63, 0x9E, 0xD3, 0xD6, 0xD2, 
  0xD2, 0xD0, 0xCF, 0xCE, 0x5E, 0x5B, 0x5A, 0x5B, 0x5C, 0x5C, 0x5D, 0x5D, 0x5E, 0x5E, 0x5E, 0x5F, 
  0x5F, 0x60, 0x60, 0x61, 0x61, 0x61, 0x62, 0x62, 0x63, 0x63, 0x63, 0xD0, 0xD5, 0xD3, 0xD2, 0xD1, 
  0xD0, 0xCF, 0xB3, 0x61, 0x5B, 0x5C, 0x5C, 0x5D, 0x5D, 0x5D, 0x5E, 0x5E, 0x5F, 0x5F, 0x60, 0x60, 
  0x60, 0x61, 0x61, 0x62, 0x62, 0x62, 0x63, 0x63, 0x64, 0xAD, 0xD0, 0xCE, 0xCC, 0xCB, 0xCA, 0xC9, 
  0xC8, 0x60, 0x5D, 0x5C, 0x5D, 0x5E, 0x5E, 0x5E, 0x5F, 0x5F, 0x60, 0x60, 0x61, 0x61, 0x61, 0x62, 
  0x62, 0x63, 0x63, 0x63, 0x64, 0x64, 0x64, 0x65, 0xCC, 0xCF, 0xCD, 0xCD, 0xCC, 0xCB, 0xCA, 0xA0, 
  0x62, 0x5D, 0x5E, 0x5E, 0x5F, 0x5F, 0x60, 0x60, 0x60, 0x61, 0x61, 0x62, 0x62, 0x62, 0x63, 0x63, 
  0x64, 0x64, 0x64, 0x65, 0x65, 0x65, 0xC1, 0xD4, 0xCF, 0xCE, 0xCD, 0xCC, 0xCB, 0xCA, 0x62, 0x5E, 
  0x5E, 0x5F, 0x5F, 0x60, 0x60, 0x61, 0x61, 0x61, 0x62, 0x62, 0x63, 0x63, 0x63, 0x64, 0x64, 0x64, 
  0x65, 0x65, 0x66, 0x66, 0x66, 0xD0, 0xD1, 0xCF, 0xCE, 0xCD, 0xCC, 0xCB, 0x92, 0x60, 0x5D, 0x5F, 
  0x5F, 0x60, 0x60, 0x61, 0x61, 0x62, 0x62, 0x62, 0x63, 0x63, 0x64, 0x64, 0x64, 0x65, 0x65, 0x66, 
  0x66, 0x66, 0x67, 0xD4, 0xD4, 0xCF, 0xCF, 0xCE, 0xCD, 0xCC, 0xCB, 0x64, 0x5F, 0x60, 0x60, 0x60, 
  0x61, 0x61, 0x61, 0x62, 0x62, 0x63, 0x63, 0x63, 0x64, 0x64, 0x65, 0x65, 0x65, 0x66, 0x66, 0x66, 
  0x67, 0x67, 0xD5, 0xD2, 0xCF, 0xCF, 0xCD, 0xCC, 0xCB, 0x81, 0x5E, 0x5E, 0x60, 0x60, 0x61, 0x61, 
  0x62, 0x62, 0x62, 0x63, 0x63, 0x64, 0x64, 0x64, 0x65, 0x65, 0x65, 0x66, 0x66, 0x66, 0x67, 0x67, 
  0xE7, 0xD3, 0xCF, 0xCF, 0xCE, 0xCD, 0xCC, 0xCB, 0x63, 0x5F, 0x60, 0x60, 0x61, 0x61, 0x62, 0x62, 
  0x62, 0x63, 0x63, 0x64, 0x64, 0x64, 0x65, 0x65, 0x65, 0x66, 0x66, 0x66, 0x67, 0x67, 0x68, 0xD8, 
  0xD1, 0xD0, 0xCF, 0xCE, 0xCD, 0xCC, 0x6F, 0x5B, 0x60, 0x61, 0x61, 0x61, 0x62, 0x62, 0x62, 0x63, 
  0x63, 0x63, 0x64, 0x64, 0x65, 0x65, 0x65, 0x66, 0x66, 0x66, 0x67, 0x67, 0x67, 0xD9, 0xCA, 0xC9, 
  0xC9, 0xC7, 0xC7, 0xC6, 0xC5, 0x61, 0x5F, 0x61, 0x61, 0x62, 0x62, 0x63, 0x63, 0x63, 0x64, 0x64, 
  0x64, 0x65, 0x65, 0x66, 0x66, 0x66, 0x67, 0x67, 0x67, 0x68, 0x68, 0x68, 0xD1, 0xCA, 0xCA, 0xC9, 
  0xC8, 0xC7, 0xC6, 0x5E, 0x5E, 0x62, 0x62, 0x62, 0x63, 0x63, 0x63, 0x64, 0x64, 0x65, 0x65, 0x65, 
  0x66, 0x66, 0x66, 0x67, 0x67, 0x67, 0x68, 0x68, 0x68, 0x69, 0xD4, 0xCA, 0xCB, 0xCA, 0xC9, 0xC8, 
  0xC7, 0xC6, 0x5F, 0x61, 0x62, 0x62, 0x63, 0x63, 0x64, 0x64, 0x64, 0x65, 0x65, 0x65, 0x66, 0x66, 
  0x67, 0x67, 0x67, 0x68, 0x68, 0x68, 0x69, 0x69, 0x69, 0xCE, 0xCA, 0xCB, 0xC9, 0xC9, 0xC8, 0xC7, 
  0x4E, 0x61, 0x64, 0x63, 0x63, 0x63, 0x64, 0x64, 0x64, 0x65, 0x65, 0x66, 0x66, 0x66, 0x67, 0x67, 
  0x67, 0x68, 0x68, 0x68, 0x69, 0x69, 0x69, 0xCF, 0xCB, 0xCC, 0xCA, 0xC9, 0xC8, 0xC7, 0xC6, 0x5C, 
  0x62, 0x62, 0x63, 0x63, 0x64, 0x64, 0x64, 0x65, 0x65, 0x66, 0x66, 0x66, 0x67, 0x67, 0x67, 0x68, 
  0x68, 0x68, 0x69, 0x69, 0x69, 0x72, 0xCB, 0xCB, 0xCB, 0xCA, 0xC9, 0xC8, 0xC7, 0x54, 0x63, 0x63, 
  0x63, 0x63, 0x64, 0x64, 0x64, 0x65, 0x65, 0x65, 0x66, 0x66, 0x67, 0x67, 0x67, 0x68, 0x68, 0x68, 
  0x69, 0x69, 0x69, 0x6A, 0xCA, 0xCC, 0xCC, 0xCA, 0xC9, 0xC8, 0xC7, 0xC7, 0x5D, 0x63, 0x63, 0x63, 
  0x63, 0x64, 0x64, 0x65, 0x65, 0x65, 0x66, 0x66, 0x66, 0x67, 0x67, 0x67, 0x68, 0x68, 0x68, 0x69, 
  0x69, 0x69, 0x81, 0xC7, 0xCC, 0xCB, 0xCA, 0xC9, 0xC8, 0xC7, 0x5A, 0x64, 0x63, 0x63, 0x63, 0x64, 
  0x64, 0x64, 0x65, 0x65, 0x66, 0x66, 0x66, 0x67, 0x67, 0x67, 0x68, 0x68, 0x68, 0x69, 0x69, 0x69, 
  0x6A, 0xC3, 0xC5, 0xC5, 0xC3, 0xC3, 0xC2, 0xC1, 0xC0, 0x61, 0x65, 0x63, 0x64, 0x64, 0x65, 0x65, 
  0x65, 0x66, 0x66, 0x66, 0x67, 0x67, 0x67, 0x68, 0x68, 0x68, 0x69, 0x69, 0x69, 0x6A, 0x6A, 0x8D, 
  0xC2, 0xC6, 0xC5, 0xC4, 0xC3, 0xC2, 0xC1, 0x62, 0x65, 0x63, 0x64, 0x65, 0x65, 0x65, 0x66, 0x66, 
  0x66, 0x67, 0x67, 0x67, 0x68, 0x68, 0x68, 0x69, 0x69, 0x69, 0x6A, 0x6A, 0x6A, 0x6B, 0xC4, 0xC6, 
  0xC6, 0xC4, 0xC4, 0xC3, 0xC2, 0xB9, 0x66, 0x65, 0x64, 0x65, 0x65, 0x66, 0x66, 0x66, 0x67, 0x67, 
  0x67, 0x68, 0x68, 0x68, 0x69, 0x69, 0x69, 0x6A, 0x6A, 0x6A, 0x6A, 0x6B, 0x9B, 0xC6, 0xC8, 0xC5, 
  0xC5, 0xC3, 0xC3, 0xC2, 0x67, 0x65, 0x64, 0x65, 0x65, 0x66, 0x66, 0x66, 0x67, 0x67, 0x67, 0x68, 
  0x68, 0x68, 0x69, 0x69, 0x69, 0x6A, 0x6A, 0x6A, 0x6B, 0x6B, 0x6B, 0xC4, 0xC7, 0xC6, 0xC5, 0xC4, 
  0xC3, 0xC2, 0xAC, 0x69, 0x65, 0x65, 0x65, 0x66, 0x66, 0x66, 0x67, 0x67, 0x67, 0x68, 0x68, 0x68, 
  0x69, 0x69, 0x69, 0x6A, 0x6A, 0x6A, 0x6A, 0x6B, 0x6B, 0xAB, 0xC9, 0xC8, 0xC5, 0xC5, 0xC4, 0xC3, 
  0xC2, 0x67, 0x65, 0x64, 0x65, 0x65, 0x66, 0x66, 0x67, 0x67, 0x67, 0x68, 0x68, 0x68, 0x69, 0x69, 
  0x69, 0x69, 0x6A, 0x6A, 0x6A, 0x6B, 0x6B, 0x6B, 0xC5, 0xC8, 0xC6, 0xC5, 0xC4, 0xC3, 0xC2, 0x9F, 
  0x68, 0x64, 0x65, 0x65, 0x66, 0x66, 0x66, 0x67, 0x67, 0x67, 0x68, 0x68, 0x68, 0x69, 0x69, 0x69, 
  0x6A, 0x6A, 0x6A, 0x6B, 0x6B, 0x6B, 0xBB, 0xCB, 0xC7, 0xC5, 0xC5, 0xC4, 0xC3, 0xC2, 0x68, 0x64, 
  0x65, 0x65, 0x66, 0x66, 0x66, 0x67, 0x67, 0x67, 0x68, 0x68, 0x68, 0x69, 0x69, 0x69, 0x6A, 0x6A, 
  0x6A, 0x6A, 0x6B, 0x6B, 0x6B, 0xC8, 0xC0, 0xBE, 0xBE, 0xBD, 0xBC, 0xBB, 0x8E, 0x66, 0x64, 0x66, 
  0x66, 0x66, 0x67, 0x67, 0x67, 0x68, 0x68, 0x68, 0x69, 0x69, 0x69, 0x6A, 0x6A, 0x6A, 0x6B, 0x6B, 
  0x6B, 0x6B, 0x6C, 0xC3, 0xC3, 0xBF, 0xBF, 0xBE, 0xBD, 0xBC, 0xBC, 0x69, 0x65, 0x66, 0x67, 0x67, 
  0x67, 0x67, 0x68, 0x68, 0x68, 0x69, 0x69, 0x69, 0x6A, 0x6A, 0x6A, 0x6B, 0x6B, 0x6B, 0x6C, 0x6C, 
  0x6C, 0x6C, 0xC4, 0xC2, 0xC0, 0xBF, 0xBE, 0xBD, 0xBD, 0x81, 0x65, 0x65, 0x67, 0x67, 0x67, 0x68, 
  0x68, 0x68, 0x69, 0x69, 0x69, 0x6A, 0x6A, 0x6A, 0x6B, 0x6B, 0x6B, 0x6B, 0x6C, 0x6C, 0x6C, 0x6D, 
  0xD3, 0xC3, 0xBF, 0xC0, 0xBF, 0xBE, 0xBD, 0xBC, 0x69, 0x66, 0x67, 0x67, 0x67, 0x68, 0x68, 0x68, 
  0x69, 0x69, 0x69, 0x6A, 0x6A, 0x6A, 0x6B, 0x6B, 0x6B, 0x6B, 0x6C, 0x6C, 0x6C, 0x6D, 0x6D, 0xC7, 
  0xC1, 0xC1, 0xC0, 0xBF, 0xBE, 0xBD, 0x73, 0x63, 0x67, 0x67, 0x67, 0x68, 0x68, 0x68, 0x69, 0x69, 
  0x69, 0x6A, 0x6A, 0x6A, 0x6B, 0x6B, 0x6B, 0x6B, 0x6C, 0x6C, 0x6C, 0x6D, 0x6D, 0xCE, 0xC2, 0xC0, 
  0xC0, 0xBF, 0xBE, 0xBE, 0xBD, 0x67, 0x66, 0x67, 0x67, 0x68, 0x68, 0x68, 0x69, 0x69, 0x69, 0x6A, 
  0x6A, 0x6A, 0x6B, 0x6B, 0x6B, 0x6B, 0x6C, 0x6C, 0x6C, 0x6D, 0x6D, 0x6D, 0xC7, 0xC1, 0xC1, 0xC0, 
  0xBF, 0xBE, 0xBD, 0x64, 0x64, 0x68, 0x67, 0x68, 0x68, 0x68, 0x69, 0x69, 0x69, 0x69, 0x6A, 0x6A, 
  0x6A, 0x6B, 0x6B, 0x6B, 0x6C, 0x6C, 0x6C, 0x6C, 0x6D, 0x6D, 0xC9, 0xC1, 0xC1, 0xC0, 0xBF, 0xBE, 
  0xBE, 0xBD, 0x64, 0x66, 0x67, 0x67, 0x68, 0x68, 0x68, 0x69, 0x69, 0x69, 0x6A, 0x6A, 0x6A, 0x6B, 
  0x6B, 0x6B, 0x6B, 0x6C, 0x6C, 0x6C, 0x6D, 0x6D, 0x6D, 0xC4, 0xC0, 0xC1, 0xC0, 0xBF, 0xBE, 0xBD, 
  0x57, 0x66, 0x68, 0x67, 0x68, 0x68, 0x68, 0x69, 0x69, 0x69, 0x69, 0x6A, 0x6A, 0x6A, 0x6B, 0x6B, 
  0x6B, 0x6C, 0x6C, 0x6C, 0x6C, 0x6D, 0x6D, 0xBD, 0xB9, 0xBA, 0xB9, 0xB8, 0xB7, 0xB7, 0xB6, 0x63, 
  0x68, 0x68, 0x68, 0x69, 0x69, 0x69, 0x69, 0x6A, 0x6A, 0x6A, 0x6B, 0x6B, 0x6B, 0x6B, 0x6C, 0x6C, 
  0x6C, 0x6D, 0x6D, 0x6D, 0x6D, 0x75, 0xBA, 0xBA, 0xBA, 0xB9, 0xB8, 0xB8, 0xB7, 0x5D, 0x68, 0x69, 
  0x68, 0x69, 0x69, 0x69, 0x6A, 0x6A, 0x6A, 0x6B, 0x6B, 0x6B, 0x6C, 0x6C, 0x6C, 0x6C, 0x6D, 0x6D, 
  0x6D, 0x6D, 0x6E, 0x6E, 0xBA, 0xBB, 0xBB, 0xBA, 0xB9, 0xB8, 0xB8, 0xB7, 0x64, 0x69, 0x69, 0x69, 
  0x69, 0x6A, 0x6A, 0x6A, 0x6B, 0x6B, 0x6B, 0x6B, 0x6C, 0x6C, 0x6C, 0x6D, 0x6D, 0x6D, 0x6D, 0x6E, 
  0x6E, 0x6E, 0x81, 0xB8, 0xBB, 0xBB, 0xBA, 0xB9, 0xB8, 0xB8, 0x62, 0x6A, 0x69, 0x69, 0x69, 0x6A, 
  0x6A, 0x6A, 0x6B, 0x6B, 0x6B, 0x6C, 0x6C, 0x6C, 0x6C, 0x6D, 0x6D, 0x6D, 0x6D, 0x6E, 0x6E, 0x6E, 
  0x6E, 0xBA, 0xBC, 0xBC, 0xBA, 0xBA, 0xB9, 0xB8, 0xB7, 0x67, 0x6A, 0x69, 0x6A, 0x6A, 0x6A, 0x6A, 
  0x6B, 0x6B, 0x6B, 0x6B, 0x6C, 0x6C, 0x6C, 0x6D, 0x6D, 0x6D, 0x6D, 0x6E, 0x6E, 0x6E, 0x6E, 0x8C, 
  0xB9, 0xBC, 0xBB, 0xBA, 0xB9, 0xB9, 0xB8, 0x67, 0x6A, 0x69, 0x69, 0x6A, 0x6A, 0x6A, 0x6B, 0x6B, 
  0x6B, 0x6B, 0x6C, 0x6C, 0x6C, 0x6D, 0x6D, 0x6D, 0x6D, 0x6E, 0x6E, 0x6E, 0x6E, 0x6F, 0xBA, 0xBC, 
  0xBB, 0xBA, 0xBA, 0xB9, 0xB8, 0xB0, 0x6A, 0x6A, 0x69, 0x6A, 0x6A, 0x6A, 0x6A, 0x6B, 0x6B, 0x6B, 
  0x6C, 0x6C, 0x6C, 0x6C, 0x6D, 0x6D, 0x6D, 0x6D, 0x6E, 0x6E, 0x6E, 0x6E, 0x97, 0xBB, 0xBD, 0xBB, 
  0xBA, 0xB9, 0xB9, 0xB8, 0x6B, 0x69, 0x68, 0x69, 0x6A, 0x6A, 0x6A, 0x6B, 0x6B, 0x6B, 0x6B, 0x6C, 
  0x6C, 0x6C, 0x6D, 0x6D, 0x6D, 0x6D, 0x6E, 0x6E, 0x6E, 0x6E, 0x6F, 0xB2, 0xB4, 0xB3, 0xB3, 0xB2, 
  0xB1, 0xB1, 0xA0, 0x6D, 0x6A, 0x6A, 0x6A, 0x6B, 0x6B, 0x6B, 0x6C, 0x6C, 0x6C, 0x6C, 0x6D, 0x6D, 
  0x6D, 0x6D, 0x6E, 0x6E, 0x6E, 0x6E, 0x6F, 0x6F, 0x6F, 0x9F, 0xB6, 0xB5, 0xB4, 0xB3, 0xB2, 0xB2, 
  0xB1, 0x6D, 0x6B, 0x6A, 0x6B, 0x6B, 0x6B, 0x6C, 0x6C, 0x6C, 0x6C, 0x6D, 0x6D, 0x6D, 0x6E, 0x6E, 
  0x6E, 0x6E, 0x6F, 0x6F, 0x6F, 0x6F, 0x70, 0x70, 0xB3, 0xB6, 0xB4, 0xB4, 0xB3, 0xB3, 0xB2, 0x97, 
  0x6E, 0x6A, 0x6B, 0x6B, 0x6C, 0x6C, 0x6C, 0x6C, 0x6D, 0x6D, 0x6D, 0x6E, 0x6E, 0x6E, 0x6E, 0x6F, 
  0x6F, 0x6F, 0x6F, 0x6F, 0x70, 0x70, 0xAC, 0xB9, 0xB6, 0xB4, 0xB4, 0xB3, 0xB3, 0xB2, 0x6E, 0x6B, 
  0x6B, 0x6C, 0x6C, 0x6C, 0x6C, 0x6D, 0x6D, 0x6D, 0x6D, 0x6E, 0x6E, 0x6E, 0x6E, 0x6F, 0x6F, 0x6F, 
  0x6F, 0x70, 0x70, 0x70, 0x70, 0xB6, 0xB7, 0xB5, 0xB5, 0xB4, 0xB3, 0xB2, 0x8D, 0x6C, 0x6A, 0x6C, 
  0x6C, 0x6C, 0x6C, 0x6D, 0x6D, 0x6D, 0x6D, 0x6E, 0x6E, 0x6E, 0x6E, 0x6F, 0x6F, 0x6F, 0x6F, 0x70, 
  0x70, 0x70, 0x70, 0xB9, 0xB8, 0xB5, 0xB5, 0xB4, 0xB4, 0xB3, 0xB2, 0x6E, 0x6B, 0x6C, 0x6C, 0x6C, 
  0x6C, 0x6D, 0x6D, 0x6D, 0x6D, 0x6E, 0x6E, 0x6E, 0x6E, 0x6F, 0x6F, 0x6F, 0x6F, 0x70, 0x70, 0x70, 
  0x70, 0x70, 0xB9, 0xB7, 0xB5, 0xB5, 0xB4, 0xB3, 0xB3, 0x82, 0x6A, 0x6B, 0x6C, 0x6C, 0x6C, 0x6C, 
  0x6D, 0x6D, 0x6D, 0x6D, 0x6E, 0x6E, 0x6E, 0x6E, 0x6F, 0x6F, 0x6F, 0x6F, 0x70, 0x70, 0x70, 0x70, 
  0xC5, 0xB7, 0xB5, 0xB5, 0xB4, 0xB4, 0xB3, 0xB2, 0x6E, 0x6B, 0x6C, 0x6C, 0x6C, 0x6C, 0x6D, 0x6D, 
  0x6D, 0x6D, 0x6E, 0x6E, 0x6E, 0x6E, 0x6F, 0x6F, 0x6F, 0x6F, 0x70, 0x70, 0x70, 0x70, 0x70, 0xB2, 
  0xAD, 0xAD, 0xAC, 0xAB, 0xAB, 0xAA, 0x75, 0x6A, 0x6C, 0x6D, 0x6D, 0x6D, 0x6D, 0x6E, 0x6E, 0x6E, 
  0x6E, 0x6F, 0x6F, 0x6F, 0x6F, 0x70, 0x70, 0x70, 0x70, 0x70, 0x71, 0x71, 0x71, 0xB7, 0xAE, 0xAD, 
  0xAD, 0xAD, 0xAC, 0xAB, 0xAB, 0x6D, 0x6C, 0x6D, 0x6D, 0x6E, 0x6E, 0x6E, 0x6E, 0x6F, 0x6F, 0x6F, 
  0x6F, 0x70, 0x70, 0x70, 0x70, 0x70, 0x71, 0x71, 0x71, 0x71, 0x72, 0x72, 0xB3, 0xAE, 0xAE, 0xAD, 
  0xAD, 0xAC, 0xAC, 0x6C, 0x6B, 0x6E, 0x6E, 0x6E, 0x6E, 0x6E, 0x6F, 0x6F, 0x6F, 0x6F, 0x70, 0x70, 
  0x70, 0x70, 0x70, 0x71, 0x71, 0x71, 0x71, 0x72, 0x72, 0x72, 0xB5, 0xAE, 0xAF, 0xAE, 0xAE, 0xAD, 
  0xAC, 0xAC, 0x6C, 0x6D, 0x6E, 0x6E, 0x6E, 0x6F, 0x6F, 0x6F, 0x6F, 0x6F, 0x70, 0x70, 0x70, 0x70, 
  0x71, 0x71, 0x71, 0x71, 0x71, 0x72, 0x72, 0x72, 0x72, 0xB1, 0xAE, 0xAF, 0xAE, 0xAE, 0xAD, 0xAC, 
  0x61, 0x6D, 0x6F, 0x6E, 0x6E, 0x6F, 0x6F, 0x6F, 0x6F, 0x70, 0x70, 0x70, 0x70, 0x70, 0x71, 0x71, 
  0x71, 0x71, 0x71, 0x72, 0x72, 0x72, 0x72, 0xB2, 0xAF, 0xB0, 0xAF, 0xAE, 0xAD, 0xAD, 0xAC, 0x6A, 
  0x6E, 0x6E, 0x6E, 0x6F, 0x6F, 0x6F, 0x6F, 0x70, 0x70, 0x70, 0x70, 0x70, 0x71, 0x71, 0x71, 0x71, 
  0x71, 0x72, 0x72, 0x72, 0x72, 0x78, 0xAF, 0xAF, 0xAF, 0xAE, 0xAE, 0xAD, 0xAC, 0x65, 0x6E, 0x6F, 
  0x6E, 0x6F, 0x6F, 0x6F, 0x6F, 0x6F, 0x70, 0x70, 0x70, 0x70, 0x71, 0x71, 0x71, 0x71, 0x71, 0x72, 
  0x72, 0x72, 0x72, 0x72, 0xAF, 0xB0, 0xB0, 0xAF, 0xAE, 0xAD, 0xAD, 0xAC, 0x6A, 0x6E, 0x6E, 0x6E, 
  0x6F, 0x6F, 0x6F, 0x6F, 0x70, 0x70, 0x70, 0x70, 0x70, 0x71, 0x71, 0x71, 0x71, 0x71, 0x72, 0x72, 
  0x72, 0x72, 0x7F, 0xA5, 0xA7, 0xA7, 0xA6, 0xA6, 0xA5, 0xA5, 0x6A, 0x70, 0x6F, 0x6F, 0x6F, 0x70, 
  0x70, 0x70, 0x70, 0x70, 0x71, 0x71, 0x71, 0x71, 0x72, 0x72, 0x72, 0x72, 0x72, 0x73, 0x73, 0x73, 
  0x73, 0xA7, 0xA8, 0xA8, 0xA7, 0xA7, 0xA6, 0xA6, 0xA5, 0x6E, 0x70, 0x70, 0x70, 0x70, 0x70, 0x70, 
  0x71, 0x71, 0x71, 0x71, 0x72, 0x72, 0x72, 0x72, 0x72, 0x73, 0x73, 0x73, 0x73, 0x73, 0x73, 0x88, 
  0xA7, 0xA9, 0xA8, 0xA8, 0xA7, 0xA6, 0xA6, 0x6F, 0x70, 0x70, 0x70, 0x70, 0x71, 0x71, 0x71, 0x71, 
  0x71, 0x72, 0x72, 0x72, 0x72, 0x72, 0x73, 0x73, 0x73, 0x73, 0x73, 0x74, 0x74, 0x74, 0xA8, 0xA9, 
  0xA9, 0xA8, 0xA8, 0xA7, 0xA6, 0xA1, 0x71, 0x71, 0x70, 0x71, 0x71, 0x71, 0x71, 0x71, 0x72, 0x72, 
  0x72, 0x72, 0x72, 0x73, 0x73, 0x73, 0x73, 0x73, 0x73, 0x74, 0x74, 0x74, 0x90, 0xA9, 0xAA, 0xA9, 
  0xA8, 0xA8, 0xA7, 0xA6, 0x72, 0x71, 0x70, 0x71, 0x71, 0x71, 0x71, 0x71, 0x72, 0x72, 0x72, 0x72, 
  0x72, 0x73, 0x73, 0x73, 0x73, 0x73, 0x73, 0x74, 0x74, 0x74, 0x74, 0xA8, 0xAA, 0xA9, 0xA8, 0xA8, 
  0xA7, 0xA7, 0x9A, 0x73, 0x70, 0x71, 0x71, 0x71, 0x71, 0x71, 0x72, 0x72, 0x72, 0x72, 0x72, 0x73, 
  0x73, 0x73, 0x73, 0x73, 0x73, 0x74, 0x74, 0x74, 0x74, 0x99, 0xAB, 0xAA, 0xA9, 0xA8, 0xA8, 0xA7, 
  0xA7, 0x72, 0x70, 0x70, 0x71, 0x71, 0x71, 0x71, 0x71, 0x72, 0x72, 0x72, 0x72, 0x72, 0x73, 0x73, 
  0x73, 0x73, 0x73, 0x74, 0x74, 0x74, 0x74, 0x74, 0xA8, 0xAA, 0xA9, 0xA9, 0xA8, 0xA7, 0xA7, 0x92, 
  0x73, 0x70, 0x71, 0x71, 0x71, 0x71, 0x71, 0x72, 0x72, 0x72, 0x72, 0x72, 0x73, 0x73, 0x73, 0x73, 
  0x73, 0x73, 0x74, 0x74, 0x74, 0x74, 0xA3, 0xAC, 0xA1, 0xA1, 0xA0, 0xA0, 0x9F, 0x9F, 0x73, 0x71, 
  0x71, 0x71, 0x72, 0x72, 0x72, 0x72, 0x72, 0x72, 0x73, 0x73, 0x73, 0x73, 0x73, 0x74, 0x74, 0x74, 
  0x74, 0x74, 0x74, 0x75, 0x75, 0xA2, 0xA3, 0xA1, 0xA1, 0xA1, 0xA0, 0xA0, 0x88, 0x72, 0x71, 0x72, 
  0x72, 0x72, 0x72, 0x73, 0x73, 0x73, 0x73, 0x73, 0x74, 0x74, 0x74, 0x74, 0x74, 0x74, 0x75, 0x75, 
  0x75, 0x75, 0x75, 0xA4, 0xA4, 0xA2, 0xA2, 0xA1, 0xA1, 0xA1, 0xA0, 0x74, 0x72, 0x72, 0x72, 0x73, 
  0x73, 0x73, 0x73, 0x73, 0x73, 0x74, 0x74, 0x74, 0x74, 0x74, 0x74, 0x75, 0x75, 0x75, 0x75, 0x75, 
  0x75, 0x76, 0xA5, 0xA3, 0xA3, 0xA2, 0xA2, 0xA1, 0xA1, 0x81, 0x72, 0x72, 0x73, 0x73, 0x73, 0x73, 
  0x73, 0x73, 0x74, 0x74, 0x74, 0x74, 0x74, 0x74, 0x75, 0x75, 0x75, 0x75, 0x75, 0x75, 0x76, 0x76, 
  0xAD, 0xA4, 0xA2, 0xA3, 0xA2, 0xA2, 0xA1, 0xA1, 0x74, 0x72, 0x73, 0x73, 0x73, 0x73, 0x73, 0x74, 
  0x74, 0x74, 0x74, 0x74, 0x74, 0x75, 0x75, 0x75, 0x75, 0x75, 0x75, 0x75, 0x76, 0x76, 0x76, 0xA7, 
  0xA4, 0xA3, 0xA3, 0xA2, 0xA2, 0xA1, 0x79, 0x71, 0x73, 0x73, 0x73, 0x73, 0x73, 0x74, 0x74, 0x74, 
  0x74, 0x74, 0x74, 0x75, 0x75, 0x75, 0x75, 0x75, 0x75, 0x75, 0x76, 0x76, 0x76, 0xAB, 0xA4, 0xA3, 
  0xA3, 0xA2, 0xA2, 0xA1, 0xA1, 0x73, 0x72, 0x73, 0x73, 0x73, 0x73, 0x73, 0x74, 0x74, 0x74, 0x74, 
  0x74, 0x74, 0x75, 0x75, 0x75, 0x75, 0x75, 0x75, 0x76, 0x76, 0x76, 0x76, 0xA7, 0xA3, 0xA3, 0xA3, 
  0xA2, 0xA2, 0xA1, 0x71, 0x71, 0x73, 0x73, 0x73, 0x73, 0x73, 0x74, 0x74, 0x74, 0x74, 0x74, 0x74, 
  0x75, 0x75, 0x75, 0x75, 0x75, 0x75, 0x75, 0x76, 0x76, 0x76, 0xA8, 0xA3, 0xA3, 0xA3, 0xA2, 0xA2, 
  0xA1, 0xA0, 0x72, 0x72, 0x73, 0x73, 0x73, 0x73, 0x73, 0x74, 0x74, 0x74, 0x74, 0x74, 0x74, 0x75, 
  0x75, 0x75, 0x75, 0x75, 0x75, 0x76, 0x76, 0x76, 0x76, 0x9C, 0x9A, 0x9B, 0x9A, 0x9A, 0x9A, 0x99, 
  0x6C, 0x73, 0x74, 0x74, 0x74, 0x74, 0x74, 0x74, 0x74, 0x75, 0x75, 0x75, 0x75, 0x75, 0x75, 0x76, 
  0x76, 0x76, 0x76, 0x76, 0x76, 0x76, 0x77, 0x9D, 0x9C, 0x9C, 0x9B, 0x9B, 0x9A, 0x9A, 0x9A, 0x72, 
  0x74, 0x74, 0x74, 0x75, 0x75, 0x75, 0x75, 0x75, 0x75, 0x75, 0x76, 0x76, 0x76, 0x76, 0x76, 0x76, 
  0x76, 0x77, 0x77, 0x77, 0x77, 0x7A, 0x9C, 0x9C, 0x9C, 0x9C, 0x9B, 0x9B, 0x9A, 0x6F, 0x75, 0x75, 
  0x75, 0x75, 0x75, 0x75, 0x75, 0x75, 0x76, 0x76, 0x76, 0x76, 0x76, 0x76, 0x76, 0x77, 0x77, 0x77, 
  0x77, 0x77, 0x77, 0x77, 0x9C, 0x9D, 0x9D, 0x9C, 0x9C, 0x9B, 0x9B, 0x9B, 0x73, 0x75, 0x75, 0x75, 
  0x75, 0x75, 0x75, 0x76, 0x76, 0x76, 0x76, 0x76, 0x76, 0x76, 0x77, 0x77, 0x77, 0x77, 0x77, 0x77, 
  0x77, 0x77, 0x80, 0x9B, 0x9D, 0x9D, 0x9C, 0x9C, 0x9B, 0x9B, 0x72, 0x75, 0x75, 0x75, 0x75, 0x75, 
  0x76, 0x76, 0x76, 0x76, 0x76, 0x76, 0x76, 0x77, 0x77, 0x77, 0x77, 0x77, 0x77, 0x77, 0x77, 0x78, 
  0x78, 0x9D, 0x9D, 0x9D, 0x9D, 0x9C, 0x9C, 0x9B, 0x9B, 0x74, 0x76, 0x75, 0x75, 0x75, 0x76, 0x76, 
  0x76, 0x76, 0x76, 0x76, 0x76, 0x77, 0x77, 0x77, 0x77, 0x77, 0x77, 0x77, 0x77, 0x78, 0x78, 0x86, 
  0x9C, 0x9E, 0x9D, 0x9D, 0x9C, 0x9C, 0x9B, 0x74, 0x75, 0x75, 0x75, 0x75, 0x76, 0x76, 0x76, 0x76, 
  0x76, 0x76, 0x76, 0x76, 0x77, 0x77, 0x77, 0x77, 0x77, 0x77, 0x77, 0x77, 0x78, 0x78, 0x9C, 0x9E, 
  0x9D, 0x9D, 0x9C, 0x9C, 0x9C, 0x98, 0x76, 0x75, 0x75, 0x75, 0x75, 0x76, 0x76, 0x76, 0x76, 0x76, 
  0x76, 0x76, 0x77, 0x77, 0x77, 0x77, 0x77, 0x77, 0x77, 0x77, 0x78, 0x78, 0x87, 0x94, 0x95, 0x94, 
  0x94, 0x94, 0x93, 0x93, 0x77, 0x76, 0x76, 0x76, 0x76, 0x76, 0x76, 0x77, 0x77, 0x77, 0x77, 0x77, 
  0x77, 0x77, 0x77, 0x78, 0x78, 0x78, 0x78, 0x78, 0x78, 0x78, 0x78, 0x94, 0x96, 0x95, 0x95, 0x95, 
  0x94, 0x94, 0x8D, 0x78, 0x77, 0x77, 0x77, 0x77, 0x77, 0x77, 0x77, 0x77, 0x77, 0x78, 0x78, 0x78, 
  0x78, 0x78, 0x78, 0x78, 0x78, 0x79, 0x79, 0x79, 0x79, 0x8D, 0x97, 0x96, 0x96, 0x95, 0x95, 0x95, 
  0x95, 0x78, 0x77, 0x77, 0x77, 0x77, 0x77, 0x77, 0x78, 0x78, 0x78, 0x78, 0x78, 0x78, 0x78, 0x78, 
  0x79, 0x79, 0x79, 0x79, 0x79, 0x79, 0x79, 0x79, 0x96, 0x97, 0x96, 0x96, 0x96, 0x95, 0x95, 0x8A, 
  0x78, 0x77, 0x77, 0x77, 0x78, 0x78, 0x78, 0x78, 0x78, 0x78, 0x78, 0x78, 0x78, 0x79, 0x79, 0x79, 
  0x79, 0x79, 0x79, 0x79, 0x79, 0x79, 0x93, 0x98, 0x97, 0x96, 0x96, 0x96, 0x95, 0x95, 0x78, 0x77, 
  0x77, 0x78, 0x78, 0x78, 0x78, 0x78, 0x78, 0x78, 0x78, 0x78, 0x79, 0x79, 0x79, 0x79, 0x79, 0x79, 
  0x79, 0x79, 0x79, 0x79, 0x7A, 0x97, 0x97, 0x97, 0x96, 0x96, 0x96, 0x95, 0x86, 0x78, 0x77, 0x78, 
  0x78, 0x78, 0x78, 0x78, 0x78, 0x78, 0x78, 0x78, 0x79, 0x79, 0x79, 0x79, 0x79, 0x79, 0x79, 0x79, 
  0x79, 0x79, 0x7A, 0x98, 0x98, 0x97, 0x97, 0x96, 0x96, 0x96, 0x95, 0x79, 0x77, 0x78, 0x78, 0x78, 
  0x78, 0x78, 0x78, 0x78, 0x78, 0x78, 0x79, 0x79, 0x79, 0x79, 0x79, 0x79, 0x79, 0x79, 0x79, 0x79, 
  0x7A, 0x7A, 0x98, 0x98, 0x97, 0x97, 0x96, 0x96, 0x96, 0x81, 0x77, 0x77, 0x78, 0x78, 0x78, 0x78, 
  0x78, 0x78, 0x78, 0x78, 0x78, 0x79, 0x79, 0x79, 0x79, 0x79, 0x79, 0x79, 0x79, 0x79, 0x79, 0x7A, 
  0x92, 0x8E, 0x8D, 0x8E, 0x8D, 0x8D, 0x8D, 0x8D, 0x79, 0x78, 0x79, 0x79, 0x79, 0x79, 0x79, 0x79, 
  0x79, 0x79, 0x79, 0x79, 0x79, 0x7A, 0x7A, 0x7A, 0x7A, 0x7A, 0x7A, 0x7A, 0x7A, 0x7A, 0x7A, 0x90, 
  0x8F, 0x8F, 0x8E, 0x8E, 0x8E, 0x8E, 0x7C, 0x78, 0x79, 0x79, 0x79, 0x79, 0x79, 0x7A, 0x7A, 0x7A, 
  0x7A, 0x7A, 0x7A, 0x7A, 0x7A, 0x7A, 0x7A, 0x7A, 0x7A, 0x7B, 0x7B, 0x7B, 0x7B, 0x92, 0x8F, 0x8F, 
  0x8F, 0x8F, 0x8F, 0x8E, 0x8E, 0x79, 0x79, 0x7A, 0x7A, 0x7A, 0x7A, 0x7A, 0x7A, 0x7A, 0x7A, 0x7A, 
  0x7A, 0x7A, 0x7A, 0x7B, 0x7B, 0x7B, 0x7B, 0x7B, 0x7B, 0x7B, 0x7B, 0x7B, 0x91, 0x90, 0x90, 0x8F, 
  0x8F, 0x8F, 0x8F, 0x79, 0x79, 0x7A, 0x7A, 0x7A, 0x7A, 0x7A, 0x7A, 0x7A, 0x7A, 0x7A, 0x7B, 0x7B, 
  0x7B, 0x7B, 0x7B, 0x7B, 0x7B, 0x7B, 0x7B, 0x7B, 0x7B, 0x7B, 0x92, 0x90, 0x90, 0x90, 0x90, 0x8F, 
  0x8F, 0x8F, 0x79, 0x7A, 0x7A, 0x7A, 0x7A, 0x7A, 0x7A, 0x7A, 0x7A, 0x7B, 0x7B, 0x7B, 0x7B, 0x7B, 
  0x7B, 0x7B, 0x7B, 0x7B, 0x7B, 0x7B, 0x7B, 0x7B, 0x7B, 0x91, 0x90, 0x90, 0x90, 0x90, 0x8F, 0x8F, 
  0x76, 0x7A, 0x7A, 0x7A, 0x7A, 0x7A, 0x7A, 0x7A, 0x7A, 0x7B, 0x7B, 0x7B, 0x7B, 0x7B, 0x7B, 0x7B, 
  0x7B, 0x7B, 0x7B, 0x7B, 0x7B, 0x7B, 0x7C, 0x91, 0x90, 0x91, 0x90, 0x90, 0x90, 0x8F, 0x8F, 0x79, 
  0x7A, 0x7A, 0x7A, 0x7A, 0x7A, 0x7A, 0x7A, 0x7B, 0x7B, 0x7B, 0x7B, 0x7B, 0x7B, 0x7B, 0x7B, 0x7B, 
  0x7B, 0x7B, 0x7B, 0x7B, 0x7B, 0x7D, 0x90, 0x90, 0x90, 0x90, 0x90, 0x90, 0x8F, 0x77, 0x7A, 0x7A, 
  0x7A, 0x7A, 0x7A, 0x7A, 0x7A, 0x7A, 0x7B, 0x7B, 0x7B, 0x7B, 0x7B, 0x7B, 0x7B, 0x7B, 0x7B, 0x7B, 
  0x7B, 0x7B, 0x7B, 0x7B, 0x86, 0x87, 0x87, 0x86, 0x86, 0x86, 0x86, 0x86, 0x7A, 0x7B, 0x7B, 0x7B, 
  0x7B, 0x7B, 0x7B, 0x7B, 0x7B, 0x7B, 0x7C, 0x7C, 0x7C, 0x7C, 0x7C, 0x7C, 0x7C, 0x7C, 0x7C, 0x7C, 
  0x7C, 0x7C, 0x7F, 0x87, 0x87, 0x87, 0x87, 0x87, 0x87, 0x87, 0x7B, 0x7C, 0x7C, 0x7C, 0x7C, 0x7C, 
  0x7C, 0x7C, 0x7C, 0x7C, 0x7C, 0x7C, 0x7C, 0x7C, 0x7C, 0x7C, 0x7C, 0x7D, 0x7D, 0x7D, 0x7D, 0x7D, 
  0x7D, 0x88, 0x88, 0x88, 0x88, 0x88, 0x88, 0x88, 0x88, 0x7C, 0x7C, 0x7C, 0x7C, 0x7C, 0x7C, 0x7C, 
  0x7C, 0x7D, 0x7D, 0x7D, 0x7D, 0x7D, 0x7D, 0x7D, 0x7D, 0x7D, 0x7D, 0x7D, 0x7D, 0x7D, 0x7D, 0x82, 
  0x88, 0x89, 0x89, 0x88, 0x88, 0x88, 0x88, 0x7C, 0x7D, 0x7C, 0x7C, 0x7D, 0x7D, 0x7D, 0x7D, 0x7D, 
  0x7D, 0x7D, 0x7D, 0x7D, 0x7D, 0x7D, 0x7D, 0x7D, 0x7D, 0x7D, 0x7D, 0x7D, 0x7D, 0x7D, 0x89, 0x89, 
  0x89, 0x89, 0x89, 0x89, 0x89, 0x87, 0x7D, 0x7D, 0x7D, 0x7D, 0x7D, 0x7D, 0x7D, 0x7D, 0x7D, 0x7D, 
  0x7D, 0x7D, 0x7D, 0x7D, 0x7D, 0x7D, 0x7D, 0x7D, 0x7D, 0x7D, 0x7D, 0x7E, 0x84, 0x89, 0x89, 0x89, 
  0x89, 0x89, 0x89, 0x89, 0x7D, 0x7D, 0x7D, 0x7D, 0x7D, 0x7D, 0x7D, 0x7D, 0x7D, 0x7D, 0x7D, 0x7D, 
  0x7D, 0x7D, 0x7D, 0x7D, 0x7D, 0x7D, 0x7D, 0x7D, 0x7D, 0x7E, 0x7E, 0x89, 0x8A, 0x89, 0x89, 0x89, 
  0x89, 0x89, 0x86, 0x7D, 0x7D, 0x7D, 0x7D, 0x7D, 0x7D, 0x7D, 0x7D, 0x7D, 0x7D, 0x7D, 0x7D, 0x7D, 
  0x7D, 0x7D, 0x7D, 0x7D, 0x7D, 0x7D, 0x7D, 0x7E, 0x7E, 0x86, 0x8A, 0x8A, 0x89, 0x89, 0x89, 0x89, 
  0x89, 0x7D, 0x7D, 0x7D, 0x7D, 0x7D, 0x7D, 0x7D, 0x7D, 0x7D, 0x7D, 0x7D, 0x7D, 0x7D, 0x7D, 0x7D, 
  0x7D, 0x7D, 0x7D, 0x7D, 0x7D, 0x7D, 0x7E, 0x7E, 0x89, 0x8A, 0x88, 0x88, 0x88, 0x88, 0x88, 0x84, 
  0x7D, 0x7D, 0x7D, 0x7D, 0x7D, 0x7D, 0x7D, 0x7D, 0x7D, 0x7D, 0x7D, 0x7D, 0x7D, 0x7D, 0x7D, 0x7D, 
  0x7D, 0x7D, 0x7D, 0x7D, 0x7D, 0x7E, 0x87, 0x89, 0x89, 0x89, 0x88, 0x88, 0x88, 0x88, 0x7D, 0x7D, 
  0x7D, 0x7D, 0x7D, 0x7D, 0x7D, 0x7D, 0x7D, 0x7D, 0x7D, 0x7D, 0x7D, 0x7D, 0x7D, 0x7D, 0x7D, 0x7D, 
  0x7D, 0x7D, 0x7D, 0x7E, 0x7E, 0x89, 0x89, 0x89, 0x89, 0x88, 0x88, 0x88, 0x82, 0x7D, 0x7D, 0x7D, 
  0x7D, 0x7D, 0x7D, 0x7D, 0x7D, 0x7D, 0x7D, 0x7D, 0x7D, 0x7D, 0x7D, 0x7D, 0x7D, 0x7D, 0x7D, 0x7D, 
  0x7D, 0x7D, 0x7D, 0x89, 0x89, 0x89, 0x89, 0x88, 0x88, 0x88, 0x88, 0x7D, 0x7D, 0x7D, 0x7D, 0x7D, 
  0x7D, 0x7D, 0x7D, 0x7D, 0x7D, 0x7D, 0x7D, 0x7D, 0x7D, 0x7D, 0x7D, 0x7D, 0x7D, 0x7D, 0x7D, 0x7D, 
  0x7D, 0x7D, 0x89, 0x89, 0x89, 0x89, 0x88, 0x88, 0x88, 0x80, 0x7C, 0x7D, 0x7D, 0x7D, 0x7D, 0x7D, 
  0x7D, 0x7D, 0x7D, 0x7D, 0x7D, 0x7D, 0x7D, 0x7D, 0x7D, 0x7D, 0x7D, 0x7D, 0x7D, 0x7D, 0x7D, 0x7D, 
  0x8B, 0x89, 0x89, 0x89, 0x88, 0x88, 0x88, 0x88, 0x7D, 0x7C, 0x7D, 0x7D, 0x7D, 0x7D, 0x7D, 0x7D, 
  0x7D, 0x7D, 0x7D, 0x7D, 0x7D, 0x7D, 0x7D, 0x7D, 0x7D, 0x7D, 0x7D, 0x7D, 0x7D, 0x7D, 0x7D, 0x8A, 
  0x89, 0x89, 0x88, 0x88, 0x88, 0x88, 0x7E, 0x7C, 0x7D, 0x7D, 0x7D, 0x7D, 0x7D, 0x7D, 0x7D, 0x7D, 
  0x7D, 0x7D, 0x7D, 0x7D, 0x7D, 0x7D, 0x7D, 0x7D, 0x7D, 0x7D, 0x7D, 0x7D, 0x7D, 0x8A, 0x89, 0x89, 
  0x89, 0x88, 0x88, 0x88, 0x88, 0x7C, 0x7C, 0x7D, 0x7D, 0x7D, 0x7D, 0x7D, 0x7D, 0x7D, 0x7D, 0x7D, 
  0x7D, 0x7D, 0x7D, 0x7D, 0x7D, 0x7D, 0x7D, 0x7D, 0x7D, 0x7D, 0x7D, 0x7D, 0x89, 0x89, 0x89, 0x88, 
  0x88, 0x88, 0x88, 0x7C, 0x7C, 0x7D, 0x7D, 0x7D, 0x7D, 0x7D, 0x7D, 0x7D, 0x7D, 0x7D, 0x7D, 0x7D, 
  0x7D, 0x7D, 0x7D, 0x7D, 0x7D, 0x7D, 0x7D, 0x7D, 0x7D, 0x7D, 0x7D, 0x7D, 0x7D, 0x7D, 0x7D, 0x7D, 
  0x7D, 0x7D, 0x7E, 0x7E, 0x7E, 0x7E, 0x7E, 0x7E, 0x7E, 0x7E, 0x7E, 0x7E, 0x7E, 0x7E, 0x7E, 0x7E, 
  0x7E, 0x7E, 0x7E, 0x7E, 0x7E, 0x7E, 0x7E, 0x7E, 0x7E, 0x7E, 0x7E, 0x7E, 0x7E, 0x7E, 0x7E, 0x7E, 
  0x7E, 0x7F, 0x7F, 0x7F, 0x7F, 0x7F, 0x7F, 0x7F, 0x7F, 0x7F, 0x7F, 0x7F, 0x7F, 0x7F, 0x7F, 0x7F, 
  0x7F, 0x7F, 0x7F, 0x7F, 0x7F, 0x7F, 0x7F, 0x7F, 0x7F, 0x7F, 0x7F, 0x7F, 0x7F, 0x7F, 0x7F, 0x7F, 
  0x7F, 0x7F, 0x7F, 0x7F, 0x7F, 0x7F, 0x7F, 0x7F, 0x7F, 0x7F, 0x7F, 0x7F, 0x7F, 0x7F, 0x7F, 0x7F, 
  0x7F, 0x7F, 0x7F, 0x7F, 0x7F, 0x7F
};
const unsigned int os00_len = 4054;

// os01 - BEP2 (2638 bytes)
PROGMEM const uint8_t os01[] = {
  0x95, 0xD9, 0xEC, 0xF4, 0xF8, 0xF8, 0xF3, 0xE6, 0xD8, 0xC6, 0xBA, 0xB2, 0xA9, 0x9E, 0x94, 0x89, 
  0x82, 0x7B, 0x74, 0x71, 0x82, 0x94, 0xA1, 0xAA, 0xB7, 0xC1, 0xCE, 0xD3, 0xD7, 0xDB, 0xDE, 0xE2, 
  0xE4, 0xDF, 0xD4, 0xC7, 0xB7, 0xA8, 0x9D, 0x92, 0x8B, 0x82, 0x79, 0x6C, 0x65, 0x5F, 0x5A, 0x61, 
  0x75, 0x87, 0x98, 0xA3, 0xAD, 0xB7, 0xC0, 0xC7, 0xCB, 0xCE, 0xD1, 0xD4, 0xD0, 0xC2, 0xB7, 0xAC, 
  0xA0, 0x93, 0x87, 0x79, 0x72, 0x6B, 0x62, 0x5A, 0x51, 0x4B, 0x50, 0x60, 0x70, 0x86, 0x98, 0xA1, 
  0xA7, 0xAF, 0xB5, 0xBC, 0xC2, 0xC5, 0xC7, 0xC8, 0xBF, 0xAE, 0x9F, 0x94, 0x8A, 0x7F, 0x70, 0x66, 
  0x5D, 0x58, 0x52, 0x4B, 0x44, 0x47, 0x57, 0x64, 0x72, 0x82, 0x92, 0x9E, 0xA5, 0xAB, 0xB1, 0xB7, 
  0xBC, 0xC0, 0xC1, 0xBC, 0xAE, 0xA0, 0x8B, 0x7F, 0x77, 0x6F, 0x64, 0x5B, 0x51, 0x4A, 0x45, 0x3F, 
  0x3C, 0x4B, 0x5E, 0x6C, 0x76, 0x84, 0x90, 0x9F, 0xA5, 0xAA, 0xAE, 0xB3, 0xB7, 0xBA, 0xB5, 0xA9, 
  0x9D, 0x8D, 0x7D, 0x71, 0x67, 0x60, 0x58, 0x50, 0x45, 0x3F, 0x39, 0x35, 0x3B, 0x4E, 0x60, 0x72, 
  0x7E, 0x89, 0x94, 0x9D, 0xA6, 0xAB, 0xAE, 0xB2, 0xB5, 0xB2, 0xA3, 0x98, 0x8D, 0x80, 0x74, 0x68, 
  0x5B, 0x54, 0x4E, 0x47, 0x3F, 0x37, 0x32, 0x37, 0x46, 0x56, 0x6B, 0x7D, 0x88, 0x8F, 0x97, 0x9E, 
  0xA5, 0xAC, 0xB0, 0xB2, 0xB4, 0xAB, 0x9A, 0x89, 0x7F, 0x74, 0x6A, 0x5D, 0x53, 0x4A, 0x45, 0x40, 
  0x3A, 0x34, 0x36, 0x46, 0x53, 0x60, 0x6F, 0x7F, 0x8D, 0x95, 0x9B, 0xA1, 0xA8, 0xAD, 0xB2, 0xB3, 
  0xAE, 0xA0, 0x92, 0x7D, 0x71, 0x69, 0x62, 0x58, 0x4F, 0x46, 0x3F, 0x3A, 0x34, 0x31, 0x40, 0x52, 
  0x62, 0x6B, 0x79, 0x85, 0x95, 0x9C, 0xA1, 0xA5, 0xAA, 0xAE, 0xB2, 0xAD, 0xA1, 0x95, 0x86, 0x76, 
  0x6A, 0x60, 0x59, 0x51, 0x4A, 0x3F, 0x39, 0x33, 0x30, 0x35, 0x48, 0x59, 0x6C, 0x79, 0x83, 0x8E, 
  0x98, 0xA0, 0xA6, 0xA9, 0xAD, 0xB1, 0xAF, 0x9F, 0x93, 0x89, 0x7D, 0x71, 0x66, 0x58, 0x51, 0x4C, 
  0x44, 0x3D, 0x36, 0x2F, 0x35, 0x44, 0x53, 0x68, 0x79, 0x86, 0x8D, 0x95, 0x9C, 0xA3, 0xAB, 0xAF, 
  0xB1, 0xB3, 0xAB, 0x9B, 0x8A, 0x7E, 0x74, 0x6A, 0x5D, 0x53, 0x4A, 0x45, 0x40, 0x3A, 0x34, 0x35, 
  0x47, 0x54, 0x5F, 0x6F, 0x7E, 0x8C, 0x96, 0x9C, 0xA2, 0xA9, 0xAE, 0xB2, 0xB5, 0xAF, 0xA2, 0x94, 
  0x7F, 0x73, 0x6A, 0x63, 0x5A, 0x51, 0x48, 0x40, 0x3B, 0x36, 0x33, 0x40, 0x53, 0x63, 0x6D, 0x7B, 
  0x87, 0x96, 0x9E, 0xA4, 0xA8, 0xAC, 0xB1, 0xB4, 0xAF, 0xA4, 0x97, 0x8A, 0x7A, 0x6D, 0x63, 0x5C, 
  0x54, 0x4D, 0x42, 0x3B, 0x36, 0x32, 0x38, 0x49, 0x5B, 0x70, 0x7D, 0x86, 0x91, 0x9A, 0xA3, 0xA9, 
  0xAD, 0xB0, 0xB4, 0xB3, 0xA4, 0x97, 0x8C, 0x81, 0x75, 0x6A, 0x5B, 0x54, 0x4F, 0x48, 0x41, 0x3A, 
  0x33, 0x38, 0x47, 0x56, 0x6A, 0x7C, 0x8A, 0x92, 0x98, 0xA0, 0xA6, 0xAE, 0xB3, 0xB5, 0xB7, 0xAF, 
  0xA0, 0x8F, 0x81, 0x77, 0x6E, 0x62, 0x58, 0x4E, 0x48, 0x44, 0x3E, 0x38, 0x39, 0x4A, 0x58, 0x63, 
  0x72, 0x82, 0x8F, 0x9A, 0xA0, 0xA6, 0xAC, 0xB1, 0xB6, 0xB8, 0xB3, 0xA6, 0x98, 0x83, 0x77, 0x6E, 
  0x67, 0x5E, 0x55, 0x4D, 0x44, 0x3F, 0x3A, 0x36, 0x42, 0x56, 0x67, 0x71, 0x7F, 0x8B, 0x99, 0xA2, 
  0xA8, 0xAC, 0xAF, 0xB4, 0xB7, 0xB3, 0xA7, 0x9B, 0x8E, 0x7F, 0x72, 0x67, 0x5F, 0x58, 0x51, 0x47, 
  0x3F, 0x39, 0x35, 0x3B, 0x4C, 0x5E, 0x74, 0x81, 0x8A, 0x94, 0x9D, 0xA6, 0xAD, 0xB0, 0xB4, 0xB7, 
  0xB7, 0xA9, 0x9A, 0x90, 0x85, 0x79, 0x6E, 0x5F, 0x57, 0x52, 0x4C, 0x45, 0x3E, 0x37, 0x3C, 0x4A, 
  0x5A, 0x6D, 0x7E, 0x8E, 0x95, 0x9C, 0xA3, 0xA9, 0xB1, 0xB6, 0xB8, 0xBA, 0xB3, 0xA4, 0x94, 0x84, 
  0x7A, 0x72, 0x66, 0x5C, 0x52, 0x4B, 0x47, 0x41, 0x3B, 0x3C, 0x4D, 0x5C, 0x67, 0x75, 0x85, 0x91, 
  0x9D, 0xA3, 0xA9, 0xAF, 0xB4, 0xB8, 0xBB, 0xB6, 0xA9, 0x9C, 0x87, 0x7A, 0x71, 0x69, 0x61, 0x58, 
  0x50, 0x46, 0x41, 0x3C, 0x38, 0x44, 0x57, 0x69, 0x74, 0x82, 0x8D, 0x9B, 0xA4, 0xAA, 0xAF, 0xB2, 
  0xB7, 0xBA, 0xB6, 0xA9, 0x9E, 0x91, 0x83, 0x75, 0x6A, 0x62, 0x5B, 0x54, 0x4A, 0x42, 0x3C, 0x38, 
  0x3D, 0x4E, 0x5F, 0x76, 0x84, 0x8D, 0x96, 0x9F, 0xA8, 0xAF, 0xB3, 0xB6, 0xBA, 0xBA, 0xAC, 0x9C, 
  0x92, 0x88, 0x7B, 0x71, 0x62, 0x59, 0x54, 0x4E, 0x47, 0x40, 0x39, 0x3E, 0x4D, 0x5B, 0x6E, 0x7F, 
  0x8F, 0x98, 0x9E, 0xA5, 0xAB, 0xB3, 0xB8, 0xBA, 0xBC, 0xB6, 0xA7, 0x97, 0x86, 0x7C, 0x74, 0x69, 
  0x5F, 0x55, 0x4C, 0x49, 0x43, 0x3D, 0x3D, 0x4E, 0x5E, 0x69, 0x76, 0x86, 0x92, 0x9F, 0xA5, 0xAB, 
  0xB0, 0xB5, 0xBA, 0xBD, 0xB7, 0xAB, 0x9E, 0x8A, 0x7D, 0x73, 0x6B, 0x63, 0x5A, 0x52, 0x48, 0x43, 
  0x3E, 0x39, 0x44, 0x58, 0x69, 0x76, 0x84, 0x8F, 0x9C, 0xA6, 0xAC, 0xB0, 0xB3, 0xB8, 0xBB, 0xB7, 
  0xAA, 0x9F, 0x93, 0x85, 0x78, 0x6C, 0x63, 0x5C, 0x55, 0x4C, 0x44, 0x3D, 0x39, 0x3E, 0x4F, 0x60, 
  0x77, 0x86, 0x8F, 0x97, 0xA0, 0xA8, 0xAF, 0xB4, 0xB8, 0xBB, 0xBB, 0xAF, 0x9E, 0x93, 0x89, 0x7D, 
  0x73, 0x64, 0x5A, 0x55, 0x50, 0x49, 0x42, 0x3B, 0x3F, 0x4E, 0x5C, 0x6E, 0x7E, 0x8F, 0x99, 0x9F, 
  0xA6, 0xAC, 0xB4, 0xB9, 0xBC, 0xBD, 0xB7, 0xA9, 0x99, 0x88, 0x7D, 0x75, 0x6A, 0x60, 0x57, 0x4E, 
  0x49, 0x44, 0x3E, 0x3D, 0x4E, 0x5F, 0x6B, 0x77, 0x87, 0x92, 0xA0, 0xA6, 0xAC, 0xB0, 0xB6, 0xBA, 
  0xBD, 0xB8, 0xAC, 0x9F, 0x8C, 0x7E, 0x74, 0x6B, 0x64, 0x5B, 0x54, 0x49, 0x43, 0x3E, 0x3A, 0x43, 
  0x57, 0x69, 0x77, 0x84, 0x8F, 0x9C, 0xA6, 0xAC, 0xB1, 0xB4, 0xB8, 0xBC, 0xB8, 0xAB, 0xA0, 0x94, 
  0x87, 0x79, 0x6D, 0x63, 0x5D, 0x56, 0x4D, 0x45, 0x3D, 0x39, 0x3F, 0x4F, 0x60, 0x77, 0x87, 0x90, 
  0x97, 0xA0, 0xA8, 0xAF, 0xB5, 0xB8, 0xBB, 0xBC, 0xB1, 0xA0, 0x93, 0x89, 0x7E, 0x74, 0x65, 0x5B, 
  0x55, 0x50, 0x49, 0x43, 0x3C, 0x3F, 0x4F, 0x5C, 0x6D, 0x7D, 0x8E, 0x9A, 0xA0, 0xA6, 0xAC, 0xB4, 
  0xB9, 0xBC, 0xBD, 0xB8, 0xAA, 0x9B, 0x88, 0x7D, 0x75, 0x6C, 0x61, 0x58, 0x4F, 0x4A, 0x44, 0x3E, 
  0x3D, 0x4E, 0x5F, 0x6C, 0x77, 0x86, 0x92, 0xA0, 0xA7, 0xAC, 0xB1, 0xB6, 0xBA, 0xBD, 0xB9, 0xAC, 
  0xA0, 0x8E, 0x7F, 0x74, 0x6B, 0x64, 0x5C, 0x54, 0x49, 0x43, 0x3F, 0x3A, 0x42, 0x56, 0x68, 0x78, 
  0x84, 0x8F, 0x9C, 0xA5, 0xAD, 0xB1, 0xB4, 0xB8, 0xBC, 0xB8, 0xAB, 0xA0, 0x95, 0x88, 0x7A, 0x6E, 
  0x63, 0x5D, 0x56, 0x4D, 0x46, 0x3E, 0x39, 0x3F, 0x4F, 0x5F, 0x76, 0x88, 0x90, 0x97, 0xA0, 0xA8, 
  0xAF, 0xB5, 0xB9, 0xBB, 0xBC, 0xB2, 0xA1, 0x93, 0x89, 0x7E, 0x74, 0x65, 0x5C, 0x55, 0x50, 0x4A, 
  0x43, 0x3C, 0x3F, 0x50, 0x5D, 0x6C, 0x7D, 0x8D, 0x9A, 0xA0, 0xA6, 0xAC, 0xB4, 0xB9, 0xBC, 0xBE, 
  0xB8, 0xAA, 0x9C, 0x88, 0x7D, 0x75, 0x6C, 0x62, 0x59, 0x4F, 0x4A, 0x44, 0x3F, 0x3D, 0x4D, 0x5F, 
  0x6C, 0x77, 0x86, 0x92, 0xA0, 0xA7, 0xAC, 0xB1, 0xB5, 0xBA, 0xBD, 0xB9, 0xAD, 0xA0, 0x8F, 0x80, 
  0x74, 0x6B, 0x64, 0x5C, 0x55, 0x49, 0x43, 0x3F, 0x3A, 0x40, 0x55, 0x67, 0x78, 0x84, 0x8F, 0x9B, 
  0xA4, 0xAD, 0xB1, 0xB4, 0xB8, 0xBC, 0xB9, 0xAA, 0x9F, 0x95, 0x88, 0x7B, 0x6F, 0x63, 0x5D, 0x56, 
  0x4E, 0x47, 0x3F, 0x39, 0x3F, 0x4F, 0x5F, 0x75, 0x87, 0x91, 0x98, 0xA0, 0xA7, 0xAF, 0xB5, 0xB9, 
  0xBB, 0xBD, 0xB4, 0xA3, 0x93, 0x89, 0x7E, 0x74, 0x66, 0x5C, 0x54, 0x4F, 0x4A, 0x43, 0x3D, 0x3F, 
  0x50, 0x5D, 0x6B, 0x7C, 0x8C, 0x99, 0xA0, 0xA6, 0xAC, 0xB3, 0xB8, 0xBC, 0xBE, 0xB9, 0xAB, 0x9D, 
  0x88, 0x7D, 0x75, 0x6D, 0x62, 0x59, 0x50, 0x49, 0x44, 0x3F, 0x3C, 0x4D, 0x5E, 0x6D, 0x77, 0x86, 
  0x91, 0xA0, 0xA7, 0xAC, 0xB1, 0xB5, 0xBA, 0xBD, 0xB8, 0xAD, 0xA0, 0x90, 0x81, 0x75, 0x6B, 0x65, 
  0x5C, 0x55, 0x4A, 0x43, 0x3E, 0x3A, 0x40, 0x54, 0x66, 0x78, 0x84, 0x8F, 0x9A, 0xA4, 0xAC, 0xB1, 
  0xB4, 0xB8, 0xBC, 0xB9, 0xAA, 0x9F, 0x95, 0x88, 0x7C, 0x70, 0x63, 0x5C, 0x56, 0x4E, 0x47, 0x3F, 
  0x39, 0x3F, 0x4F, 0x5E, 0x74, 0x86, 0x91, 0x98, 0xA0, 0xA7, 0xAE, 0xB5, 0xB9, 0xBB, 0xBD, 0xB4, 
  0xA4, 0x93, 0x89, 0x7F, 0x75, 0x67, 0x5D, 0x54, 0x4F, 0x4A, 0x44, 0x3E, 0x3F, 0x50, 0x5E, 0x6A, 
  0x7B, 0x8A, 0x98, 0xA0, 0xA6, 0xAC, 0xB3, 0xB8, 0xBC, 0xBE, 0xB9, 0xAB, 0x9D, 0x89, 0x7D, 0x75, 
  0x6D, 0x63, 0x5A, 0x51, 0x49, 0x44, 0x3F, 0x3C, 0x4B, 0x5D, 0x6D, 0x77, 0x86, 0x91, 0xA0, 0xA7, 
  0xAC, 0xB1, 0xB5, 0xBA, 0xBD, 0xB8, 0xAD, 0xA0, 0x91, 0x82, 0x75, 0x6B, 0x65, 0x5D, 0x55, 0x4A, 
  0x43, 0x3E, 0x3A, 0x40, 0x53, 0x65, 0x78, 0x85, 0x8F, 0x9A, 0xA3, 0xAC, 0xB1, 0xB4, 0xB8, 0xBC, 
  0xBA, 0xAB, 0x9F, 0x95, 0x89, 0x7D, 0x71, 0x63, 0x5C, 0x56, 0x4F, 0x48, 0x40, 0x39, 0x3F, 0x4E, 
  0x5E, 0x73, 0x85, 0x92, 0x99, 0xA0, 0xA7, 0xAE, 0xB5, 0xB9, 0xBC, 0xBD, 0xB5, 0xA5, 0x95, 0x89, 
  0x7E, 0x75, 0x68, 0x5E, 0x55, 0x4F, 0x4A, 0x44, 0x3E, 0x3F, 0x50, 0x5E, 0x6A, 0x7A, 0x89, 0x97, 
  0xA0, 0xA6, 0xAC, 0xB3, 0xB8, 0xBC, 0xBE, 0xB9, 0xAC, 0x9E, 0x89, 0x7D, 0x74, 0x6D, 0x63, 0x5A, 
  0x52, 0x49, 0x44, 0x3F, 0x3B, 0x4A, 0x5D, 0x6D, 0x77, 0x85, 0x91, 0xA0, 0xA7, 0xAD, 0xB1, 0xB5, 
  0xB9, 0xBD, 0xB8, 0xAD, 0xA0, 0x92, 0x83, 0x76, 0x6C, 0x65, 0x5D, 0x56, 0x4B, 0x43, 0x3E, 0x3A, 
  0x40, 0x52, 0x64, 0x79, 0x86, 0x8F, 0x99, 0xA2, 0xAB, 0xB1, 0xB5, 0xB8, 0xBC, 0xBA, 0xAC, 0x9E, 
  0x94, 0x89, 0x7D, 0x72, 0x63, 0x5C, 0x56, 0x4F, 0x48, 0x41, 0x3A, 0x3F, 0x4E, 0x5E, 0x72, 0x83, 
  0x92, 0x99, 0x9F, 0xA7, 0xAD, 0xB5, 0xB9, 0xBC, 0xBD, 0xB6, 0xA7, 0x96, 0x89, 0x7E, 0x75, 0x68, 
  0x5E, 0x55, 0x4E, 0x4A, 0x44, 0x3E, 0x3F, 0x50, 0x5E, 0x6A, 0x79, 0x89, 0x96, 0xA0, 0xA6, 0xAC, 
  0xB2, 0xB7, 0xBC, 0xBE, 0xB9, 0xAC, 0x9E, 0x89, 0x7D, 0x74, 0x6C, 0x64, 0x5B, 0x52, 0x49, 0x44, 
  0x3F, 0x3B, 0x48, 0x5C, 0x6C, 0x77, 0x85, 0x90, 0x9F, 0xA7, 0xAD, 0xB1, 0xB5, 0xB9, 0xBC, 0xB8, 
  0xAC, 0xA0, 0x93, 0x84, 0x77, 0x6C, 0x64, 0x5D, 0x56, 0x4B, 0x43, 0x3E, 0x3A, 0x40, 0x51, 0x63, 
  0x79, 0x86, 0x8F, 0x99, 0xA2, 0xAA, 0xB1, 0xB5, 0xB8, 0xBC, 0xBB, 0xAD, 0x9E, 0x94, 0x89, 0x7D, 
  0x73, 0x64, 0x5B, 0x56, 0x50, 0x49, 0x41, 0x3A, 0x3F, 0x4E, 0x5D, 0x71, 0x82, 0x91, 0x9A, 0xA0, 
  0xA7, 0xAD, 0xB5, 0xB9, 0xBC, 0xBD, 0xB7, 0xA8, 0x97, 0x88, 0x7E, 0x75, 0x69, 0x5F, 0x56, 0x4E, 
  0x4A, 0x44, 0x3E, 0x3F, 0x50, 0x5F, 0x6A, 0x78, 0x88, 0x95, 0xA1, 0xA6, 0xAC, 0xB2, 0xB7, 0xBB, 
  0xBE, 0xB9, 0xAC, 0x9F, 0x8A, 0x7D, 0x74, 0x6C, 0x64, 0x5B, 0x53, 0x49, 0x44, 0x3F, 0x3B, 0x46, 
  0x5B, 0x6B, 0x77, 0x85, 0x90, 0x9E, 0xA7, 0xAD, 0xB1, 0xB5, 0xB9, 0xBC, 0xB8, 0xAC, 0xA1, 0x94, 
  0x85, 0x78, 0x6C, 0x64, 0x5D, 0x56, 0x4C, 0x44, 0x3E, 0x3A, 0x3F, 0x50, 0x62, 0x78, 0x87, 0x8F, 
  0x98, 0xA1, 0xAA, 0xB1, 0xB5, 0xB8, 0xBB, 0xBB, 0xAE, 0x9E, 0x94, 0x8A, 0x7D, 0x73, 0x64, 0x5B, 
  0x56, 0x50, 0x49, 0x42, 0x3B, 0x3F, 0x4F, 0x5D, 0x70, 0x81, 0x90, 0x9A, 0xA0, 0xA6, 0xAD, 0xB5, 
  0xB9, 0xBC, 0xBD, 0xB7, 0xA9, 0x99, 0x88, 0x7E, 0x75, 0x6A, 0x60, 0x56, 0x4E, 0x4A, 0x44, 0x3E, 
  0x3F, 0x50, 0x5F, 0x6B, 0x78, 0x88, 0x94, 0xA1, 0xA6, 0xAC, 0xB1, 0xB7, 0xBB, 0xBE, 0xB9, 0xAC, 
  0x9F, 0x8B, 0x7E, 0x74, 0x6C, 0x64, 0x5B, 0x53, 0x49, 0x44, 0x3F, 0x3B, 0x45, 0x59, 0x6B, 0x77, 
  0x85, 0x90, 0x9D, 0xA7, 0xAD, 0xB1, 0xB4, 0xB9, 0xBC, 0xB8, 0xAB, 0xA1, 0x94, 0x86, 0x79, 0x6D, 
  0x64, 0x5D, 0x56, 0x4C, 0x45, 0x3D, 0x3A, 0x3F, 0x50, 0x61, 0x78, 0x87, 0x90, 0x98, 0xA1, 0xA9, 
  0xB0, 0xB5, 0xB8, 0xBB, 0xBC, 0xB0, 0x9F, 0x93, 0x8A, 0x7E, 0x74, 0x64, 0x5B, 0x55, 0x50, 0x49, 
  0x43, 0x3B, 0x3F, 0x4F, 0x5D, 0x6F, 0x7F, 0x8F, 0x9A, 0xA0, 0xA6, 0xAD, 0xB5, 0xB9, 0xBC, 0xBE, 
  0xB8, 0xA9, 0x9A, 0x88, 0x7E, 0x75, 0x6B, 0x60, 0x57, 0x4E, 0x4A, 0x44, 0x3E, 0x3E, 0x4F, 0x5F, 
  0x6B, 0x77, 0x87, 0x93, 0xA1, 0xA7, 0xAC, 0xB1, 0xB6, 0xBB, 0xBE, 0xB9, 0xAC, 0xA0, 0x8D, 0x7E, 
  0x74, 0x6C, 0x64, 0x5C, 0x54, 0x49, 0x44, 0x3F, 0x3A, 0x43, 0x58, 0x6A, 0x77, 0x84, 0x90, 0x9D, 
  0xA6, 0xAD, 0xB1, 0xB4, 0xB9, 0xBC, 0xB8, 0xAB, 0xA0, 0x95, 0x87, 0x7A, 0x6D, 0x64, 0x5D, 0x56, 
  0x4D, 0x45, 0x3D, 0x39, 0x3F, 0x50, 0x60, 0x77, 0x88, 0x90, 0x98, 0xA1, 0xA8, 0xB0, 0xB5, 0xB8, 
  0xBB, 0xBC, 0xB1, 0xA0, 0x93, 0x8A, 0x7E, 0x74, 0x65, 0x5B, 0x55, 0x50, 0x49, 0x43, 0x3C, 0x3F, 
  0x4F, 0x5D, 0x6E, 0x7E, 0x8E, 0x9A, 0xA0, 0xA6, 0xAC, 0xB4, 0xB9, 0xBC, 0xBE, 0xB8, 0xAA, 0x9B, 
  0x88, 0x7E, 0x75, 0x6C, 0x61, 0x58, 0x4F, 0x4A, 0x44, 0x3F, 0x3E, 0x4F, 0x5F, 0x6C, 0x77, 0x87, 
  0x92, 0xA1, 0xA7, 0xAC, 0xB1, 0xB6, 0xBA, 0xBE, 0xB9, 0xAD, 0xA0, 0x8E, 0x7E, 0x74, 0x6C, 0x64, 
  0x5C, 0x54, 0x49, 0x43, 0x3F, 0x3A, 0x42, 0x57, 0x69, 0x78, 0x84, 0x8F, 0x9C, 0xA5, 0xAD, 0xB1, 
  0xB4, 0xB9, 0xBC, 0xB8, 0xAB, 0xA0, 0x95, 0x88, 0x7A, 0x6E, 0x64, 0x5D, 0x56, 0x4D, 0x46, 0x3E, 
  0x39, 0x3F, 0x4F, 0x5F, 0x76, 0x88, 0x91, 0x97, 0xA0, 0xA8, 0xAF, 0xB5, 0xB9, 0xBB, 0xBC, 0xB2, 
  0xA1, 0x92, 0x89, 0x7E, 0x74, 0x65, 0x5C, 0x55, 0x50, 0x4A, 0x43, 0x3D, 0x3F, 0x4F, 0x5D, 0x6C, 
  0x7D, 0x8D, 0x9A, 0xA0, 0xA6, 0xAC, 0xB4, 0xB9, 0xBC, 0xBE, 0xB8, 0xAA, 0x9C, 0x88, 0x7D, 0x75, 
  0x6C, 0x62, 0x58, 0x4F, 0x4A, 0x44, 0x3F, 0x3D, 0x4E, 0x5F, 0x6C, 0x77, 0x86, 0x92, 0xA1, 0xA7, 
  0xAC, 0xB1, 0xB5, 0xBA, 0xBD, 0xB8, 0xAD, 0xA0, 0x8F, 0x80, 0x74, 0x6B, 0x64, 0x5C, 0x55, 0x49, 
  0x43, 0x3F, 0x3A, 0x41, 0x55, 0x68, 0x78, 0x84, 0x8F, 0x9B, 0xA5, 0xAD, 0xB1, 0xB4, 0xB8, 0xBC, 
  0xB9, 0xAA, 0x9F, 0x95, 0x88, 0x7B, 0x6F, 0x63, 0x5D, 0x56, 0x4E, 0x47, 0x3F, 0x39, 0x3F, 0x4F, 
  0x5F, 0x75, 0x87, 0x91, 0x98, 0xA0, 0xA7, 0xAF, 0xB5, 0xB9, 0xBB, 0xBD, 0xB3, 0xA2, 0x92, 0x89, 
  0x7E, 0x74, 0x66, 0x5C, 0x54, 0x4F, 0x4A, 0x43, 0x3D, 0x3F, 0x50, 0x5D, 0x6B, 0x7C, 0x8C, 0x99, 
  0xA0, 0xA6, 0xAC, 0xB3, 0xB8, 0xBC, 0xBE, 0xB9, 0xAB, 0x9D, 0x88, 0x7D, 0x75, 0x6D, 0x62, 0x59, 
  0x50, 0x4A, 0x44, 0x3F, 0x3C, 0x4D, 0x5E, 0x6D, 0x77, 0x86, 0x92, 0xA1, 0xA7, 0xAC, 0xB1, 0xB5, 
  0xBA, 0xBD, 0xB8, 0xAD, 0xA0, 0x90, 0x81, 0x74, 0x6B, 0x65, 0x5C, 0x55, 0x4A, 0x43, 0x3E, 0x3A, 
  0x40, 0x54, 0x67, 0x78, 0x85, 0x8F, 0x9B, 0xA4, 0xAC, 0xB2, 0xB4, 0xB8, 0xBC, 0xB9, 0xAA, 0x9F, 
  0x96, 0x88, 0x7C, 0x70, 0x63, 0x5C, 0x56, 0x4E, 0x47, 0x3F, 0x39, 0x3F, 0x4F, 0x5E, 0x75, 0x86, 
  0x92, 0x98, 0xA0, 0xA7, 0xAE, 0xB5, 0xB9, 0xBB, 0xBD, 0xB4, 0xA4, 0x93, 0x89, 0x7E, 0x75, 0x67, 
  0x5D, 0x54, 0x4F, 0x4A, 0x44, 0x3E, 0x3F, 0x50, 0x5E, 0x6A, 0x7B, 0x8B, 0x98, 0xA0, 0xA6, 0xAC, 
  0xB3, 0xB8, 0xBC, 0xBE, 0xB9, 0xAB, 0x9D, 0x88, 0x7D, 0x75, 0x6D, 0x63, 0x59, 0x51, 0x49, 0x44, 
  0x3F, 0x3C, 0x4C, 0x5E, 0x6C, 0x77, 0x86, 0x91, 0xA0, 0xA7, 0xAC, 0xB1, 0xB5, 0xBA, 0xBD, 0xB8, 
  0xAD, 0xA0, 0x91, 0x82, 0x75, 0x6C, 0x65, 0x5D, 0x55, 0x4A, 0x43, 0x3E, 0x3A, 0x40, 0x53, 0x65, 
  0x78, 0x85, 0x8F, 0x9A, 0xA3, 0xAC, 0xB2, 0xB4, 0xB8, 0xBC, 0xBA, 0xAB, 0x9E, 0x95, 0x89, 0x7C, 
  0x71, 0x63, 0x5C, 0x56, 0x4F, 0x48, 0x40, 0x39, 0x3F, 0x4E, 0x5E, 0x74, 0x85, 0x92, 0x99, 0xA0, 
  0xA7, 0xAE, 0xB5, 0xB9, 0xBC, 0xBD, 0xB5, 0xA5, 0x95, 0x89, 0x7E, 0x75, 0x67, 0x5E, 0x55, 0x4F, 
  0x4A, 0x44, 0x3E, 0x3F, 0x50, 0x5E, 0x6A, 0x7A, 0x8A, 0x97, 0xA0, 0xA6, 0xAC, 0xB3, 0xB8, 0xBC, 
  0xBE, 0xB9, 0xAC, 0x9E, 0x89, 0x7D, 0x75, 0x6D, 0x63, 0x5A, 0x51, 0x49, 0x44, 0x3F, 0x3B, 0x4A, 
  0x5D, 0x6C, 0x77, 0x85, 0x91, 0xA0, 0xA7, 0xAC, 0xB1, 0xB5, 0xB9, 0xBD, 0xB8, 0xAC, 0xA0, 0x92, 
  0x83, 0x75, 0x6C, 0x65, 0x5D, 0x56, 0x4B, 0x43, 0x3E, 0x3A, 0x40, 0x51, 0x64, 0x79, 0x86, 0x8F, 
  0x99, 0xA2, 0xAB, 0xB2, 0xB5, 0xB8, 0xBC, 0xBA, 0xAC, 0x9E, 0x94, 0x89, 0x7D, 0x72, 0x63, 0x5C, 
  0x56, 0x4F, 0x48, 0x41, 0x3A, 0x3F, 0x4E, 0x5E, 0x73, 0x84, 0x92, 0x99, 0xA0, 0xA7, 0xAD, 0xB5, 
  0xB9, 0xBC, 0xBD, 0xB6, 0xA6, 0x96, 0x89, 0x7E, 0x75, 0x68, 0x5E, 0x55, 0x4E, 0x4A, 0x44, 0x3E, 
  0x3F, 0x50, 0x5E, 0x6A, 0x79, 0x89, 0x96, 0xA0, 0xA6, 0xAC, 0xB2, 0xB7, 0xBC, 0xBE, 0xB9, 0xAC, 
  0x9E, 0x89, 0x7D, 0x74, 0x6C, 0x64, 0x5A, 0x52, 0x49, 0x44, 0x3F, 0x3B, 0x48, 0x5D, 0x6C, 0x77, 
  0x85, 0x90, 0x9F, 0xA7, 0xAD, 0xB1, 0xB5, 0xB9, 0xBD, 0xB8, 0xAC, 0xA1, 0x93, 0x84, 0x76, 0x6C, 
  0x64, 0x5D, 0x56, 0x4B, 0x43, 0x3E, 0x3A, 0x40, 0x51, 0x63, 0x79, 0x86, 0x8F, 0x99, 0xA2, 0xAA, 
  0xB2, 0xB5, 0xB8, 0xBB, 0xBB, 0xAD, 0x9E, 0x94, 0x89, 0x7D, 0x73, 0x64, 0x5B, 0x56, 0x50, 0x48, 
  0x41, 0x3A, 0x3F, 0x4E, 0x5E, 0x71, 0x82, 0x91, 0x9A, 0xA0, 0xA7, 0xAD, 0xB5, 0xB9, 0xBC, 0xBD, 
  0xB6, 0xA7, 0x97, 0x88, 0x7E, 0x75, 0x69, 0x5F, 0x56, 0x4E, 0x4A, 0x44, 0x3E, 0x3F, 0x50, 0x5F, 
  0x6B, 0x78, 0x88, 0x95, 0xA1, 0xA6, 0xAC, 0xB2, 0xB7, 0xBB, 0xBE, 0xB9, 0xAC, 0x9F, 0x8A, 0x7D, 
  0x74, 0x6C, 0x64, 0x5B, 0x53, 0x49, 0x44, 0x3F, 0x3B, 0x47, 0x5B, 0x6B, 0x77, 0x85, 0x90, 0x9E, 
  0xA8, 0xAD, 0xB1, 0xB5, 0xB9, 0xBC, 0xB8, 0xAC, 0xA1, 0x93, 0x85, 0x78, 0x6C, 0x64, 0x5D, 0x56, 
  0x4C, 0x44, 0x3D, 0x3A, 0x3F, 0x50, 0x62, 0x78, 0x87, 0x8F, 0x98, 0xA1, 0xAA, 0xB1, 0xB5, 0xB8, 
  0xBB, 0xBB, 0xAE, 0x9E, 0x93, 0x8A, 0x7D, 0x74, 0x64, 0x5B, 0x56, 0x50, 0x49, 0x42, 0x3B, 0x3F, 
  0x4F, 0x5D, 0x70, 0x81, 0x90, 0x9A, 0xA0, 0xA7, 0xAD, 0xB5, 0xB9, 0xBC, 0xBE, 0xB7, 0xA8, 0x99, 
  0x88, 0x7E, 0x75, 0x6A, 0x60, 0x56, 0x4E, 0x4A, 0x44, 0x3E, 0x3F, 0x50, 0x5F, 0x6B, 0x78, 0x88, 
  0x94, 0xA1, 0xA6, 0xAC, 0xB1, 0xB7, 0xBB, 0xBE, 0xB9, 0xAC, 0x9F, 0x8B, 0x7D, 0x74, 0x6C, 0x64, 
  0x5B, 0x53, 0x49, 0x44, 0x3F, 0x3B, 0x45, 0x5A, 0x6B, 0x77, 0x84, 0x8F, 0x9C, 0xA4, 0xA8, 0xAB, 
  0xAD, 0xB0, 0xB1, 0xAD, 0xA2, 0x99, 0x8F, 0x85, 0x7B, 0x72, 0x6D, 0x69, 0x65, 0x60, 0x5C, 0x59, 
  0x58, 0x5D, 0x67, 0x70, 0x7C, 0x83, 0x87, 0x8A, 0x8D, 0x90, 0x92, 0x93, 0x93, 0x93, 0x92, 0x8D, 
  0x88, 0x84, 0x82, 0x7F, 0x7D, 0x7B, 0x7A, 0x7A, 0x7A, 0x7A, 0x7B, 0x7C, 0x7D, 0x7E
};
const unsigned int os01_len = 2638;

// os02 - BLP1 (1799 bytes)
PROGMEM const uint8_t os02[] = {
  0x8F, 0x80, 0x7E, 0xAD, 0xE7, 0x89, 0x85, 0x7F, 0xC9, 0xF8, 0xF1, 0xC0, 0x80, 0x7F, 0x80, 0xEC, 
  0x80, 0xF3, 0xBB, 0x7F, 0x80, 0x80, 0x7F, 0x7F, 0xAD, 0xF2, 0x7D, 0x97, 0xD9, 0x80, 0x7F, 0x80, 
  0x7F, 0x7F, 0x7F, 0xC7, 0xE8, 0x80, 0x84, 0xEB, 0xCD, 0x96, 0x80, 0x7F, 0x80, 0x80, 0x80, 0xC2, 
  0xCE, 0x7F, 0x80, 0x8F, 0xC3, 0xDA, 0xE4, 0xE1, 0xC7, 0x7F, 0x80, 0x7F, 0xDD, 0xCD, 0x8E, 0x80, 
  0x80, 0x7F, 0x7F, 0x80, 0x80, 0xD3, 0xC7, 0x80, 0x7F, 0x80, 0x80, 0x80, 0x9E, 0xBF, 0xD7, 0xD0, 
  0x82, 0x7F, 0x80, 0x81, 0xB6, 0xCD, 0xD6, 0xD6, 0xC7, 0x9E, 0x7F, 0x7F, 0x80, 0xAA, 0xCE, 0xD5, 
  0xCC, 0xBB, 0x9A, 0x7F, 0x80, 0x80, 0x80, 0xA7, 0xCD, 0xCF, 0xBF, 0xA3, 0x7F, 0x80, 0x7F, 0x7F, 
  0x80, 0x8B, 0xC2, 0xCD, 0xC0, 0xA4, 0x7F, 0x80, 0x7F, 0x7F, 0x7F, 0x80, 0xA8, 0xC6, 0xC7, 0xB7, 
  0x95, 0x80, 0x80, 0x7F, 0x7F, 0x80, 0x7F, 0xAB, 0xC2, 0xC3, 0xB6, 0x99, 0x80, 0x7F, 0x7F, 0x7F, 
  0x7F, 0x80, 0xA1, 0xBB, 0xC1, 0xBA, 0xA8, 0x87, 0x80, 0x7F, 0x7F, 0x80, 0x80, 0x88, 0xAE, 0xBC, 
  0xBD, 0xB5, 0xA1, 0x82, 0x7F, 0x80, 0x7F, 0x7F, 0x80, 0x91, 0xAE, 0xB9, 0xBA, 0xB4, 0xA1, 0x82, 
  0x7F, 0x80, 0x7F, 0x7F, 0x80, 0x8B, 0xA6, 0xB3, 0xB7, 0xB4, 0xA4, 0x86, 0x80, 0x80, 0x7F, 0x7F, 
  0x7F, 0x7F, 0x98, 0xAB, 0xB3, 0xB3, 0xA8, 0x8F, 0x80, 0x80, 0x7F, 0x7F, 0x7F, 0x7F, 0x84, 0x9E, 
  0xAC, 0xB1, 0xAC, 0x9A, 0x80, 0x7F, 0x7F, 0x80, 0x80, 0x7F, 0x80, 0x8B, 0xA2, 0xAC, 0xAD, 0xA5, 
  0x92, 0x7F, 0x80, 0x7F, 0x7F, 0x7F, 0x7F, 0x7F, 0x91, 0xA3, 0xAA, 0xAA, 0xA1, 0x90, 0x7F, 0x80, 
  0x80, 0x7F, 0x7F, 0x7F, 0x7F, 0x91, 0xA1, 0xA7, 0xA7, 0xA0, 0x91, 0x7F, 0x80, 0x80, 0x7F, 0x7F, 
  0x7F, 0x7F, 0x8D, 0x9C, 0xA4, 0xA5, 0x9F, 0x91, 0x80, 0x80, 0x80, 0x80, 0x7F, 0x7F, 0x80, 0x88, 
  0x98, 0xA1, 0xA3, 0x9E, 0x92, 0x81, 0x80, 0x80, 0x7F, 0x7F, 0x7F, 0x80, 0x83, 0x93, 0x9D, 0xA0, 
  0x9D, 0x94, 0x86, 0x7F, 0x7F, 0x7F, 0x7F, 0x7F, 0x7F, 0x80, 0x8E, 0x99, 0x9E, 0x9D, 0x96, 0x8B, 
  0x7F, 0x80, 0x80, 0x7F, 0x7F, 0x7F, 0x80, 0x88, 0x94, 0x9A, 0x9C, 0x98, 0x8F, 0x81, 0x7F, 0x7F, 
  0x7F, 0x7F, 0x7F, 0x7F, 0x82, 0x8E, 0x96, 0x9A, 0x98, 0x91, 0x86, 0x80, 0x7F, 0x7F, 0x80, 0x7F, 
  0x7F, 0x7F, 0x88, 0x92, 0x97, 0x97, 0x93, 0x8B, 0x80, 0x80, 0x80, 0x80, 0x7F, 0x7F, 0x80, 0x82, 
  0x8D, 0x94, 0x96, 0x94, 0x8E, 0x85, 0x80, 0x80, 0x7F, 0x7F, 0x7F, 0x7F, 0x7F, 0x87, 0x90, 0x94, 
  0x94, 0x90, 0x89, 0x80, 0x7F, 0x7F, 0x7F, 0x7F, 0x7F, 0x7F, 0x82, 0x8B, 0x91, 0x93, 0x91, 0x8C, 
  0x84, 0x80, 0x80, 0x7F, 0x7F, 0x7F, 0x7F, 0x80, 0x86, 0x8D, 0x91, 0x91, 0x8E, 0x88, 0x80, 0x80, 
  0x80, 0x7F, 0x7F, 0x7F, 0x7F, 0x81, 0x88, 0x8E, 0x90, 0x8F, 0x8B, 0x84, 0x80, 0x7F, 0x80, 0x80, 
  0x7F, 0x7F, 0x80, 0x84, 0x8A, 0x8E, 0x8F, 0x8D, 0x88, 0x81, 0x80, 0x7F, 0x80, 0x80, 0x7F, 0x7F, 
  0x80, 0x86, 0x8B, 0x8E, 0x8D, 0x8A, 0x84, 0x7F, 0x80, 0x80, 0x7F, 0x7F, 0x7F, 0x80, 0x82, 0x88, 
  0x8C, 0x8D, 0x8B, 0x87, 0x82, 0x7F, 0x7F, 0x80, 0x7F, 0x7F, 0x7F, 0x80, 0x84, 0x89, 0x8B, 0x8B, 
  0x89, 0x85, 0x80, 0x7F, 0x7F, 0x80, 0x7F, 0x7F, 0x7F, 0x81, 0x86, 0x89, 0x8B, 0x8A, 0x87, 0x82, 
  0x80, 0x7F, 0x7F, 0x7F, 0x7F, 0x7F, 0x80, 0x83, 0x87, 0x89, 0x8A, 0x88, 0x85, 0x80, 0x80, 0x80, 
  0x7F, 0x7F, 0x7F, 0x7F, 0x80, 0x84, 0x87, 0x89, 0x89, 0x86, 0x83, 0x7F, 0x80, 0x80, 0x7F, 0x7F, 
  0x7F, 0x80, 0x81, 0x85, 0x88, 0x88, 0x87, 0x85, 0x81, 0x7F, 0x80, 0x80, 0x7F, 0x7F, 0x7F, 0x80, 
  0x83, 0x86, 0x87, 0x87, 0x86, 0x83, 0x80, 0x7F, 0x7F, 0x80, 0x7F, 0x7F, 0x7F, 0x80, 0x84, 0x86, 
  0x87, 0x86, 0x84, 0x81, 0x80, 0x7F, 0x7F, 0x80, 0x7F, 0x80, 0x80, 0x81, 0x84, 0x86, 0x86, 0x85, 
  0x83, 0x80, 0x80, 0x7F, 0x7F, 0x7F, 0x7F, 0x7F, 0x80, 0x82, 0x85, 0x86, 0x86, 0x84, 0x82, 0x7F, 
  0x80, 0x7F, 0x7F, 0x7F, 0x7F, 0x80, 0x81, 0x83, 0x85, 0x85, 0x85, 0x83, 0x81, 0x7F, 0x80, 0x7F, 
  0x7F, 0x7F, 0x80, 0x7F, 0x81, 0x84, 0x85, 0x85, 0x84, 0x82, 0x80, 0x7F, 0x7F, 0x80, 0x7F, 0x7F, 
  0x7F, 0x80, 0x82, 0x84, 0x84, 0x84, 0x83, 0x81, 0x80, 0x7F, 0x7F, 0x7F, 0x7F, 0x7F, 0x80, 0x81, 
  0x83, 0x84, 0x84, 0x83, 0x82, 0x80, 0x80, 0x7F, 0x7F, 0x7F, 0x7F, 0x7F, 0x80, 0x81, 0x83, 0x84, 
  0x84, 0x83, 0x81, 0x80, 0x80, 0x7F, 0x80, 0x7F, 0x7F, 0x7F, 0x80, 0x82, 0x83, 0x83, 0x83, 0x82, 
  0x80, 0x80, 0x80, 0x7F, 0x7F, 0x7F, 0x7F, 0x7F, 0x81, 0x82, 0x83, 0x83, 0x82, 0x81, 0x80, 0x7F, 
  0x7F, 0x7F, 0x7F, 0x7F, 0x7F, 0x80, 0x81, 0x82, 0x83, 0x83, 0x82, 0x81, 0x7F, 0x80, 0x7F, 0x7F, 
  0x7F, 0x7F, 0x80, 0x80, 0x81, 0x82, 0x83, 0x82, 0x81, 0x80, 0x7F, 0x80, 0x7F, 0x7F, 0x7F, 0x80, 
  0x80, 0x81, 0x82, 0x82, 0x82, 0x82, 0x81, 0x80, 0x7F, 0x80, 0x80, 0x80, 0x80, 0x80, 0x80, 0x81, 
  0x82, 0x82, 0x82, 0x81, 0x80, 0x80, 0x7F, 0x7F, 0x7F, 0x7F, 0x80, 0x80, 0x80, 0x81, 0x82, 0x82, 
  0x81, 0x81, 0x80, 0x80, 0x7F, 0x7F, 0x7F, 0x7F, 0x80, 0x80, 0x80, 0x81, 0x82, 0x82, 0x81, 0x80, 
  0x7F, 0x80, 0x7F, 0x7F, 0x7F, 0x7F, 0x80, 0x80, 0x81, 0x81, 0x81, 0x81, 0x81, 0x80, 0x80, 0x80, 
  0x7F, 0x7F, 0x7F, 0x7F, 0x7F, 0x80, 0x81, 0x81, 0x81, 0x81, 0x80, 0x80, 0x7F, 0x7F, 0x7F, 0x7F, 
  0x7F, 0x7F, 0x80, 0x80, 0x81, 0x81, 0x81, 0x81, 0x80, 0x7F, 0x7F, 0x7F, 0x7F, 0x7F, 0x7F, 0x80, 
  0x80, 0x80, 0x81, 0x81, 0x81, 0x80, 0x80, 0x7F, 0x7F, 0x7F, 0x7F, 0x80, 0x80, 0x80, 0x80, 0x81, 
  0x81, 0x81, 0x81, 0x80, 0x80, 0x80, 0x7F, 0x7F, 0x7F, 0x80, 0x7F, 0x80, 0x80, 0x81, 0x81, 0x81, 
  0x80, 0x80, 0x80, 0x7F, 0x7F, 0x7F, 0x80, 0x80, 0x80, 0x80, 0x80, 0x81, 0x81, 0x80, 0x80, 0x80, 
  0x80, 0x7F, 0x7F, 0x7F, 0x7F, 0x80, 0x80, 0x80, 0x80, 0x81, 0x81, 0x80, 0x80, 0x7F, 0x80, 0x7F, 
  0x7F, 0x7F, 0x7F, 0x80, 0x80, 0x80, 0x80, 0x80, 0x80, 0x80, 0x80, 0x80, 0x80, 0x7F, 0x7F, 0x7F, 
  0x7F, 0x7F, 0x80, 0x80, 0x80, 0x80, 0x80, 0x80, 0x80, 0x7F, 0x80, 0x7F, 0x7F, 0x7F, 0x7F, 0x80, 
  0x80, 0x80, 0x80, 0x80, 0x80, 0x80, 0x80, 0x7F, 0x80, 0x7F, 0x7F, 0x7F, 0x80, 0x80, 0x80, 0x80, 
  0x80, 0x80, 0x80, 0x80, 0x7F, 0x7F, 0x7F, 0x7F, 0x7F, 0x80, 0x80, 0x80, 0x80, 0x80, 0x80, 0x80, 
  0x80, 0x80, 0x7F, 0x7F, 0x7F, 0x80, 0x80, 0x80, 0x80, 0x80, 0x80, 0x80, 0x80, 0x80, 0x80, 0x80, 
  0x80, 0x7F, 0x7F, 0x7F, 0x80, 0x7F, 0x80, 0x80, 0x80, 0x80, 0x80, 0x80, 0x80, 0x80, 0x7F, 0x80, 
  0x7F, 0x7F, 0x80, 0x80, 0x80, 0x80, 0x80, 0x80, 0x80, 0x80, 0x7F, 0x7F, 0x7F, 0x7F, 0x7F, 0x7F, 
  0x80, 0x80, 0x80, 0x80, 0x80, 0x80, 0x80, 0x80, 0x7F, 0x7F, 0x7F, 0x7F, 0x7F, 0x7F, 0x7F, 0x80, 
  0x80, 0x80, 0x80, 0x80, 0x80, 0x80, 0x7F, 0x7F, 0x7F, 0x7F, 0x7F, 0x7F, 0x80, 0x80, 0x80, 0x80, 
  0x80, 0x80, 0x80, 0x80, 0x7F, 0x7F, 0x7F, 0x7F, 0x7F, 0x80, 0x80, 0x80, 0x80, 0x80, 0x80, 0x80, 
  0x80, 0x7F, 0x7F, 0x7F, 0x7F, 0x80, 0x80, 0x80, 0x80, 0x80, 0x80, 0x80, 0x80, 0x80, 0x7F, 0x7F, 
  0x7F, 0x7F, 0x80, 0x80, 0x80, 0x80, 0x80, 0x80, 0x80, 0x80, 0x80, 0x80, 0x80, 0x7F, 0x80, 0x7F, 
  0x80, 0x80, 0x7F, 0x80, 0x80, 0x80, 0x80, 0x80, 0x80, 0x80, 0x80, 0x7F, 0x7F, 0x80, 0x80, 0x80, 
  0x80, 0x80, 0x80, 0x80, 0x80, 0x80, 0x80, 0x7F, 0x7F, 0x7F, 0x80, 0x7F, 0x7F, 0x7F, 0x80, 0x80, 
  0x80, 0x80, 0x80, 0x80, 0x80, 0x7F, 0x7F, 0x7F, 0x7F, 0x7F, 0x7F, 0x80, 0x80, 0x80, 0x80, 0x80, 
  0x80, 0x80, 0x80, 0x7F, 0x7F, 0x7F, 0x7F, 0x7F, 0x7F, 0x80, 0x80, 0x80, 0x80, 0x80, 0x80, 0x80, 
  0x80, 0x7F, 0x7F, 0x7F, 0x7F, 0x7F, 0x80, 0x80, 0x80, 0x80, 0x80, 0x80, 0x80, 0x80, 0x80, 0x7F, 
  0x7F, 0x80, 0x80, 0x80, 0x80, 0x80, 0x80, 0x80, 0x80, 0x80, 0x80, 0x7F, 0x7F, 0x7F, 0x80, 0x80, 
  0x80, 0x80, 0x80, 0x80, 0x80, 0x80, 0x80, 0x80, 0x80, 0x7F, 0x7F, 0x7F, 0x80, 0x80, 0x80, 0x7F, 
  0x80, 0x80, 0x80, 0x80, 0x80, 0x80, 0x80, 0x7F, 0x7F, 0x7F, 0x7F, 0x80, 0x80, 0x80, 0x80, 0x80, 
  0x80, 0x80, 0x80, 0x80, 0x7F, 0x7F, 0x7F, 0x7F, 0x7F, 0x7F, 0x7F, 0x80, 0x80, 0x80, 0x80, 0x80, 
  0x80, 0x80, 0x7F, 0x7F, 0x7F, 0x7F, 0x7F, 0x7F, 0x7F, 0x80, 0x80, 0x80, 0x80, 0x80, 0x80, 0x80, 
  0x7F, 0x7F, 0x7F, 0x7F, 0x7F, 0x7F, 0x80, 0x80, 0x80, 0x80, 0x80, 0x80, 0x80, 0x80, 0x7F, 0x7F, 
  0x7F, 0x7F, 0x7F, 0x7F, 0x80, 0x80, 0x80, 0x80, 0x80, 0x80, 0x80, 0x80, 0x7F, 0x7F, 0x80, 0x80, 
  0x80, 0x80, 0x80, 0x80, 0x80, 0x80, 0x80, 0x80, 0x7F, 0x7F, 0x7F, 0x80, 0x80, 0x80, 0x80, 0x80, 
  0x80, 0x80, 0x80, 0x80, 0x80, 0x80, 0x7F, 0x80, 0x7F, 0x80, 0x80, 0x80, 0x80, 0x80, 0x80, 0x80, 
  0x80, 0x80, 0x80, 0x80, 0x7F, 0x7F, 0x7F, 0x80, 0x80, 0x80, 0x80, 0x80, 0x80, 0x80, 0x80, 0x80, 
  0x80, 0x7F, 0x7F, 0x7F, 0x7F, 0x7F, 0x7F, 0x7F, 0x80, 0x80, 0x80, 0x80, 0x80, 0x80, 0x80, 0x7F, 
  0x7F, 0x7F, 0x7F, 0x7F, 0x7F, 0x7F, 0x80, 0x80, 0x80, 0x80, 0x80, 0x80, 0x80, 0x7F, 0x7F, 0x7F, 
  0x7F, 0x7F, 0x7F, 0x80, 0x80, 0x80, 0x80, 0x80, 0x80, 0x80, 0x7F, 0x7F, 0x7F, 0x80, 0x7F, 0x7F, 
  0x7F, 0x80, 0x80, 0x80, 0x80, 0x80, 0x80, 0x80, 0x7F, 0x7F, 0x7F, 0x80, 0x80, 0x80, 0x80, 0x80, 
  0x80, 0x80, 0x80, 0x80, 0x80, 0x7F, 0x7F, 0x7F, 0x80, 0x80, 0x80, 0x80, 0x80, 0x80, 0x80, 0x80, 
  0x80, 0x80, 0x80, 0x7F, 0x7F, 0x80, 0x80, 0x80, 0x80, 0x7F, 0x80, 0x80, 0x80, 0x80, 0x80, 0x80, 
  0x80, 0x7F, 0x7F, 0x7F, 0x80, 0x80, 0x80, 0x80, 0x80, 0x80, 0x80, 0x80, 0x80, 0x80, 0x7F, 0x7F, 
  0x7F, 0x7F, 0x7F, 0x7F, 0x7F, 0x80, 0x80, 0x80, 0x80, 0x80, 0x80, 0x80, 0x7F, 0x7F, 0x7F, 0x7F, 
  0x7F, 0x7F, 0x7F, 0x80, 0x80, 0x80, 0x80, 0x80, 0x80, 0x7F, 0x7F, 0x7F, 0x7F, 0x7F, 0x7F, 0x7F, 
  0x80, 0x80, 0x80, 0x80, 0x80, 0x80, 0x80, 0x7F, 0x7F, 0x7F, 0x7F, 0x7F, 0x7F, 0x7F, 0x80, 0x80, 
  0x80, 0x80, 0x80, 0x80, 0x80, 0x80, 0x7F, 0x80, 0x80, 0x80, 0x80, 0x80, 0x80, 0x80, 0x80, 0x80, 
  0x80, 0x80, 0x7F, 0x7F, 0x7F, 0x80, 0x80, 0x80, 0x80, 0x80, 0x80, 0x80, 0x80, 0x80, 0x80, 0x80, 
  0x80, 0x7F, 0x80, 0x80, 0x80, 0x80, 0x7F, 0x80, 0x80, 0x80, 0x80, 0x80, 0x80, 0x80, 0x7F, 0x80, 
  0x80, 0x80, 0x80, 0x80, 0x80, 0x80, 0x80, 0x80, 0x80, 0x80, 0x80, 0x7F, 0x7F, 0x7F, 0x7F, 0x7F, 
  0x7F, 0x7F, 0x80, 0x80, 0x80, 0x80, 0x80, 0x80, 0x80, 0x7F, 0x7F, 0x7F, 0x7F, 0x7F, 0x7F, 0x80, 
  0x80, 0x80, 0x80, 0x80, 0x80, 0x80, 0x7F, 0x7F, 0x7F, 0x7F, 0x7F, 0x7F, 0x7F, 0x80, 0x80, 0x80, 
  0x80, 0x80, 0x80, 0x80, 0x7F, 0x7F, 0x7F, 0x7F, 0x7F, 0x7F, 0x7F, 0x80, 0x80, 0x80, 0x80, 0x80, 
  0x80, 0x80, 0x7F, 0x7F, 0x80, 0x80, 0x80, 0x80, 0x80, 0x80, 0x80, 0x80, 0x80, 0x80, 0x80, 0x7F, 
  0x80, 0x80, 0x80, 0x80, 0x80, 0x80, 0x80, 0x80, 0x80, 0x80, 0x80, 0x80, 0x80, 0x7F, 0x80, 0x80, 
  0x80, 0x80, 0x80, 0x80, 0x80, 0x80, 0x80, 0x80, 0x80, 0x80, 0x80, 0x7F, 0x80, 0x80, 0x80, 0x80, 
  0x80, 0x80, 0x80, 0x80, 0x80, 0x80, 0x80, 0x80, 0x7F, 0x7F, 0x7F, 0x7F, 0x7F, 0x7F, 0x7F, 0x80, 
  0x80, 0x80, 0x80, 0x80, 0x80, 0x80, 0x7F, 0x7F, 0x7F, 0x7F, 0x7F, 0x7F, 0x80, 0x80, 0x80, 0x80, 
  0x80, 0x80, 0x80, 0x7F, 0x7F, 0x7F, 0x7F, 0x7F, 0x7F, 0x7F, 0x80, 0x80, 0x80, 0x80, 0x80, 0x80, 
  0x80, 0x7F, 0x7F, 0x7F, 0x7F, 0x7F, 0x7F, 0x7F, 0x80, 0x80, 0x80, 0x80, 0x80, 0x80, 0x80, 0x7F, 
  0x80, 0x80, 0x80, 0x80, 0x80, 0x80, 0x80, 0x80, 0x80, 0x80, 0x80, 0x80, 0x7F, 0x80, 0x80, 0x80, 
  0x80, 0x80, 0x80, 0x80, 0x80, 0x80, 0x80, 0x80, 0x80, 0x80, 0x80, 0x80, 0x80, 0x80, 0x80, 0x80, 
  0x80, 0x80, 0x80, 0x80, 0x80, 0x80, 0x80, 0x7F, 0x80, 0x80, 0x80, 0x80, 0x80, 0x80, 0x80, 0x80, 
  0x80, 0x80, 0x80, 0x80, 0x80, 0x80, 0x7F, 0x7F, 0x7F, 0x7F, 0x7F, 0x7F, 0x80, 0x80, 0x80, 0x80, 
  0x80, 0x80, 0x80, 0x7F, 0x7F, 0x7F, 0x7F, 0x7F, 0x7F, 0x80, 0x80, 0x80, 0x80, 0x80, 0x80, 0x80, 
  0x80, 0x80, 0x80, 0x80, 0x80, 0x80, 0x80, 0x80, 0x80, 0x80, 0x80, 0x80, 0x80, 0x80, 0x80, 0x80, 
  0x80, 0x80, 0x80, 0x80, 0x80, 0x80, 0x80, 0x80, 0x80, 0x80, 0x80, 0x80, 0x80, 0x80, 0x80, 0x80, 
  0x80, 0x80, 0x80, 0x80, 0x80, 0x80, 0x80
};
const unsigned int os02_len = 1799;

// os03 - BLP2 (988 bytes)
PROGMEM const uint8_t os03[] = {
  0x61, 0x3C, 0x4D, 0xE9, 0xAD, 0x23, 0x4D, 0x6B, 0x83, 0x3D, 0x31, 0x3A, 0xD2, 0x5C, 0x2A, 0xB7, 
  0xAD, 0x72, 0x7C, 0x85, 0x60, 0x3B, 0x32, 0x2E, 0x98, 0x5B, 0x54, 0xB4, 0xB4, 0x94, 0x3C, 0x9B, 
  0x5E, 0x3D, 0x45, 0x42, 0x8F, 0x3E, 0x5C, 0xE1, 0xBC, 0x99, 0x44, 0x8F, 0xA0, 0x5D, 0x4A, 0x52, 
  0xBB, 0x7D, 0x63, 0xB2, 0xB5, 0xAF, 0x66, 0x76, 0x98, 0x5B, 0x5F, 0x61, 0x7B, 0x8D, 0x78, 0x7A, 
  0xC3, 0xA7, 0x68, 0xA3, 0x91, 0x40, 0x5B, 0x6E, 0x66, 0x85, 0x6E, 0x84, 0xE5, 0xAE, 0x4C, 0x80, 
  0x9F, 0x62, 0x55, 0x60, 0x8B, 0x98, 0x70, 0x7B, 0xBC, 0xB8, 0x7B, 0x8F, 0x9E, 0x73, 0x56, 0x5C, 
  0x81, 0xA4, 0x75, 0x62, 0xB9, 0xA3, 0x74, 0xB0, 0x88, 0x60, 0x5E, 0x64, 0x58, 0x98, 0x63, 0x6F, 
  0xF8, 0xB6, 0x5A, 0x7B, 0x98, 0x71, 0x5C, 0x54, 0x66, 0xC6, 0x7A, 0x5F, 0xAF, 0xAB, 0x98, 0x75, 
  0xB6, 0x8B, 0x5E, 0x5E, 0x6A, 0xB4, 0x7A, 0x6A, 0x9B, 0x98, 0xA3, 0x75, 0x97, 0x8A, 0x56, 0x61, 
  0x5D, 0x8F, 0x61, 0x71, 0xCC, 0xAB, 0x86, 0x64, 0x8A, 0xA8, 0x69, 0x57, 0x6E, 0x9C, 0x8C, 0x6F, 
  0x9B, 0xC6, 0xA4, 0x6A, 0x93, 0x9E, 0x6C, 0x5F, 0x68, 0x85, 0x9C, 0x7E, 0x6C, 0xB1, 0xA3, 0x73, 
  0x9E, 0x99, 0x59, 0x63, 0x63, 0x7E, 0x7D, 0x73, 0x87, 0xB7, 0x9D, 0x58, 0x81, 0x98, 0x74, 0x66, 
  0x66, 0x7B, 0x8A, 0x72, 0x84, 0xC8, 0xA9, 0x58, 0x85, 0x8A, 0x83, 0x6C, 0x66, 0x69, 0x96, 0x7A, 
  0x6D, 0xC1, 0x9D, 0x6E, 0x9C, 0x92, 0x53, 0x68, 0x73, 0x67, 0x96, 0x6D, 0x75, 0xD3, 0xA7, 0x6F, 
  0x72, 0x9F, 0x72, 0x63, 0x67, 0x79, 0xA5, 0x73, 0x6E, 0xAD, 0xA4, 0x8E, 0x84, 0x98, 0x87, 0x5F, 
  0x67, 0x70, 0x9F, 0x78, 0x69, 0xA9, 0x8E, 0x85, 0x9A, 0x84, 0x7D, 0x62, 0x66, 0x6A, 0x8A, 0x6A, 
  0x74, 0xC9, 0xB0, 0x7A, 0x6C, 0x8E, 0x87, 0x68, 0x5A, 0x70, 0xA4, 0x87, 0x70, 0x8C, 0xA7, 0xA0, 
  0x73, 0xAB, 0x93, 0x66, 0x64, 0x69, 0x9F, 0x83, 0x75, 0x84, 0x99, 0xA3, 0x70, 0x92, 0x90, 0x5D, 
  0x67, 0x66, 0x87, 0x7B, 0x7E, 0xA3, 0xB2, 0x98, 0x5D, 0x8C, 0x9F, 0x75, 0x68, 0x73, 0x82, 0x98, 
  0x7A, 0x78, 0xB1, 0x9B, 0x6C, 0x8A, 0x92, 0x73, 0x6E, 0x6D, 0x72, 0x9B, 0x7D, 0x6C, 0xA3, 0x96, 
  0x81, 0x87, 0x96, 0x68, 0x69, 0x6C, 0x70, 0x86, 0x70, 0x7A, 0xB3, 0x95, 0x6F, 0x76, 0x8F, 0x80, 
  0x6D, 0x6A, 0x72, 0x96, 0x71, 0x73, 0xBB, 0x9F, 0x72, 0x7F, 0x7C, 0x8D, 0x71, 0x68, 0x6A, 0xA0, 
  0x81, 0x6A, 0x96, 0x93, 0x8C, 0x8E, 0x8D, 0x77, 0x68, 0x6D, 0x6B, 0x81, 0x72, 0x79, 0xA2, 0xA3, 
  0x8D, 0x63, 0x8E, 0x7A, 0x6B, 0x6B, 0x6D, 0x91, 0x74, 0x75, 0x9F, 0x9D, 0x98, 0x6E, 0x8A, 0x92, 
  0x70, 0x69, 0x6E, 0x9B, 0x86, 0x74, 0x81, 0x94, 0x9C, 0x7C, 0x8A, 0x88, 0x60, 0x6F, 0x74, 0x72, 
  0x81, 0x7B, 0x83, 0xB5, 0x96, 0x67, 0x8C, 0x8E, 0x63, 0x69, 0x75, 0x79, 0x93, 0x77, 0x78, 0xB0, 
  0x9B, 0x75, 0x83, 0x9A, 0x7E, 0x73, 0x75, 0x87, 0x94, 0x7C, 0x76, 0x94, 0x94, 0x85, 0x87, 0x8B, 
  0x79, 0x6D, 0x71, 0x78, 0x8B, 0x77, 0x77, 0xA7, 0x8E, 0x73, 0x8E, 0x86, 0x7E, 0x72, 0x70, 0x72, 
  0x94, 0x74, 0x73, 0xB3, 0x9A, 0x74, 0x77, 0x89, 0x82, 0x73, 0x6B, 0x72, 0x9E, 0x83, 0x73, 0x88, 
  0x91, 0x90, 0x7A, 0x99, 0x83, 0x6D, 0x70, 0x6F, 0x8C, 0x78, 0x78, 0x91, 0x8E, 0x8D, 0x6F, 0x88, 
  0x87, 0x71, 0x72, 0x70, 0x86, 0x73, 0x79, 0x9E, 0x99, 0x87, 0x68, 0x7E, 0x92, 0x77, 0x6C, 0x74, 
  0x89, 0x8E, 0x7A, 0x79, 0x97, 0x90, 0x78, 0x8B, 0x89, 0x6D, 0x72, 0x74, 0x75, 0x87, 0x7B, 0x78, 
  0xA0, 0x8F, 0x73, 0x83, 0x89, 0x6A, 0x70, 0x72, 0x7A, 0x7E, 0x76, 0x84, 0xA3, 0x92, 0x71, 0x7D, 
  0x8E, 0x82, 0x71, 0x73, 0x7F, 0x90, 0x79, 0x76, 0x9C, 0x94, 0x79, 0x87, 0x7A, 0x7B, 0x73, 0x72, 
  0x6E, 0x8C, 0x7B, 0x74, 0x9B, 0x8E, 0x83, 0x8A, 0x88, 0x77, 0x75, 0x77, 0x76, 0x88, 0x75, 0x7A, 
  0x9D, 0x91, 0x81, 0x72, 0x8B, 0x7D, 0x76, 0x75, 0x77, 0x90, 0x7C, 0x77, 0x8F, 0x8C, 0x8C, 0x7B, 
  0x87, 0x87, 0x73, 0x74, 0x76, 0x8D, 0x7E, 0x79, 0x87, 0x86, 0x8B, 0x81, 0x85, 0x86, 0x70, 0x76, 
  0x7A, 0x7D, 0x7C, 0x7D, 0x8F, 0x9F, 0x89, 0x6E, 0x82, 0x86, 0x75, 0x72, 0x7A, 0x83, 0x89, 0x7C, 
  0x7A, 0x90, 0x8C, 0x7C, 0x89, 0x8C, 0x78, 0x74, 0x77, 0x86, 0x86, 0x7D, 0x7B, 0x8C, 0x8B, 0x7D, 
  0x85, 0x86, 0x76, 0x75, 0x75, 0x7B, 0x7F, 0x79, 0x80, 0x9A, 0x89, 0x6E, 0x84, 0x85, 0x7E, 0x76, 
  0x76, 0x7A, 0x92, 0x7C, 0x75, 0x98, 0x8D, 0x78, 0x80, 0x85, 0x7F, 0x78, 0x73, 0x74, 0x8E, 0x7E, 
  0x77, 0x8A, 0x88, 0x85, 0x7B, 0x88, 0x79, 0x74, 0x76, 0x76, 0x83, 0x77, 0x7B, 0x91, 0x87, 0x80, 
  0x76, 0x82, 0x82, 0x78, 0x76, 0x78, 0x8A, 0x7E, 0x7D, 0x93, 0x8B, 0x82, 0x7A, 0x7D, 0x87, 0x7B, 
  0x78, 0x7A, 0x85, 0x84, 0x7C, 0x7F, 0x89, 0x87, 0x7E, 0x86, 0x82, 0x75, 0x79, 0x7C, 0x7C, 0x7F, 
  0x7D, 0x83, 0x92, 0x87, 0x75, 0x82, 0x81, 0x77, 0x77, 0x7A, 0x81, 0x7E, 0x7C, 0x84, 0x8E, 0x8A, 
  0x79, 0x81, 0x85, 0x7D, 0x79, 0x7A, 0x83, 0x84, 0x7D, 0x7C, 0x87, 0x88, 0x7D, 0x84, 0x81, 0x78, 
  0x79, 0x7A, 0x7A, 0x83, 0x7D, 0x7D, 0x90, 0x86, 0x7A, 0x84, 0x84, 0x79, 0x79, 0x7B, 0x7B, 0x87, 
  0x7C, 0x7C, 0x90, 0x88, 0x7C, 0x7D, 0x87, 0x7F, 0x79, 0x79, 0x7C, 0x8C, 0x7F, 0x79, 0x87, 0x85, 
  0x85, 0x80, 0x87, 0x7F, 0x77, 0x79, 0x7A, 0x85, 0x7C, 0x7B, 0x8B, 0x85, 0x80, 0x7E, 0x82, 0x81, 
  0x7A, 0x7A, 0x7B, 0x82, 0x7B, 0x7D, 0x8D, 0x88, 0x7E, 0x7A, 0x7F, 0x84, 0x7B, 0x78, 0x7B, 0x86, 
  0x82, 0x7C, 0x80, 0x86, 0x84, 0x7D, 0x84, 0x83, 0x7A, 0x7B, 0x7B, 0x80, 0x80, 0x7E, 0x7F, 0x88, 
  0x85, 0x7A, 0x83, 0x81, 0x78, 0x7A, 0x7A, 0x80, 0x7D, 0x7D, 0x84, 0x8A, 0x85, 0x76, 0x80, 0x85, 
  0x7E, 0x7A, 0x7B, 0x82, 0x83, 0x7D, 0x80, 0x8A, 0x85, 0x7C, 0x80, 0x81, 0x7C, 0x7B, 0x7C, 0x7C, 
  0x84, 0x7F, 0x7C, 0x89, 0x84, 0x7E, 0x83, 0x82, 0x78, 0x7B, 0x7C, 0x7A, 0x82, 0x7B, 0x7D, 0x8C, 
  0x85, 0x7C, 0x7B, 0x84, 0x7F, 0x7E, 0x7D, 0x7F, 0x85, 0x7E, 0x7E, 0x86, 0x85, 0x81, 0x7F, 0x83, 
  0x82, 0x7C, 0x7D, 0x7E, 0x85, 0x7F, 0x7D, 0x85, 0x82, 0x81, 0x83, 0x80, 0x7F, 0x7B, 0x7C, 0x7C, 
  0x80, 0x7D, 0x7E, 0x89, 0x83, 0x7F, 0x7E, 0x81, 0x7F, 0x7D, 0x7C, 0x7E, 0x82, 0x80, 0x7E, 0x81, 
  0x83, 0x82, 0x7E, 0x82, 0x81, 0x7D, 0x7D, 0x7E, 0x82, 0x80, 0x7F, 0x80, 0x81, 0x82, 0x7F, 0x81, 
  0x81, 0x7D, 0x7E, 0x7D, 0x80, 0x7F, 0x7F, 0x81, 0x83, 0x81, 0x7D, 0x81, 0x81, 0x7E, 0x7D, 0x7E, 
  0x7F, 0x81, 0x7F, 0x80, 0x84, 0x82, 0x7E, 0x80, 0x81, 0x7F, 0x7E, 0x7F, 0x7F, 0x82, 0x80, 0x7E, 
  0x81, 0x81, 0x80, 0x80, 0x81, 0x7E, 0x7E, 0x7F, 0x7F, 0x80, 0x7F, 0x7F, 0x80, 0x7F, 0x7F, 0x7F, 
  0x80, 0x7F, 0x7F, 0x7F, 0x7F, 0x80, 0x7F, 0x7F, 0x80, 0x80, 0x7F, 0x7F
};
const unsigned int os03_len = 988;

// os04 - BLOP (1323 bytes)
PROGMEM const uint8_t os04[] = {
  0x93, 0xC7, 0xD2, 0xD4, 0xD7, 0xDB, 0xDE, 0xDF, 0xE1, 0xE4, 0xE6, 0xE8, 0xE9, 0xE8, 0xE3, 0xDF, 
  0xDC, 0xDB, 0xD6, 0xD1, 0xCE, 0xCD, 0xCA, 0xC6, 0xC2, 0xBF, 0xB9, 0xAE, 0xA2, 0x96, 0x94, 0x8A, 
  0x7F, 0x8B, 0xA0, 0xA7, 0xBC, 0xC8, 0xCF, 0xD3, 0xD9, 0xDE, 0xE3, 0xE5, 0xE8, 0xEC, 0xEF, 0xF2, 
  0xF2, 0xF4, 0xF7, 0xF8, 0xF8, 0xF7, 0xF1, 0xE6, 0xDB, 0xD5, 0xCD, 0xC1, 0xB6, 0xB0, 0xAA, 0xA1, 
  0x98, 0x8E, 0x8D, 0x87, 0x7E, 0x78, 0x72, 0x71, 0x67, 0x53, 0x4A, 0x46, 0x49, 0x55, 0x61, 0x68, 
  0x6F, 0x81, 0x92, 0xA4, 0xAF, 0xBF, 0xCC, 0xD1, 0xD4, 0xD4, 0xD6, 0xDA, 0xDB, 0xDB, 0xDB, 0xD5, 
  0xC9, 0xC1, 0xBC, 0xB3, 0xA8, 0x9E, 0x9B, 0x95, 0x8C, 0x85, 0x7D, 0x7D, 0x76, 0x6B, 0x5A, 0x49, 
  0x39, 0x2E, 0x2A, 0x2E, 0x32, 0x3D, 0x4A, 0x55, 0x58, 0x5E, 0x6C, 0x74, 0x7B, 0x7B, 0x82, 0x8D, 
  0x9C, 0xAB, 0xB7, 0xC3, 0xC9, 0xCB, 0xCC, 0xCD, 0xC7, 0xBC, 0xB7, 0xB1, 0xA7, 0x9D, 0x92, 0x92, 
  0x8A, 0x82, 0x7B, 0x74, 0x69, 0x56, 0x44, 0x36, 0x31, 0x2D, 0x28, 0x25, 0x28, 0x2B, 0x38, 0x44, 
  0x4F, 0x4F, 0x58, 0x65, 0x6E, 0x73, 0x74, 0x7C, 0x81, 0x86, 0x8A, 0x96, 0xA5, 0xB4, 0xBF, 0xC4, 
  0xC6, 0xC1, 0xB5, 0xB4, 0xAB, 0xA0, 0x97, 0x8E, 0x8D, 0x85, 0x7D, 0x71, 0x63, 0x54, 0x42, 0x35, 
  0x31, 0x2F, 0x2A, 0x26, 0x22, 0x24, 0x28, 0x37, 0x41, 0x4B, 0x4C, 0x56, 0x62, 0x6B, 0x6F, 0x72, 
  0x79, 0x7E, 0x82, 0x84, 0x8A, 0x96, 0xA5, 0xB1, 0xBD, 0xC3, 0xBE, 0xB4, 0xB3, 0xA8, 0x9E, 0x95, 
  0x8F, 0x8B, 0x83, 0x78, 0x6A, 0x5D, 0x4C, 0x3C, 0x33, 0x32, 0x2F, 0x2A, 0x25, 0x22, 0x23, 0x28, 
  0x36, 0x40, 0x48, 0x4B, 0x56, 0x62, 0x69, 0x6C, 0x71, 0x78, 0x7E, 0x80, 0x83, 0x88, 0x92, 0xA1, 
  0xAC, 0xBA, 0xC2, 0xBE, 0xB6, 0xB3, 0xA8, 0x9E, 0x96, 0x92, 0x8B, 0x83, 0x78, 0x6D, 0x5E, 0x4D, 
  0x3D, 0x34, 0x33, 0x2F, 0x2A, 0x26, 0x23, 0x23, 0x28, 0x36, 0x40, 0x45, 0x4C, 0x56, 0x62, 0x66, 
  0x6B, 0x72, 0x79, 0x7F, 0x7F, 0x84, 0x89, 0x93, 0xA2, 0xAD, 0xBB, 0xC3, 0xBF, 0xBA, 0xB3, 0xA8, 
  0x9F, 0x9A, 0x95, 0x8C, 0x84, 0x7B, 0x74, 0x64, 0x51, 0x41, 0x36, 0x35, 0x30, 0x2B, 0x27, 0x25, 
  0x24, 0x2A, 0x37, 0x3F, 0x44, 0x4D, 0x57, 0x63, 0x65, 0x6C, 0x74, 0x7A, 0x80, 0x80, 0x85, 0x8B, 
  0x97, 0xA5, 0xB2, 0xBF, 0xC4, 0xC1, 0xBE, 0xB4, 0xAA, 0xA1, 0x9E, 0x97, 0x8D, 0x86, 0x7F, 0x7B, 
  0x6B, 0x59, 0x48, 0x3B, 0x37, 0x31, 0x2D, 0x29, 0x28, 0x25, 0x2A, 0x38, 0x3D, 0x44, 0x4F, 0x58, 
  0x64, 0x65, 0x6E, 0x76, 0x7B, 0x80, 0x81, 0x87, 0x8F, 0x9C, 0xA9, 0xB7, 0xC2, 0xC6, 0xC4, 0xC0, 
  0xB6, 0xAC, 0xA2, 0xA2, 0x99, 0x8E, 0x88, 0x82, 0x80, 0x72, 0x60, 0x51, 0x43, 0x38, 0x33, 0x2E, 
  0x2C, 0x29, 0x26, 0x2B, 0x39, 0x3B, 0x45, 0x50, 0x5A, 0x64, 0x66, 0x6F, 0x77, 0x7C, 0x7F, 0x83, 
  0x89, 0x93, 0xA0, 0xAD, 0xBC, 0xC5, 0xC7, 0xC6, 0xC3, 0xB7, 0xAD, 0xA5, 0xA4, 0x9A, 0x90, 0x89, 
  0x86, 0x82, 0x78, 0x68, 0x5A, 0x4C, 0x3C, 0x35, 0x2F, 0x2F, 0x2B, 0x27, 0x2D, 0x39, 0x3B, 0x47, 
  0x52, 0x5B, 0x62, 0x68, 0x71, 0x78, 0x7D, 0x7F, 0x84, 0x8B, 0x97, 0xA4, 0xB2, 0xC0, 0xC7, 0xC9, 
  0xC8, 0xC4, 0xB8, 0xAF, 0xA9, 0xA6, 0x9B, 0x92, 0x8C, 0x89, 0x83, 0x7B, 0x6E, 0x62, 0x53, 0x41, 
  0x36, 0x31, 0x31, 0x2C, 0x28, 0x2D, 0x37, 0x3C, 0x48, 0x53, 0x5B, 0x60, 0x69, 0x72, 0x79, 0x7C, 
  0x80, 0x86, 0x8D, 0x9B, 0xA7, 0xB6, 0xC3, 0xC8, 0xC9, 0xCA, 0xC5, 0xBA, 0xB2, 0xAD, 0xA7, 0x9C, 
  0x93, 0x90, 0x8B, 0x84, 0x7D, 0x73, 0x69, 0x59, 0x47, 0x39, 0x33, 0x32, 0x2D, 0x29, 0x2E, 0x34, 
  0x3D, 0x49, 0x53, 0x59, 0x5E, 0x6A, 0x73, 0x7A, 0x7B, 0x80, 0x87, 0x8F, 0x9D, 0xAA, 0xB9, 0xC5, 
  0xC9, 0xCA, 0xCB, 0xC6, 0xBB, 0xB5, 0xB0, 0xA7, 0x9E, 0x94, 0x93, 0x8C, 0x84, 0x7E, 0x77, 0x6E, 
  0x5D, 0x4B, 0x3C, 0x35, 0x33, 0x2E, 0x2A, 0x2E, 0x31, 0x3E, 0x49, 0x54, 0x56, 0x5E, 0x6B, 0x73, 
  0x7A, 0x7B, 0x81, 0x87, 0x91, 0x9E, 0xAC, 0xBB, 0xC6, 0xC9, 0xCA, 0xCB, 0xC6, 0xBC, 0xB8, 0xB2, 
  0xA8, 0x9E, 0x95, 0x95, 0x8D, 0x85, 0x7F, 0x7A, 0x72, 0x61, 0x50, 0x40, 0x38, 0x33, 0x2E, 0x2A, 
  0x2D, 0x30, 0x3F, 0x4A, 0x54, 0x55, 0x5F, 0x6C, 0x74, 0x79, 0x7B, 0x82, 0x88, 0x91, 0x9E, 0xAD, 
  0xBC, 0xC6, 0xC8, 0xCA, 0xCC, 0xC7, 0xBC, 0xBB, 0xB2, 0xA8, 0x9F, 0x98, 0x96, 0x8D, 0x86, 0x80, 
  0x7D, 0x75, 0x64, 0x53, 0x45, 0x3A, 0x34, 0x2F, 0x2B, 0x2C, 0x30, 0x3F, 0x4A, 0x53, 0x55, 0x60, 
  0x6C, 0x74, 0x77, 0x7C, 0x83, 0x88, 0x90, 0x9E, 0xAE, 0xBD, 0xC7, 0xC8, 0xCA, 0xCC, 0xC7, 0xBE, 
  0xBC, 0xB2, 0xA8, 0x9F, 0x9B, 0x96, 0x8E, 0x87, 0x82, 0x7F, 0x76, 0x67, 0x56, 0x49, 0x3B, 0x34, 
  0x2F, 0x2B, 0x2C, 0x31, 0x3F, 0x4B, 0x51, 0x55, 0x60, 0x6C, 0x72, 0x76, 0x7C, 0x83, 0x89, 0x8F, 
  0x9E, 0xAF, 0xBD, 0xC7, 0xC8, 0xCB, 0xCD, 0xC8, 0xC1, 0xBD, 0xB2, 0xA9, 0xA1, 0x9D, 0x96, 0x8E, 
  0x87, 0x84, 0x80, 0x77, 0x69, 0x58, 0x4C, 0x3D, 0x34, 0x2F, 0x2D, 0x2C, 0x31, 0x3F, 0x49, 0x4E, 
  0x55, 0x60, 0x6D, 0x70, 0x75, 0x7C, 0x83, 0x89, 0x8E, 0x9E, 0xAF, 0xBD, 0xC6, 0xC8, 0xCB, 0xCD, 
  0xC9, 0xC4, 0xBD, 0xB2, 0xA9, 0xA5, 0x9F, 0x96, 0x8E, 0x87, 0x86, 0x80, 0x78, 0x6B, 0x5B, 0x4E, 
  0x3E, 0x34, 0x30, 0x2E, 0x2C, 0x31, 0x3F, 0x46, 0x4C, 0x56, 0x60, 0x6D, 0x6E, 0x75, 0x7D, 0x83, 
  0x88, 0x8D, 0x9E, 0xAE, 0xBD, 0xC5, 0xC8, 0xCB, 0xCD, 0xCA, 0xC7, 0xBD, 0xB3, 0xA9, 0xA8, 0xA0, 
  0x95, 0x8E, 0x87, 0x87, 0x80, 0x78, 0x6D, 0x5E, 0x50, 0x3F, 0x35, 0x31, 0x2F, 0x2C, 0x31, 0x3F, 
  0x42, 0x4B, 0x56, 0x60, 0x6C, 0x6C, 0x75, 0x7D, 0x83, 0x87, 0x8D, 0x9D, 0xAD, 0xBB, 0xC4, 0xC8, 
  0xCB, 0xCD, 0xCB, 0xC8, 0xBD, 0xB3, 0xAA, 0xAA, 0xA0, 0x95, 0x8F, 0x8A, 0x87, 0x80, 0x79, 0x6F, 
  0x61, 0x51, 0x40, 0x35, 0x33, 0x30, 0x2C, 0x31, 0x3E, 0x40, 0x4B, 0x57, 0x60, 0x69, 0x6C, 0x76, 
  0x7D, 0x82, 0x85, 0x8C, 0x9D, 0xAD, 0xB9, 0xC3, 0xC8, 0xCB, 0xCD, 0xCC, 0xC8, 0xBD, 0xB3, 0xAC, 
  0xAA, 0xA0, 0x96, 0x90, 0x8C, 0x87, 0x80, 0x79, 0x72, 0x64, 0x53, 0x42, 0x35, 0x34, 0x30, 0x2C, 
  0x31, 0x3D, 0x3F, 0x4B, 0x56, 0x5F, 0x65, 0x6D, 0x76, 0x7D, 0x80, 0x84, 0x8C, 0x9B, 0xAC, 0xB7, 
  0xC3, 0xC8, 0xCB, 0xCD, 0xCD, 0xC8, 0xBD, 0xB3, 0xAE, 0xAA, 0xA0, 0x96, 0x91, 0x8E, 0x87, 0x80, 
  0x79, 0x75, 0x66, 0x53, 0x43, 0x36, 0x35, 0x30, 0x2C, 0x31, 0x39, 0x3F, 0x4C, 0x56, 0x5E, 0x62, 
  0x6D, 0x75, 0x7D, 0x7E, 0x83, 0x8C, 0x9A, 0xAA, 0xB6, 0xC3, 0xC9, 0xCB, 0xCC, 0xCD, 0xC8, 0xBD, 
  0xB5, 0xB1, 0xAA, 0xA0, 0x96, 0x93, 0x8F, 0x87, 0x80, 0x7A, 0x77, 0x67, 0x55, 0x44, 0x38, 0x35, 
  0x30, 0x2C, 0x30, 0x36, 0x3F, 0x4C, 0x56, 0x5B, 0x61, 0x6D, 0x75, 0x7D, 0x7D, 0x83, 0x8B, 0x99, 
  0xA8, 0xB5, 0xC2, 0xC8, 0xCB, 0xCC, 0xCD, 0xC8, 0xBD, 0xB8, 0xB2, 0xAA, 0xA0, 0x96, 0x95, 0x8F, 
  0x87, 0x80, 0x7B, 0x77, 0x67, 0x56, 0x46, 0x3A, 0x35, 0x30, 0x2C, 0x2F, 0x33, 0x40, 0x4B, 0x56, 
  0x58, 0x60, 0x6D, 0x75, 0x7C, 0x7D, 0x83, 0x8A, 0x98, 0xA6, 0xB4, 0xC2, 0xC8, 0xCA, 0xCB, 0xCD, 
  0xC8, 0xBD, 0xBB, 0xB3, 0xA9, 0xA0, 0x97, 0x96, 0x8F, 0x87, 0x80, 0x7C, 0x78, 0x68, 0x57, 0x48, 
  0x3C, 0x35, 0x30, 0x2C, 0x2E, 0x31, 0x40, 0x4B, 0x55, 0x56, 0x60, 0x6E, 0x75, 0x7A, 0x7C, 0x84, 
  0x8A, 0x96, 0xA4, 0xB3, 0xC1, 0xC8, 0xC9, 0xCB, 0xCD, 0xC8, 0xBE, 0xBD, 0xB3, 0xA9, 0xA0, 0x99, 
  0x97, 0x8E, 0x87, 0x81, 0x7E, 0x78, 0x69, 0x58, 0x4A, 0x3D, 0x35, 0x30, 0x2C, 0x2D, 0x31, 0x40, 
  0x4B, 0x53, 0x55, 0x61, 0x6D, 0x74, 0x77, 0x7C, 0x83, 0x8A, 0x93, 0xA2, 0xB2, 0xC0, 0xC8, 0xC9, 
  0xCB, 0xCD, 0xC8, 0xC0, 0xBD, 0xB3, 0xA9, 0xA1, 0x9D, 0x96, 0x8E, 0x87, 0x83, 0x80, 0x78, 0x6B, 
  0x59, 0x4D, 0x3E, 0x35, 0x30, 0x2C, 0x2C, 0x31, 0x40, 0x4B, 0x50, 0x56, 0x61, 0x6D, 0x72, 0x76, 
  0x7D, 0x83, 0x89, 0x90, 0xA0, 0xB1, 0xBF, 0xC8, 0xC8, 0xCB, 0xCD, 0xC8, 0xC2, 0xBD, 0xB3, 0xAA, 
  0xA3, 0x9E, 0x96, 0x8E, 0x87, 0x85, 0x80, 0x79, 0x6D, 0x5D, 0x52, 0x43, 0x3B, 0x37, 0x35, 0x35, 
  0x3A, 0x47, 0x4F, 0x54, 0x5C, 0x65, 0x70, 0x72, 0x77, 0x7D, 0x82, 0x87, 0x8C, 0x99, 0xA6, 0xB1, 
  0xB7, 0xB8, 0xBA, 0xBB, 0xB8, 0xB4, 0xAE, 0xA6, 0x9E, 0x9B, 0x97, 0x90, 0x8A, 0x85, 0x85, 0x80, 
  0x7B, 0x73, 0x69, 0x60, 0x55, 0x4F, 0x4C, 0x4C, 0x4B, 0x4E, 0x58, 0x5C, 0x60, 0x67, 0x6D, 0x74, 
  0x75, 0x79, 0x7E, 0x82, 0x84, 0x87, 0x90, 0x99, 0xA0, 0xA4, 0xA5, 0xA6, 0xA7, 0xA5, 0xA3, 0x9D, 
  0x98, 0x93, 0x93, 0x8F, 0x8A, 0x86, 0x83, 0x83, 0x80, 0x7D, 0x77, 0x69, 0x62, 0x5F, 0x5F, 0x60, 
  0x60, 0x61, 0x61, 0x62, 0x63, 0x63, 0x64, 0x65, 0x66, 0x66, 0x67, 0x68, 0x69, 0x69, 0x6A, 0x6B, 
  0x6C, 0x6C, 0x6D, 0x6E, 0x6E, 0x6F, 0x6F, 0x70, 0x71, 0x71, 0x72, 0x72, 0x73, 0x73, 0x74, 0x74, 
  0x75, 0x75, 0x76, 0x76, 0x77, 0x77, 0x78, 0x78, 0x79, 0x79, 0x7A, 0x7A, 0x7A, 0x7B, 0x7B, 0x7C, 
  0x7C, 0x7C, 0x7D, 0x7D, 0x7D, 0x7E, 0x7E, 0x7E, 0x7F, 0x7F, 0x7F
};
const unsigned int os04_len = 1323;

// os05 - BUZ1 (2993 bytes)
PROGMEM const uint8_t os05[] = {
  0xB1, 0xD5, 0xD4, 0xD7, 0xCC, 0xCC, 0xC2, 0xC1, 0xB6, 0xB6, 0xAB, 0xAA, 0xA0, 0xA0, 0x97, 0x94, 
  0x8E, 0x8C, 0x85, 0x7F, 0x7D, 0x74, 0x75, 0x7C, 0x7B, 0x91, 0x90, 0xA1, 0xA1, 0xB0, 0xB0, 0xBD, 
  0xBD, 0xCB, 0xCB, 0xD6, 0xD8, 0xDE, 0xDF, 0xE4, 0xE9, 0xE9, 0xF0, 0xEE, 0xF3, 0xF1, 0xF5, 0xF3, 
  0xF7, 0xF6, 0xF8, 0xF7, 0xF8, 0xF7, 0xF0, 0xEE, 0xDF, 0xD8, 0xCF, 0xCA, 0xC0, 0xB4, 0xB1, 0xA6, 
  0xA3, 0x96, 0x96, 0x8A, 0x8A, 0x7F, 0x7F, 0x75, 0x75, 0x6B, 0x6B, 0x62, 0x62, 0x5A, 0x5B, 0x53, 
  0x50, 0x4B, 0x45, 0x46, 0x4B, 0x4C, 0x64, 0x61, 0x73, 0x73, 0x84, 0x83, 0x91, 0x92, 0xA1, 0xA1, 
  0xAE, 0xAE, 0xB7, 0xB7, 0xBF, 0xC2, 0xC5, 0xCC, 0xCA, 0xCF, 0xCE, 0xD3, 0xD1, 0xD6, 0xD4, 0xD8, 
  0xD6, 0xD8, 0xD7, 0xD1, 0xCF, 0xBF, 0xBB, 0xAF, 0xAC, 0x9F, 0x97, 0x91, 0x8A, 0x83, 0x77, 0x77, 
  0x6A, 0x6B, 0x60, 0x60, 0x57, 0x57, 0x4F, 0x4F, 0x47, 0x47, 0x3F, 0x40, 0x39, 0x38, 0x32, 0x2E, 
  0x2D, 0x31, 0x34, 0x48, 0x48, 0x5C, 0x5B, 0x6D, 0x6C, 0x7A, 0x7A, 0x8B, 0x8A, 0x97, 0x97, 0xA2, 
  0xA1, 0xAA, 0xAB, 0xB1, 0xB6, 0xB7, 0xBA, 0xBC, 0xC1, 0xBF, 0xC4, 0xC3, 0xC7, 0xC5, 0xC7, 0xC6, 
  0xC0, 0xBF, 0xAF, 0xAD, 0x9E, 0x9E, 0x8F, 0x8A, 0x80, 0x7D, 0x72, 0x69, 0x67, 0x5B, 0x5C, 0x51, 
  0x52, 0x48, 0x49, 0x41, 0x41, 0x3A, 0x3A, 0x33, 0x34, 0x2D, 0x2D, 0x26, 0x24, 0x22, 0x24, 0x29, 
  0x39, 0x3C, 0x51, 0x50, 0x61, 0x60, 0x70, 0x6F, 0x81, 0x80, 0x8C, 0x8C, 0x98, 0x97, 0xA0, 0xA0, 
  0xA8, 0xAB, 0xAE, 0xB0, 0xB3, 0xB7, 0xB7, 0xBB, 0xBB, 0xBF, 0xBE, 0xC0, 0xBF, 0xB8, 0xB7, 0xA8, 
  0xA8, 0x97, 0x97, 0x88, 0x87, 0x79, 0x78, 0x6B, 0x66, 0x60, 0x56, 0x56, 0x4D, 0x4D, 0x42, 0x43, 
  0x3B, 0x3C, 0x34, 0x35, 0x2F, 0x2F, 0x28, 0x29, 0x22, 0x22, 0x1D, 0x1F, 0x25, 0x30, 0x39, 0x4C, 
  0x4B, 0x5C, 0x5C, 0x6D, 0x6C, 0x80, 0x7D, 0x89, 0x89, 0x93, 0x94, 0x9C, 0x9D, 0xA5, 0xA6, 0xAC, 
  0xAC, 0xB1, 0xB3, 0xB4, 0xB7, 0xB9, 0xBD, 0xBC, 0xBE, 0xBD, 0xB6, 0xB5, 0xA6, 0xA5, 0x96, 0x95, 
  0x87, 0x86, 0x77, 0x77, 0x6A, 0x68, 0x5F, 0x58, 0x55, 0x4F, 0x4C, 0x42, 0x43, 0x3A, 0x3B, 0x33, 
  0x34, 0x2E, 0x2E, 0x28, 0x28, 0x22, 0x23, 0x1D, 0x1E, 0x25, 0x2A, 0x39, 0x48, 0x4B, 0x57, 0x5C, 
  0x6D, 0x6C, 0x7E, 0x7D, 0x8B, 0x8A, 0x94, 0x94, 0x9D, 0x9D, 0xA5, 0xA5, 0xAC, 0xAC, 0xB2, 0xB3, 
  0xB5, 0xB6, 0xBA, 0xBD, 0xBD, 0xC0, 0xBE, 0xB7, 0xB7, 0xA6, 0xA6, 0x98, 0x96, 0x89, 0x88, 0x79, 
  0x79, 0x6C, 0x6B, 0x60, 0x5C, 0x56, 0x53, 0x4D, 0x45, 0x44, 0x3B, 0x3D, 0x34, 0x36, 0x2F, 0x30, 
  0x29, 0x2A, 0x24, 0x24, 0x1E, 0x1F, 0x26, 0x29, 0x3B, 0x44, 0x4D, 0x54, 0x5E, 0x6C, 0x6D, 0x7C, 
  0x7E, 0x8D, 0x8C, 0x97, 0x96, 0xA0, 0xA0, 0xA7, 0xA7, 0xAE, 0xAE, 0xB4, 0xB4, 0xB8, 0xB7, 0xBC, 
  0xBD, 0xBF, 0xC1, 0xC0, 0xBA, 0xB9, 0xA7, 0xA8, 0x99, 0x99, 0x8A, 0x8A, 0x7C, 0x7B, 0x6E, 0x6E, 
  0x63, 0x61, 0x58, 0x58, 0x4F, 0x4A, 0x47, 0x3D, 0x3F, 0x37, 0x38, 0x30, 0x32, 0x2A, 0x2C, 0x25, 
  0x26, 0x21, 0x22, 0x28, 0x29, 0x3D, 0x42, 0x50, 0x53, 0x61, 0x6B, 0x70, 0x7A, 0x81, 0x8F, 0x8E, 
  0x9A, 0x99, 0xA3, 0xA2, 0xAA, 0xA9, 0xB1, 0xB0, 0xB6, 0xB5, 0xBA, 0xB9, 0xBE, 0xBF, 0xC1, 0xC3, 
  0xC3, 0xBE, 0xBC, 0xAB, 0xAB, 0x9B, 0x9B, 0x8B, 0x8C, 0x7E, 0x7E, 0x71, 0x70, 0x65, 0x65, 0x5B, 
  0x5B, 0x51, 0x4F, 0x49, 0x42, 0x41, 0x3C, 0x3A, 0x33, 0x34, 0x2D, 0x2E, 0x27, 0x28, 0x23, 0x24, 
  0x2A, 0x2B, 0x3F, 0x40, 0x52, 0x53, 0x63, 0x69, 0x72, 0x77, 0x84, 0x8F, 0x91, 0x9D, 0x9B, 0xA6, 
  0xA4, 0xAD, 0xAC, 0xB3, 0xB2, 0xB8, 0xB7, 0xBC, 0xBB, 0xC0, 0xC0, 0xC4, 0xC4, 0xC5, 0xC2, 0xBE, 
  0xAF, 0xAE, 0x9C, 0x9D, 0x8D, 0x8E, 0x80, 0x80, 0x72, 0x72, 0x68, 0x68, 0x5D, 0x5E, 0x54, 0x53, 
  0x4A, 0x46, 0x44, 0x40, 0x3C, 0x36, 0x36, 0x30, 0x30, 0x28, 0x2A, 0x25, 0x26, 0x2C, 0x2D, 0x40, 
  0x41, 0x54, 0x54, 0x65, 0x68, 0x75, 0x76, 0x87, 0x8D, 0x92, 0x9E, 0x9D, 0xA6, 0xA6, 0xAF, 0xAE, 
  0xB5, 0xB4, 0xBA, 0xBA, 0xBE, 0xBD, 0xC2, 0xC1, 0xC5, 0xC5, 0xC7, 0xC6, 0xBF, 0xB5, 0xAF, 0x9E, 
  0x9F, 0x90, 0x91, 0x80, 0x82, 0x72, 0x74, 0x69, 0x6A, 0x60, 0x5F, 0x56, 0x56, 0x4C, 0x4A, 0x45, 
  0x44, 0x3E, 0x39, 0x38, 0x34, 0x32, 0x2A, 0x2C, 0x26, 0x27, 0x2E, 0x2F, 0x41, 0x43, 0x55, 0x56, 
  0x66, 0x67, 0x77, 0x77, 0x88, 0x8B, 0x95, 0x9D, 0x9F, 0xA5, 0xA8, 0xB1, 0xB0, 0xB7, 0xB6, 0xBC, 
  0xBB, 0xBF, 0xBF, 0xC4, 0xC3, 0xC7, 0xC6, 0xC9, 0xC7, 0xC1, 0xBB, 0xB1, 0xA3, 0xA1, 0x96, 0x92, 
  0x82, 0x83, 0x75, 0x76, 0x6A, 0x6B, 0x61, 0x61, 0x57, 0x58, 0x4E, 0x4E, 0x46, 0x47, 0x3F, 0x3C, 
  0x39, 0x37, 0x33, 0x2D, 0x2D, 0x26, 0x28, 0x30, 0x30, 0x44, 0x44, 0x56, 0x57, 0x67, 0x68, 0x77, 
  0x77, 0x89, 0x8A, 0x96, 0x9B, 0xA0, 0xA4, 0xA9, 0xB1, 0xB1, 0xB9, 0xB7, 0xBE, 0xBC, 0xC1, 0xC0, 
  0xC5, 0xC4, 0xC8, 0xC7, 0xCA, 0xC9, 0xC2, 0xBF, 0xB1, 0xA8, 0xA2, 0x9B, 0x93, 0x85, 0x85, 0x78, 
  0x77, 0x6B, 0x6C, 0x62, 0x62, 0x58, 0x58, 0x4F, 0x4F, 0x47, 0x48, 0x40, 0x3F, 0x39, 0x39, 0x33, 
  0x30, 0x2E, 0x28, 0x29, 0x2F, 0x31, 0x46, 0x46, 0x57, 0x58, 0x69, 0x69, 0x78, 0x78, 0x89, 0x89, 
  0x97, 0x99, 0xA1, 0xA2, 0xAA, 0xAF, 0xB1, 0xB9, 0xB8, 0xBE, 0xBD, 0xC2, 0xC1, 0xC7, 0xC5, 0xC9, 
  0xC8, 0xCA, 0xCA, 0xC3, 0xC2, 0xB2, 0xAD, 0xA3, 0xA0, 0x94, 0x89, 0x86, 0x7D, 0x78, 0x6B, 0x6D, 
  0x61, 0x62, 0x57, 0x59, 0x50, 0x50, 0x48, 0x48, 0x41, 0x41, 0x3A, 0x3B, 0x34, 0x32, 0x2E, 0x29, 
  0x2A, 0x2F, 0x31, 0x47, 0x46, 0x59, 0x59, 0x6A, 0x6A, 0x78, 0x79, 0x89, 0x8A, 0x97, 0x98, 0xA2, 
  0xA2, 0xAB, 0xAE, 0xB2, 0xB9, 0xB8, 0xBD, 0xBE, 0xC3, 0xC2, 0xC7, 0xC6, 0xCA, 0xC9, 0xCB, 0xCA, 
  0xC4, 0xC3, 0xB3, 0xB1, 0xA3, 0xA2, 0x94, 0x8E, 0x86, 0x81, 0x78, 0x6E, 0x6D, 0x61, 0x63, 0x57, 
  0x59, 0x4F, 0x50, 0x49, 0x49, 0x41, 0x42, 0x3B, 0x3C, 0x34, 0x35, 0x2E, 0x2C, 0x2A, 0x2D, 0x31, 
  0x46, 0x46, 0x5B, 0x59, 0x6D, 0x6A, 0x79, 0x7A, 0x8B, 0x8B, 0x97, 0x97, 0xA2, 0xA2, 0xAB, 0xAC, 
  0xB3, 0xB7, 0xB9, 0xBC, 0xBE, 0xC3, 0xC2, 0xC7, 0xC6, 0xCA, 0xC9, 0xCB, 0xCA, 0xC4, 0xC3, 0xB4, 
  0xB3, 0xA3, 0xA3, 0x94, 0x91, 0x86, 0x84, 0x78, 0x71, 0x6E, 0x62, 0x63, 0x59, 0x5A, 0x4F, 0x50, 
  0x49, 0x49, 0x41, 0x42, 0x3B, 0x3C, 0x35, 0x36, 0x2E, 0x2E, 0x2A, 0x2C, 0x32, 0x40, 0x46, 0x5A, 
  0x5A, 0x6B, 0x6A, 0x7B, 0x7A, 0x8D, 0x8C, 0x98, 0x97, 0xA2, 0xA2, 0xAB, 0xAB, 0xB3, 0xB5, 0xB9, 
  0xBA, 0xBF, 0xC2, 0xC2, 0xC5, 0xC6, 0xCB, 0xC9, 0xCC, 0xCB, 0xC4, 0xC3, 0xB5, 0xB4, 0xA4, 0xA4, 
  0x96, 0x94, 0x86, 0x86, 0x78, 0x75, 0x6D, 0x64, 0x64, 0x5B, 0x5A, 0x4F, 0x51, 0x48, 0x49, 0x41, 
  0x42, 0x3C, 0x3C, 0x35, 0x36, 0x2F, 0x2F, 0x2A, 0x2B, 0x32, 0x3B, 0x46, 0x58, 0x59, 0x68, 0x6A, 
  0x7B, 0x7A, 0x8D, 0x8C, 0x99, 0x98, 0xA2, 0xA2, 0xAB, 0xAB, 0xB3, 0xB4, 0xBA, 0xB9, 0xBF, 0xC1, 
  0xC2, 0xC4, 0xC6, 0xCA, 0xC9, 0xCC, 0xCB, 0xC4, 0xC3, 0xB4, 0xB4, 0xA5, 0xA4, 0x96, 0x96, 0x87, 
  0x87, 0x79, 0x78, 0x6D, 0x67, 0x63, 0x5F, 0x5A, 0x50, 0x51, 0x47, 0x49, 0x40, 0x42, 0x3B, 0x3C, 
  0x35, 0x36, 0x2F, 0x30, 0x2A, 0x2B, 0x32, 0x36, 0x47, 0x54, 0x59, 0x63, 0x6A, 0x7B, 0x7A, 0x8C, 
  0x8B, 0x9A, 0x98, 0xA2, 0xA2, 0xAB, 0xAB, 0xB3, 0xB3, 0xBA, 0xB9, 0xBF, 0xC0, 0xC3, 0xC3, 0xC7, 
  0xC9, 0xC9, 0xCC, 0xCB, 0xC4, 0xC4, 0xB3, 0xB3, 0xA5, 0xA4, 0x96, 0x95, 0x87, 0x87, 0x79, 0x79, 
  0x6D, 0x6A, 0x63, 0x61, 0x5A, 0x53, 0x51, 0x48, 0x49, 0x41, 0x42, 0x3A, 0x3C, 0x34, 0x35, 0x2F, 
  0x30, 0x2A, 0x2B, 0x32, 0x33, 0x47, 0x4E, 0x59, 0x5E, 0x6A, 0x78, 0x7A, 0x86, 0x8B, 0x9A, 0x98, 
  0xA3, 0xA3, 0xAD, 0xAB, 0xB3, 0xB2, 0xBA, 0xB9, 0xBF, 0xBE, 0xC3, 0xC2, 0xC7, 0xC8, 0xCA, 0xCC, 
  0xCB, 0xC5, 0xC4, 0xB2, 0xB3, 0xA4, 0xA4, 0x95, 0x95, 0x88, 0x87, 0x7A, 0x79, 0x6E, 0x6D, 0x63, 
  0x63, 0x59, 0x55, 0x51, 0x49, 0x49, 0x42, 0x42, 0x3A, 0x3B, 0x34, 0x35, 0x2F, 0x30, 0x2A, 0x2B, 
  0x31, 0x32, 0x47, 0x4A, 0x5A, 0x5C, 0x6B, 0x73, 0x79, 0x82, 0x8B, 0x98, 0x98, 0xA4, 0xA3, 0xAD, 
  0xAC, 0xB3, 0xB3, 0xBA, 0xB9, 0xBF, 0xBE, 0xC3, 0xC2, 0xC7, 0xC7, 0xCA, 0xCB, 0xCB, 0xC7, 0xC4, 
  0xB4, 0xB4, 0xA3, 0xA4, 0x93, 0x95, 0x87, 0x87, 0x79, 0x79, 0x6E, 0x6E, 0x63, 0x64, 0x5A, 0x58, 
  0x50, 0x4A, 0x49, 0x44, 0x42, 0x3A, 0x3C, 0x34, 0x35, 0x2D, 0x2F, 0x2A, 0x2B, 0x31, 0x32, 0x45, 
  0x48, 0x5A, 0x5A, 0x6B, 0x6F, 0x7A, 0x7E, 0x8C, 0x95, 0x98, 0xA4, 0xA3, 0xAD, 0xAB, 0xB4, 0xB3, 
  0xB9, 0xB9, 0xBF, 0xBE, 0xC3, 0xC2, 0xC7, 0xC6, 0xCA, 0xCA, 0xCB, 0xC9, 0xC4, 0xB8, 0xB4, 0xA3, 
  0xA3, 0x94, 0x95, 0x86, 0x86, 0x78, 0x79, 0x6E, 0x6E, 0x63, 0x64, 0x5A, 0x5A, 0x50, 0x4D, 0x49, 
  0x47, 0x42, 0x3C, 0x3C, 0x36, 0x36, 0x2E, 0x2F, 0x29, 0x2B, 0x32, 0x33, 0x45, 0x46, 0x59, 0x59, 
  0x6A, 0x6C, 0x7B, 0x7A, 0x8C, 0x91, 0x98, 0xA3, 0xA2, 0xAB, 0xAB, 0xB5, 0xB3, 0xBA, 0xB9, 0xBF, 
  0xBE, 0xC2, 0xC2, 0xC7, 0xC6, 0xCA, 0xCA, 0xCC, 0xCA, 0xC4, 0xBB, 0xB4, 0xA4, 0xA4, 0x96, 0x95, 
  0x85, 0x86, 0x77, 0x79, 0x6E, 0x6E, 0x64, 0x64, 0x5A, 0x5A, 0x50, 0x4F, 0x49, 0x48, 0x41, 0x3E, 
  0x3C, 0x38, 0x35, 0x2F, 0x2F, 0x29, 0x2A, 0x32, 0x33, 0x46, 0x47, 0x59, 0x5A, 0x6A, 0x6A, 0x7A, 
  0x7A, 0x8C, 0x8E, 0x98, 0x9F, 0xA2, 0xA7, 0xAB, 0xB4, 0xB3, 0xBB, 0xB9, 0xC0, 0xBF, 0xC3, 0xC2, 
  0xC7, 0xC6, 0xCA, 0xC9, 0xCC, 0xCB, 0xC4, 0xC0, 0xB4, 0xA7, 0xA4, 0x9A, 0x95, 0x85, 0x87, 0x78, 
  0x79, 0x6C, 0x6E, 0x64, 0x64, 0x5A, 0x5A, 0x51, 0x51, 0x48, 0x49, 0x41, 0x40, 0x3B, 0x3B, 0x35, 
  0x30, 0x2F, 0x29, 0x2B, 0x32, 0x32, 0x47, 0x47, 0x58, 0x5A, 0x69, 0x6A, 0x7A, 0x7A, 0x8B, 0x8C, 
  0x99, 0x9D, 0xA2, 0xA5, 0xAC, 0xB2, 0xB3, 0xBB, 0xBA, 0xC0, 0xBF, 0xC3, 0xC2, 0xC7, 0xC6, 0xCA, 
  0xC9, 0xCC, 0xCB, 0xC4, 0xC2, 0xB3, 0xAC, 0xA4, 0x9E, 0x95, 0x88, 0x87, 0x7C, 0x79, 0x6C, 0x6D, 
  0x63, 0x63, 0x59, 0x5A, 0x51, 0x52, 0x49, 0x4A, 0x42, 0x42, 0x3B, 0x3C, 0x35, 0x33, 0x2F, 0x29, 
  0x2B, 0x31, 0x32, 0x49, 0x47, 0x59, 0x5A, 0x6B, 0x6A, 0x79, 0x7A, 0x8A, 0x8B, 0x98, 0x9A, 0xA3, 
  0xA3, 0xAC, 0xB0, 0xB3, 0xBB, 0xB9, 0xBF, 0xBE, 0xC4, 0xC2, 0xC8, 0xC6, 0xCA, 0xC9, 0xCB, 0xCB, 
  0xC5, 0xC3, 0xB3, 0xB0, 0xA4, 0xA1, 0x95, 0x8C, 0x87, 0x7F, 0x79, 0x6E, 0x6E, 0x62, 0x63, 0x58, 
  0x5A, 0x51, 0x51, 0x49, 0x49, 0x42, 0x42, 0x3B, 0x3C, 0x35, 0x34, 0x2F, 0x2B, 0x2B, 0x2F, 0x32, 
  0x47, 0x47, 0x5A, 0x5A, 0x6C, 0x6B, 0x7A, 0x7A, 0x8B, 0x8B, 0x98, 0x98, 0xA3, 0xA2, 0xAC, 0xAD, 
  0xB3, 0xB9, 0xB9, 0xBD, 0xBE, 0xC4, 0xC2, 0xC8, 0xC6, 0xCB, 0xC9, 0xCC, 0xCB, 0xC4, 0xC4, 0xB4, 
  0xB3, 0xA3, 0xA3, 0x95, 0x90, 0x87, 0x83, 0x79, 0x70, 0x6E, 0x61, 0x63, 0x58, 0x5A, 0x50, 0x51, 
  0x49, 0x49, 0x42, 0x42, 0x3B, 0x3C, 0x35, 0x35, 0x2E, 0x2D, 0x2A, 0x2D, 0x32, 0x44, 0x46, 0x5B, 
  0x5A, 0x6C, 0x6B, 0x7A, 0x7A, 0x8C, 0x8C, 0x97, 0x98, 0xA3, 0xA2, 0xAC, 0xAC, 0xB3, 0xB7, 0xB9, 
  0xBC, 0xBF, 0xC3, 0xC2, 0xC6, 0xC6, 0xCB, 0xCA, 0xCC, 0xCB, 0xC4, 0xC3, 0xB5, 0xB4, 0xA4, 0xA4, 
  0x95, 0x93, 0x86, 0x86, 0x78, 0x73, 0x6E, 0x63, 0x63, 0x5A, 0x5A, 0x4F, 0x51, 0x49, 0x49, 0x41, 
  0x42, 0x3B, 0x3C, 0x35, 0x36, 0x2F, 0x2F, 0x2A, 0x2C, 0x32, 0x3E, 0x46, 0x5B, 0x59, 0x6B, 0x6A, 
  0x7C, 0x7A, 0x8F, 0x8C, 0x98, 0x98, 0xA2, 0xA2, 0xAB, 0xAB, 0xB3, 0xB5, 0xBA, 0xBA, 0xBF, 0xC2, 
  0xC2, 0xC5, 0xC6, 0xCB, 0xC9, 0xCC, 0xCB, 0xC4, 0xC3, 0xB5, 0xB4, 0xA5, 0xA4, 0x96, 0x95, 0x86, 
  0x86, 0x78, 0x76, 0x6E, 0x66, 0x64, 0x5D, 0x5A, 0x50, 0x51, 0x48, 0x49, 0x41, 0x42, 0x3B, 0x3C, 
  0x35, 0x36, 0x2F, 0x30, 0x2A, 0x2B, 0x32, 0x38, 0x46, 0x56, 0x59, 0x66, 0x6A, 0x7C, 0x7A, 0x8D, 
  0x8C, 0x99, 0x98, 0xA2, 0xA2, 0xAB, 0xAB, 0xB3, 0xB3, 0xBA, 0xB9, 0xBF, 0xC0, 0xC3, 0xC3, 0xC7, 
  0xCA, 0xC9, 0xCC, 0xCB, 0xC4, 0xC4, 0xB3, 0xB3, 0xA5, 0xA4, 0x96, 0x95, 0x87, 0x87, 0x79, 0x78, 
  0x6D, 0x68, 0x63, 0x60, 0x5A, 0x51, 0x51, 0x48, 0x49, 0x40, 0x42, 0x3B, 0x3C, 0x35, 0x36, 0x2F, 
  0x30, 0x2A, 0x2B, 0x32, 0x35, 0x47, 0x51, 0x59, 0x61, 0x6A, 0x79, 0x7A, 0x89, 0x8B, 0x9A, 0x99, 
  0xA3, 0xA2, 0xAC, 0xAB, 0xB3, 0xB2, 0xBA, 0xB9, 0xBF, 0xBF, 0xC3, 0xC2, 0xC7, 0xC8, 0xCA, 0xCC, 
  0xCB, 0xC5, 0xC4, 0xB3, 0xB3, 0xA4, 0xA4, 0x95, 0x95, 0x87, 0x87, 0x7A, 0x7A, 0x6E, 0x6C, 0x63, 
  0x63, 0x5A, 0x54, 0x51, 0x47, 0x49, 0x41, 0x42, 0x3A, 0x3C, 0x33, 0x35, 0x2F, 0x30, 0x2A, 0x2B, 
  0x31, 0x33, 0x47, 0x4D, 0x5A, 0x5D, 0x6B, 0x76, 0x7A, 0x85, 0x8B, 0x99, 0x98, 0xA4, 0xA3, 0xAD, 
  0xAB, 0xB3, 0xB3, 0xBA, 0xB9, 0xBF, 0xBE, 0xC3, 0xC2, 0xC7, 0xC7, 0xCA, 0xCB, 0xCB, 0xC6, 0xC4, 
  0xB3, 0xB3, 0xA4, 0xA4, 0x95, 0x95, 0x87, 0x87, 0x79, 0x79, 0x6E, 0x6D, 0x63, 0x63, 0x59, 0x57, 
  0x51, 0x4A, 0x49, 0x43, 0x42, 0x3A, 0x3B, 0x34, 0x35, 0x2E, 0x2F, 0x2A, 0x2B, 0x31, 0x32, 0x46, 
  0x48, 0x5A, 0x5A, 0x6B, 0x71, 0x7A, 0x7F, 0x8B, 0x97, 0x98, 0xA5, 0xA3, 0xAD, 0xAC, 0xB4, 0xB3, 
  0xB9, 0xB9, 0xBF, 0xBE, 0xC3, 0xC2, 0xC7, 0xC6, 0xCA, 0xCB, 0xCB, 0xC8, 0xC4, 0xB5, 0xB4, 0xA2, 
  0xA4, 0x93, 0x95, 0x87, 0x87, 0x79, 0x79, 0x6F, 0x6E, 0x63, 0x64, 0x5A, 0x59, 0x50, 0x4C, 0x49, 
  0x45, 0x42, 0x3B, 0x3C, 0x35, 0x36, 0x2E, 0x2F, 0x2A, 0x2B, 0x32, 0x32, 0x45, 0x47, 0x5A, 0x5A, 
  0x6B, 0x6E, 0x7A, 0x7C, 0x8C, 0x93, 0x98, 0xA3, 0xA3, 0xAB, 0xAB, 0xB4, 0xB3, 0xBA, 0xB9, 0xBF, 
  0xBE, 0xC3, 0xC2, 0xC7, 0xC6, 0xCA, 0xCA, 0xCB, 0xCA, 0xC4, 0xB9, 0xB4, 0xA3, 0xA4, 0x95, 0x95, 
  0x85, 0x87, 0x77, 0x79, 0x6E, 0x6E, 0x64, 0x64, 0x5A, 0x5A, 0x50, 0x4E, 0x49, 0x48, 0x41, 0x3C, 
  0x3C, 0x37, 0x35, 0x2D, 0x2F, 0x29, 0x2B, 0x32, 0x32, 0x45, 0x46, 0x59, 0x59, 0x6A, 0x6B, 0x7B, 
  0x7A, 0x8C, 0x90, 0x98, 0xA1, 0xA2, 0xA9, 0xAB, 0xB4, 0xB3, 0xBA, 0xB9, 0xBF, 0xBE, 0xC3, 0xC2, 
  0xC7, 0xC6, 0xCA, 0xC9, 0xCC, 0xCA, 0xC4, 0xBD, 0xB4, 0xA6, 0xA4, 0x98, 0x96, 0x85, 0x86, 0x78, 
  0x78, 0x6D, 0x6E, 0x64, 0x64, 0x5A, 0x5A, 0x51, 0x50, 0x49, 0x49, 0x41, 0x3F, 0x3B, 0x3A, 0x35, 
  0x2F, 0x2F, 0x29, 0x2A, 0x32, 0x33, 0x47, 0x47, 0x58, 0x59, 0x69, 0x6A, 0x7A, 0x7A, 0x8B, 0x8C, 
  0x99, 0x9E, 0xA2, 0xA6, 0xAB, 0xB4, 0xB3, 0xBB, 0xB9, 0xC0, 0xBF, 0xC3, 0xC2, 0xC7, 0xC6, 0xCA, 
  0xC9, 0xCC, 0xCB, 0xC4, 0xC1, 0xB3, 0xA9, 0xA4, 0x9C, 0x95, 0x86, 0x87, 0x79, 0x79, 0x6C, 0x6E, 
  0x64, 0x63, 0x5A, 0x5A, 0x51, 0x51, 0x48, 0x49, 0x41, 0x40, 0x3B, 0x3B, 0x35, 0x31, 0x30, 0x29, 
  0x2A, 0x31, 0x32, 0x48, 0x47, 0x59, 0x59, 0x6A, 0x6A, 0x7A, 0x7A, 0x8B, 0x8B, 0x99, 0x9B, 0xA3, 
  0xA4, 0xAC, 0xB1, 0xB3, 0xBB, 0xBA, 0xC0, 0xBF, 0xC3, 0xC2, 0xC8, 0xC6, 0xCA, 0xC9, 0xCB, 0xCB, 
  0xC4, 0xC3, 0xB3, 0xAE, 0xA4, 0xA0, 0x95, 0x89, 0x87, 0x7D, 0x79, 0x6C, 0x6E, 0x62, 0x63, 0x58, 
  0x5A, 0x51, 0x51, 0x49, 0x4A, 0x42, 0x42, 0x3B, 0x3C, 0x35, 0x33, 0x2F, 0x2A, 0x2B, 0x30, 0x32, 
  0x48, 0x47, 0x59, 0x5A, 0x6B, 0x6B, 0x79, 0x7A, 0x8A, 0x8B, 0x98, 0x99, 0xA3, 0xA3, 0xAC, 0xAF, 
  0xB3, 0xBA, 0xB9, 0xBE, 0xBE, 0xC4, 0xC2, 0xC8, 0xC7, 0xCA, 0xC9, 0xCB, 0xCB, 0xC4, 0xC4, 0xB4, 
  0xB1, 0xA4, 0xA2, 0x95, 0x8E, 0x87, 0x81, 0x79, 0x6F, 0x6E, 0x62, 0x63, 0x58, 0x5A, 0x50, 0x51, 
  0x49, 0x49, 0x42, 0x43, 0x3B, 0x3C, 0x35, 0x35, 0x2F, 0x2C, 0x2A, 0x2E, 0x32, 0x47, 0x47, 0x5B, 
  0x5A, 0x6D, 0x6B, 0x7A, 0x7A, 0x8C, 0x8B, 0x97, 0x98, 0xA3, 0xA2, 0xAC, 0xAD, 0xB3, 0xB8, 0xB9, 
  0xBD, 0xBF, 0xC3, 0xC2, 0xC7, 0xC6, 0xCB, 0xC9, 0xCC, 0xCB, 0xC4, 0xC4, 0xB5, 0xB3, 0xA3, 0xA3, 
  0x94, 0x91, 0x86, 0x84, 0x78, 0x71, 0x6E, 0x62, 0x63, 0x59, 0x5A, 0x50, 0x51, 0x49, 0x49, 0x42, 
  0x42, 0x3B, 0x3C, 0x35, 0x36, 0x2F, 0x2E, 0x2A, 0x2D, 0x32, 0x41, 0x46, 0x5B, 0x5A, 0x6B, 0x6B, 
  0x7B, 0x7A, 0x8D, 0x8C, 0x98, 0x97, 0xA2, 0xA2, 0xAB, 0xAB, 0xB3, 0xB6, 0xBA, 0xBB, 0xBF, 0xC2, 
  0xC2, 0xC6, 0xC6, 0xCB, 0xC9, 0xCC, 0xCB, 0xC4, 0xC3, 0xB5, 0xB4, 0xA4, 0xA4, 0x96, 0x94, 0x86, 
  0x86, 0x78, 0x74, 0x6E, 0x64, 0x64, 0x5B, 0x5A, 0x4F, 0x51, 0x49, 0x49, 0x41, 0x42, 0x3C, 0x3C, 
  0x36, 0x36, 0x2F, 0x2F, 0x2A, 0x2C, 0x32, 0x3C, 0x46, 0x58, 0x59, 0x69, 0x6A, 0x7B, 0x7A, 0x8D, 
  0x8C, 0x98, 0x98, 0xA2, 0xA2, 0xAB, 0xAB, 0xB3, 0xB4, 0xBA, 0xBA, 0xBF, 0xC1, 0xC2, 0xC4, 0xC6, 
  0xCA, 0xC9, 0xCC, 0xCB, 0xC4, 0xC3, 0xB4, 0xB4, 0xA5, 0xA4, 0x96, 0x96, 0x86, 0x87, 0x79, 0x77, 
  0x6D, 0x67, 0x64, 0x5F, 0x5A, 0x50, 0x51, 0x47, 0x49, 0x40, 0x42, 0x3B, 0x3C, 0x35, 0x36, 0x2F, 
  0x30, 0x2A, 0x2B, 0x32, 0x36, 0x47, 0x55, 0x59, 0x64, 0x6A, 0x7C, 0x7A, 0x8D, 0x8B, 0x9A, 0x98, 
  0xA2, 0xA2, 0xAB, 0xAB, 0xB3, 0xB3, 0xBA, 0xB9, 0xBF, 0xC0, 0xC3, 0xC3, 0xC7, 0xC9, 0xC9, 0xCC, 
  0xCB, 0xC4, 0xC4, 0xB3, 0xB3, 0xA5, 0xA4, 0x96, 0x95, 0x87, 0x87, 0x79, 0x79, 0x6D, 0x6A, 0x63, 
  0x61, 0x5A, 0x52, 0x51, 0x48, 0x49, 0x40, 0x42, 0x3A, 0x3C, 0x34, 0x35, 0x2F, 0x30, 0x2A, 0x2B, 
  0x32, 0x33, 0x47, 0x4F, 0x59, 0x5F, 0x6A, 0x78, 0x7A, 0x87, 0x8B, 0x9A, 0x98, 0xA3, 0xA2, 0xAC, 
  0xAB, 0xB3, 0xB2, 0xBA, 0xB9, 0xBF, 0xBF, 0xC3, 0xC2, 0xC7, 0xC8, 0xCA, 0xCC, 0xCB, 0xC5, 0xC4, 
  0xB2, 0xB3, 0xA4, 0xA4, 0x95, 0x95, 0x88, 0x87, 0x7A, 0x79, 0x6E, 0x6C, 0x63, 0x63, 0x59, 0x55, 
  0x51, 0x48, 0x49, 0x41, 0x42, 0x3A, 0x3B, 0x34, 0x35, 0x2F, 0x2F, 0x2A, 0x2B, 0x31, 0x32, 0x47, 
  0x4B, 0x5A, 0x5C, 0x6B, 0x74, 0x79, 0x82, 0x8B, 0x98, 0x98, 0xA4, 0xA3, 0xAD, 0xAC, 0xB3, 0xB3, 
  0xBA, 0xB9, 0xBF, 0xBE, 0xC3, 0xC2, 0xC7, 0xC7, 0xCA, 0xCB, 0xCB, 0xC7, 0xC4, 0xB4, 0xB3, 0xA3, 
  0xA4, 0x94, 0x95, 0x87, 0x87, 0x79, 0x79, 0x6E, 0x6E, 0x63, 0x64, 0x59, 0x58, 0x50, 0x4A, 0x49, 
  0x44, 0x42, 0x3A, 0x3C, 0x34, 0x35, 0x2E, 0x2F, 0x2A, 0x2B, 0x31, 0x32, 0x45, 0x48, 0x5A, 0x5A, 
  0x6B, 0x70, 0x7A, 0x7E, 0x8C, 0x95, 0x98, 0xA4, 0xA3, 0xAD, 0xAB, 0xB4, 0xB3, 0xB9, 0xB9, 0xBE, 
  0xBE, 0xC3, 0xC2, 0xC7, 0xC6, 0xCA, 0xCA, 0xCB, 0xC9, 0xC4, 0xB7, 0xB4, 0xA3, 0xA3, 0x94, 0x95, 
  0x86, 0x86, 0x78, 0x79, 0x6E, 0x6E, 0x63, 0x64, 0x5A, 0x59, 0x50, 0x4D, 0x49, 0x46, 0x42, 0x3B, 
  0x3C, 0x36, 0x35, 0x2E, 0x2F, 0x2A, 0x2B, 0x32, 0x32, 0x45, 0x46, 0x59, 0x59, 0x6A, 0x6C, 0x7A, 
  0x7A, 0x8C, 0x91, 0x98, 0xA3, 0xA2, 0xAB, 0xAB, 0xB5, 0xB3, 0xBA, 0xB9, 0xBF, 0xBE, 0xC2, 0xC2, 
  0xC7, 0xC6, 0xCA, 0xCA, 0xCB, 0xCA, 0xC4, 0xBB, 0xB4, 0xA4, 0xA4, 0x95, 0x95, 0x85, 0x86, 0x77, 
  0x79, 0x6E, 0x6E, 0x64, 0x64, 0x5A, 0x5A, 0x50, 0x4F, 0x49, 0x48, 0x41, 0x3D, 0x3C, 0x38, 0x35, 
  0x2E, 0x2F, 0x29, 0x2A, 0x32, 0x33, 0x46, 0x47, 0x59, 0x59, 0x6A, 0x6B, 0x7B, 0x7A, 0x8C, 0x8E, 
  0x98, 0xA0, 0xA2, 0xA8, 0xAB, 0xB4, 0xB3, 0xBB, 0xB9, 0xC0, 0xBF, 0xC3, 0xC2, 0xC7, 0xC6, 0xCA, 
  0xC9, 0xCC, 0xCB, 0xC4, 0xC0, 0xB4, 0xA7, 0xA4, 0x9A, 0x95, 0x85, 0x87, 0x78, 0x79, 0x6D, 0x6E, 
  0x64, 0x64, 0x5A, 0x5A, 0x51, 0x51, 0x48, 0x49, 0x41, 0x3F, 0x3B, 0x3A, 0x35, 0x30, 0x2F, 0x29, 
  0x2B, 0x32, 0x32, 0x47, 0x47, 0x58, 0x5A, 0x69, 0x6A, 0x7A, 0x7A, 0x8B, 0x8C, 0x99, 0x9D, 0xA2, 
  0xA6, 0xAB, 0xB2, 0xB3, 0xBB, 0xBA, 0xC0, 0xBF, 0xC3, 0xC2, 0xC7, 0xC6, 0xCA, 0xC9, 0xCC, 0xCB, 
  0xC4, 0xC2, 0xB3, 0xAB, 0xA4, 0x9E, 0x95, 0x88, 0x87, 0x7B, 0x79, 0x6D, 0x6D, 0x63, 0x64, 0x59, 
  0x5A, 0x51, 0x52, 0x49, 0x4A, 0x41, 0x41, 0x3B, 0x3C, 0x35, 0x32, 0x2F, 0x29, 0x2B, 0x31, 0x32, 
  0x49, 0x47, 0x59, 0x5A, 0x6A, 0x6A, 0x79, 0x7A, 0x8A, 0x8B, 0x98, 0x9A, 0xA3, 0xA3, 0xAC, 0xB0, 
  0xB3, 0xBB, 0xB9, 0xC0, 0xBF, 0xC4, 0xC2, 0xC8, 0xC6, 0xCA, 0xC9, 0xCB, 0xCB, 0xC5, 0xC3, 0xB3, 
  0xAF, 0xA4, 0xA1, 0x95, 0x8B, 0x87, 0x7F, 0x7A, 0x6F, 0x70, 0x66, 0x67, 0x5E, 0x60, 0x59, 0x5A, 
  0x54, 0x56, 0x51, 0x52, 0x4E, 0x50, 0x4C, 0x4C, 0x4A, 0x49, 0x4A, 0x4E, 0x51, 0x5F, 0x60, 0x6B, 
  0x6B, 0x75, 0x75, 0x7D, 0x7D, 0x85, 0x85, 0x8A, 0x89, 0x8D, 0x8D, 0x8F, 0x8F, 0x90, 0x91, 0x90, 
  0x91, 0x90, 0x90, 0x8F, 0x8F, 0x8D, 0x8D, 0x8C, 0x8B, 0x89, 0x88, 0x86, 0x84, 0x83, 0x81, 0x81, 
  0x80
};
const unsigned int os05_len = 2993;

// os06 - BUZ2 (5979 bytes)
PROGMEM const uint8_t os06[] = {
  0x80, 0xDA, 0xE6, 0xED, 0xEC, 0xE6, 0xE0, 0xDE, 0xDE, 0xDF, 0xE0, 0x99, 0x95, 0x8F, 0x8F, 0x8F, 
  0x8D, 0x88, 0x81, 0x7A, 0x74, 0x70, 0x6C, 0xD9, 0xD9, 0xEA, 0xEF, 0xEB, 0xE4, 0xDD, 0xDB, 0xDB, 
  0xDD, 0xDF, 0xE1, 0xE3, 0xE5, 0xE6, 0xE6, 0xE6, 0xE6, 0xE6, 0xE5, 0xE5, 0xE4, 0xE3, 0xE2, 0xE1, 
  0xE0, 0xDF, 0xD7, 0xD7, 0xD5, 0xD4, 0xD3, 0xD3, 0xD2, 0xD1, 0xD0, 0xC2, 0x6F, 0x65, 0x5B, 0x53, 
  0x51, 0x4F, 0x4C, 0x48, 0x43, 0x3F, 0x3A, 0x36, 0x33, 0x31, 0x2F, 0x2E, 0xA0, 0x96, 0xA4, 0xAF, 
  0xB2, 0xB1, 0xAF, 0xB0, 0xB3, 0xB7, 0xBB, 0xBE, 0xC1, 0xC4, 0xC5, 0xC6, 0xC7, 0xC7, 0xC6, 0xC6, 
  0xC5, 0xC4, 0xC3, 0xC2, 0xC2, 0xC1, 0xC0, 0xBF, 0xBF, 0xBE, 0xBD, 0xBD, 0xBC, 0xBB, 0xBA, 0xBA, 
  0xB9, 0xB8, 0xB7, 0xB6, 0xB6, 0xB5, 0xB4, 0xB3, 0xB2, 0xB1, 0xB0, 0xAF, 0xAE, 0xAD, 0xAC, 0xAB, 
  0xAA, 0xA9, 0xA8, 0xA7, 0xA6, 0xA5, 0x40, 0x32, 0x25, 0x1E, 0x1D, 0x1F, 0x22, 0x23, 0x22, 0x22, 
  0x20, 0x1F, 0x1D, 0x1C, 0x1B, 0x1B, 0x1B, 0x1C, 0x1D, 0x1E, 0x1F, 0x21, 0x22, 0x23, 0x24, 0x24, 
  0x25, 0x87, 0x7B, 0x85, 0x88, 0x88, 0x89, 0x8B, 0x8F, 0x93, 0x98, 0x9C, 0xA0, 0xA3, 0xA6, 0xA8, 
  0xAA, 0xAC, 0xAD, 0xAE, 0xAE, 0xAE, 0xAF, 0xAF, 0xAF, 0xAE, 0xAE, 0xAE, 0xAE, 0xAD, 0xAD, 0xAC, 
  0xAC, 0xAB, 0xAB, 0xAA, 0xA9, 0xA9, 0xA8, 0xA7, 0xA6, 0xA6, 0xA5, 0xA4, 0xA3, 0xA3, 0xA2, 0xA1, 
  0xA0, 0x9F, 0x9F, 0x9E, 0x9D, 0x9C, 0x9B, 0x9B, 0x9A, 0x99, 0x98, 0x98, 0x97, 0x96, 0x95, 0x95, 
  0x94, 0x93, 0x92, 0x92, 0x91, 0x90, 0x90, 0x8F, 0x8E, 0x8E, 0x8D, 0x8C, 0x8C, 0x8B, 0x8B, 0x8A, 
  0x89, 0x89, 0x88, 0x87, 0x87, 0x86, 0x86, 0x85, 0x85, 0x84, 0x21, 0x17, 0x0A, 0x07, 0x0B, 0x12, 
  0x17, 0x18, 0x18, 0x17, 0x15, 0x14, 0x13, 0x13, 0x13, 0x13, 0x14, 0x15, 0x16, 0x17, 0x19, 0x1A, 
  0x1B, 0x1C, 0x1D, 0x1E, 0x1F, 0x1F, 0x20, 0x21, 0x81, 0x75, 0x80, 0x82, 0x7F, 0x7D, 0x7F, 0x83, 
  0x89, 0x8E, 0x93, 0x97, 0x9A, 0x9D, 0x9F, 0xA1, 0xA3, 0xA4, 0xA5, 0xA6, 0xA0, 0xA0, 0x9F, 0x9E, 
  0x9E, 0x9E, 0x9E, 0x9E, 0x9E, 0x9E, 0x9D, 0x9C, 0x9C, 0x9B, 0x9B, 0x9A, 0x9A, 0x99, 0x99, 0x98, 
  0x98, 0x97, 0x97, 0x96, 0x96, 0x95, 0x95, 0x94, 0x94, 0x93, 0x93, 0x92, 0x92, 0x91, 0x91, 0x90, 
  0x90, 0x8F, 0x8F, 0x8F, 0x8E, 0x8E, 0x8D, 0x8D, 0x8C, 0x8C, 0x8B, 0x8B, 0x8B, 0x8A, 0x8A, 0x89, 
  0x89, 0x89, 0x88, 0x88, 0x87, 0x87, 0x87, 0x86, 0x86, 0x86, 0x85, 0x85, 0x85, 0x84, 0x84, 0x84, 
  0x83, 0x83, 0x83, 0x82, 0x30, 0x22, 0x13, 0x0D, 0x0F, 0x15, 0x1A, 0x1D, 0x1D, 0x1C, 0x1B, 0x1A, 
  0x19, 0x18, 0x18, 0x18, 0x19, 0x1A, 0x1B, 0x1C, 0x1E, 0x1F, 0x20, 0x21, 0x22, 0x23, 0x24, 0x24, 
  0x25, 0x26, 0x56, 0x7A, 0x82, 0x82, 0x81, 0x80, 0x82, 0x86, 0x8A, 0x90, 0x94, 0x98, 0x9B, 0x9E, 
  0xA1, 0xA3, 0xA5, 0xA6, 0xA7, 0xA8, 0xA9, 0xAA, 0xAA, 0xAA, 0xAA, 0xAB, 0xAB, 0xAB, 0xAB, 0xAB, 
  0xAA, 0xAA, 0xAA, 0xAA, 0xA9, 0xA9, 0xA9, 0xA8, 0xA8, 0xA7, 0xA7, 0xA7, 0xA6, 0xA6, 0xA5, 0xA5, 
  0xA4, 0xA4, 0xA3, 0xA3, 0xA2, 0xA2, 0xA1, 0xA0, 0xA0, 0x9F, 0x9F, 0x9E, 0x9E, 0x9D, 0x9D, 0x9C, 
  0x9C, 0x9B, 0x9B, 0x9A, 0x9A, 0x99, 0x99, 0x99, 0x98, 0x98, 0x97, 0x97, 0x96, 0x96, 0x95, 0x95, 
  0x94, 0x94, 0x94, 0x93, 0x93, 0x92, 0x92, 0x92, 0x91, 0x91, 0x90, 0x90, 0x90, 0x8F, 0x2A, 0x30, 
  0x21, 0x17, 0x16, 0x1A, 0x1F, 0x22, 0x22, 0x22, 0x21, 0x20, 0x1E, 0x1E, 0x1D, 0x1D, 0x1D, 0x1E, 
  0x1F, 0x20, 0x22, 0x23, 0x24, 0x25, 0x26, 0x27, 0x28, 0x29, 0x29, 0x2A, 0x2B, 0x80, 0x82, 0x86, 
  0x88, 0x89, 0x8B, 0x8E, 0x92, 0x97, 0x9B, 0x9F, 0xA3, 0xA6, 0xA9, 0xAB, 0xAD, 0xAF, 0xB0, 0xB1, 
  0xB2, 0xB2, 0xB3, 0xB3, 0xB3, 0xB3, 0xAC, 0xAC, 0xAA, 0xAA, 0xA9, 0xA9, 0xA9, 0xA9, 0xA8, 0xA7, 
  0xA7, 0xA6, 0xA5, 0xA5, 0xA4, 0xA4, 0xA3, 0xA3, 0xA2, 0xA2, 0xA1, 0xA1, 0xA0, 0xA0, 0x9F, 0x9F, 
  0x9E, 0x9E, 0x9D, 0x9D, 0x9D, 0x9C, 0x9C, 0x9B, 0x9B, 0x9A, 0x9A, 0x9A, 0x99, 0x99, 0x98, 0x98, 
  0x98, 0x97, 0x97, 0x96, 0x96, 0x96, 0x95, 0x95, 0x95, 0x94, 0x94, 0x94, 0x93, 0x93, 0x93, 0x92, 
  0x92, 0x92, 0x91, 0x91, 0x91, 0x90, 0x90, 0x90, 0x71, 0x38, 0x29, 0x21, 0x1E, 0x20, 0x24, 0x26, 
  0x27, 0x27, 0x27, 0x25, 0x24, 0x23, 0x23, 0x22, 0x23, 0x23, 0x24, 0x25, 0x26, 0x28, 0x29, 0x2A, 
  0x2B, 0x2C, 0x2C, 0x2D, 0x2E, 0x2F, 0x2F, 0x77, 0x7C, 0x84, 0x88, 0x8B, 0x8C, 0x8F, 0x92, 0x96, 
  0x9A, 0x9E, 0xA2, 0xA5, 0xA8, 0xAA, 0xAC, 0xAE, 0xAF, 0xB0, 0xB1, 0xB1, 0xB2, 0xB2, 0xB2, 0xB2, 
  0xB2, 0xB2, 0xB2, 0xB2, 0xB2, 0xB1, 0xB1, 0xB1, 0xB1, 0xB0, 0xB0, 0xB0, 0xAF, 0xAF, 0xAE, 0xAE, 
  0xAE, 0xAD, 0xAD, 0xAC, 0xAC, 0xAB, 0xAB, 0xAA, 0xAA, 0xA9, 0xA9, 0xA8, 0xA8, 0xA7, 0xA7, 0xA6, 
  0xA6, 0xA5, 0xA5, 0xA4, 0xA4, 0xA3, 0xA3, 0xA2, 0xA2, 0xA1, 0xA1, 0xA0, 0xA0, 0x9F, 0x9F, 0x9F, 
  0x9E, 0x9E, 0x9D, 0x9D, 0x9C, 0x9C, 0x9B, 0x9B, 0x9B, 0x9A, 0x9A, 0x99, 0x99, 0x99, 0x98, 0x98, 
  0x97, 0x97, 0x97, 0x40, 0x35, 0x2A, 0x24, 0x25, 0x27, 0x2A, 0x2A, 0x2A, 0x29, 0x28, 0x27, 0x26, 
  0x25, 0x25, 0x25, 0x25, 0x26, 0x27, 0x28, 0x29, 0x2A, 0x2B, 0x2C, 0x2D, 0x2E, 0x2F, 0x30, 0x30, 
  0x31, 0x8E, 0x7E, 0x85, 0x8B, 0x8E, 0x90, 0x92, 0x95, 0x99, 0x9D, 0xA1, 0xA4, 0xA7, 0xAB, 0xAD, 
  0xAF, 0xB1, 0xB2, 0xB3, 0xB4, 0xB5, 0xB5, 0xB5, 0xB5, 0xB5, 0xB5, 0xB5, 0xB5, 0xB4, 0xB4, 0xB4, 
  0xAD, 0xAD, 0xAB, 0xAA, 0xAA, 0xA9, 0xA9, 0xA9, 0xA8, 0xA7, 0xA6, 0xA6, 0xA5, 0xA4, 0xA4, 0xA3, 
  0xA2, 0xA2, 0xA1, 0xA1, 0xA0, 0xA0, 0xA0, 0x9F, 0x9F, 0x9E, 0x9E, 0x9D, 0x9D, 0x9C, 0x9C, 0x9C, 
  0x9B, 0x9B, 0x9A, 0x9A, 0x9A, 0x99, 0x99, 0x99, 0x98, 0x98, 0x97, 0x97, 0x97, 0x96, 0x96, 0x96, 
  0x95, 0x95, 0x95, 0x94, 0x94, 0x94, 0x93, 0x93, 0x93, 0x93, 0x92, 0x92, 0x92, 0x47, 0x3E, 0x2F, 
  0x29, 0x28, 0x2A, 0x2C, 0x2D, 0x2D, 0x2C, 0x2C, 0x2B, 0x2A, 0x29, 0x28, 0x28, 0x29, 0x29, 0x2A, 
  0x2B, 0x2C, 0x2D, 0x2E, 0x2F, 0x30, 0x31, 0x32, 0x32, 0x33, 0x33, 0x4D, 0x7A, 0x83, 0x88, 0x8B, 
  0x8D, 0x8F, 0x91, 0x95, 0x98, 0x9C, 0x9F, 0xA2, 0xA5, 0xA8, 0xAA, 0xAC, 0xAD, 0xAE, 0xAF, 0xB0, 
  0xB0, 0xB1, 0xB1, 0xB1, 0xB1, 0xB1, 0xB1, 0xB0, 0xB0, 0xB0, 0xB0, 0xB0, 0xB0, 0xAF, 0xAF, 0xAF, 
  0xAE, 0xAE, 0xAD, 0xAD, 0xAD, 0xAC, 0xAC, 0xAB, 0xAB, 0xAA, 0xAA, 0xA9, 0xA9, 0xA9, 0xA8, 0xA8, 
  0xA7, 0xA7, 0xA6, 0xA6, 0xA5, 0xA5, 0xA4, 0xA4, 0xA3, 0xA3, 0xA2, 0xA2, 0xA1, 0xA1, 0xA0, 0xA0, 
  0xA0, 0x9F, 0x9F, 0x9E, 0x9E, 0x9D, 0x9D, 0x9D, 0x9C, 0x9C, 0x9B, 0x9B, 0x9A, 0x9A, 0x9A, 0x99, 
  0x99, 0x99, 0x98, 0x98, 0x97, 0x97, 0x97, 0x46, 0x40, 0x36, 0x2E, 0x2C, 0x2D, 0x2F, 0x30, 0x2F, 
  0x2E, 0x2D, 0x2D, 0x2C, 0x2B, 0x2A, 0x2A, 0x2A, 0x2A, 0x2B, 0x2C, 0x2D, 0x2E, 0x2F, 0x30, 0x31, 
  0x32, 0x32, 0x33, 0x34, 0x34, 0x35, 0x7C, 0x80, 0x87, 0x8D, 0x90, 0x91, 0x93, 0x96, 0x99, 0x9D, 
  0xA0, 0xA4, 0xA7, 0xA9, 0xAC, 0xAE, 0xAF, 0xB0, 0xB1, 0xB2, 0xB2, 0xB2, 0xB2, 0xB2, 0xB2, 0xB2, 
  0xB2, 0xB2, 0xB2, 0xB2, 0xB1, 0xB1, 0xB1, 0xB1, 0xB0, 0xB0, 0xA9, 0xA8, 0xA6, 0xA5, 0xA4, 0xA4, 
  0xA4, 0xA3, 0xA2, 0xA1, 0xA1, 0xA0, 0x9F, 0x9F, 0x9E, 0x9D, 0x9D, 0x9C, 0x9C, 0x9B, 0x9B, 0x9B, 
  0x9A, 0x9A, 0x99, 0x99, 0x99, 0x98, 0x98, 0x97, 0x97, 0x97, 0x96, 0x96, 0x96, 0x95, 0x95, 0x95, 
  0x94, 0x94, 0x94, 0x93, 0x93, 0x93, 0x93, 0x92, 0x92, 0x92, 0x91, 0x91, 0x91, 0x91, 0x90, 0x90, 
  0x90, 0x84, 0x46, 0x39, 0x31, 0x2E, 0x2F, 0x31, 0x32, 0x32, 0x31, 0x30, 0x2F, 0x2E, 0x2E, 0x2D, 
  0x2D, 0x2D, 0x2D, 0x2E, 0x2F, 0x2F, 0x30, 0x31, 0x32, 0x33, 0x34, 0x35, 0x35, 0x36, 0x37, 0x37, 
  0x77, 0x78, 0x83, 0x88, 0x8C, 0x8D, 0x8E, 0x91, 0x94, 0x97, 0x9B, 0x9E, 0xA1, 0xA3, 0xA6, 0xA7, 
  0xA9, 0xAA, 0xAB, 0xAC, 0xAC, 0xAC, 0xAD, 0xAD, 0xAD, 0xAD, 0xAD, 0xAD, 0xAD, 0xAC, 0xAC, 0xAC, 
  0xAC, 0xAC, 0xAB, 0xAB, 0xAB, 0xAA, 0xAA, 0xAA, 0xA9, 0xA9, 0xA8, 0xA8, 0xA8, 0xA7, 0xA7, 0xA6, 
  0xA6, 0xA5, 0xA5, 0xA5, 0xA4, 0xA4, 0xA3, 0xA3, 0xA2, 0xA2, 0xA1, 0xA1, 0xA1, 0xA0, 0xA0, 0x9F, 
  0x9F, 0x9E, 0x9E, 0x9E, 0x9D, 0x9D, 0x9C, 0x9C, 0x9C, 0x9B, 0x9B, 0x9A, 0x9A, 0x9A, 0x99, 0x99, 
  0x99, 0x98, 0x98, 0x97, 0x97, 0x97, 0x96, 0x96, 0x96, 0x95, 0x95, 0x95, 0x4F, 0x42, 0x38, 0x33, 
  0x33, 0x34, 0x35, 0x35, 0x34, 0x32, 0x31, 0x30, 0x2F, 0x2F, 0x2E, 0x2E, 0x2E, 0x2F, 0x30, 0x31, 
  0x31, 0x32, 0x33, 0x34, 0x35, 0x36, 0x36, 0x37, 0x38, 0x38, 0x7D, 0x7D, 0x83, 0x8A, 0x8E, 0x8F, 
  0x90, 0x92, 0x95, 0x99, 0x9C, 0x9F, 0xA2, 0xA5, 0xA7, 0xA9, 0xAB, 0xAC, 0xAD, 0xAD, 0xAE, 0xAE, 
  0xAE, 0xAE, 0xAE, 0xAE, 0xAE, 0xAE, 0xAE, 0xAE, 0xAE, 0xAE, 0xAD, 0xAD, 0xAD, 0xAC, 0xAC, 0xAC, 
  0xAB, 0xAB, 0xAB, 0xAA, 0xA2, 0xA2, 0xA0, 0x9F, 0x9E, 0x9E, 0x9D, 0x9D, 0x9C, 0x9B, 0x9B, 0x9A, 
  0x99, 0x99, 0x98, 0x98, 0x97, 0x97, 0x96, 0x96, 0x95, 0x95, 0x95, 0x94, 0x94, 0x94, 0x93, 0x93, 
  0x93, 0x92, 0x92, 0x92, 0x91, 0x91, 0x91, 0x91, 0x90, 0x90, 0x90, 0x90, 0x8F, 0x8F, 0x8F, 0x8F, 
  0x8E, 0x8E, 0x8E, 0x8E, 0x8D, 0x8D, 0x4C, 0x48, 0x3B, 0x35, 0x34, 0x36, 0x37, 0x37, 0x36, 0x35, 
  0x34, 0x33, 0x32, 0x31, 0x31, 0x31, 0x31, 0x31, 0x32, 0x33, 0x34, 0x35, 0x35, 0x36, 0x37, 0x38, 
  0x38, 0x39, 0x39, 0x3A, 0x43, 0x76, 0x7E, 0x85, 0x89, 0x8B, 0x8C, 0x8D, 0x90, 0x93, 0x96, 0x99, 
  0x9C, 0x9E, 0xA0, 0xA2, 0xA4, 0xA5, 0xA6, 0xA7, 0xA7, 0xA8, 0xA8, 0xA8, 0xA8, 0xA8, 0xA8, 0xA8, 
  0xA8, 0xA8, 0xA8, 0xA8, 0xA8, 0xA8, 0xA7, 0xA7, 0xA7, 0xA6, 0xA6, 0xA6, 0xA5, 0xA5, 0xA5, 0xA4, 
  0xA4, 0xA4, 0xA3, 0xA3, 0xA2, 0xA2, 0xA2, 0xA1, 0xA1, 0xA0, 0xA0, 0xA0, 0x9F, 0x9F, 0x9E, 0x9E, 
  0x9E, 0x9D, 0x9D, 0x9D, 0x9C, 0x9C, 0x9B, 0x9B, 0x9B, 0x9A, 0x9A, 0x9A, 0x99, 0x99, 0x99, 0x98, 
  0x98, 0x98, 0x97, 0x97, 0x96, 0x96, 0x96, 0x96, 0x95, 0x95, 0x95, 0x94, 0x94, 0x94, 0x93, 0x93, 
  0x5F, 0x49, 0x41, 0x3B, 0x39, 0x3A, 0x3B, 0x3B, 0x3A, 0x38, 0x37, 0x35, 0x34, 0x33, 0x33, 0x32, 
  0x33, 0x33, 0x33, 0x34, 0x35, 0x36, 0x37, 0x37, 0x38, 0x39, 0x39, 0x3A, 0x3B, 0x3B, 0x3C, 0x75, 
  0x7D, 0x85, 0x8C, 0x8E, 0x8E, 0x90, 0x92, 0x95, 0x98, 0x9B, 0x9D, 0xA0, 0xA3, 0xA5, 0xA6, 0xA8, 
  0xA9, 0xA9, 0xAA, 0xAA, 0xAA, 0xAA, 0xAA, 0xAA, 0xAA, 0xAA, 0xAA, 0xAA, 0xAA, 0xAA, 0xAA, 0xA9, 
  0xA9, 0xA9, 0xA9, 0xA8, 0xA8, 0xA7, 0xA7, 0xA7, 0xA6, 0xA6, 0xA5, 0xA5, 0xA5, 0xA4, 0x9C, 0x9B, 
  0x99, 0x98, 0x98, 0x97, 0x97, 0x97, 0x96, 0x95, 0x95, 0x94, 0x93, 0x93, 0x92, 0x92, 0x91, 0x91, 
  0x90, 0x90, 0x90, 0x8F, 0x8F, 0x8F, 0x8E, 0x8E, 0x8E, 0x8E, 0x8D, 0x8D, 0x8D, 0x8D, 0x8C, 0x8C, 
  0x8C, 0x8C, 0x8C, 0x8B, 0x8B, 0x8B, 0x8B, 0x8B, 0x8A, 0x8A, 0x8A, 0x4D, 0x45, 0x3D, 0x3B, 0x3B, 
  0x3C, 0x3D, 0x3C, 0x3A, 0x39, 0x38, 0x37, 0x36, 0x35, 0x35, 0x35, 0x35, 0x36, 0x37, 0x37, 0x38, 
  0x39, 0x3A, 0x3A, 0x3B, 0x3C, 0x3C, 0x3D, 0x3D, 0x3E, 0x75, 0x75, 0x80, 0x86, 0x89, 0x89, 0x8A, 
  0x8C, 0x8E, 0x91, 0x94, 0x96, 0x99, 0x9B, 0x9D, 0x9F, 0xA0, 0xA1, 0xA2, 0xA3, 0xA3, 0xA3, 0xA3, 
  0xA3, 0xA4, 0xA4, 0xA4, 0xA4, 0xA4, 0xA3, 0xA3, 0xA3, 0xA3, 0xA3, 0xA3, 0xA2, 0xA2, 0xA2, 0xA2, 
  0xA1, 0xA1, 0xA1, 0xA0, 0xA0, 0xA0, 0x9F, 0x9F, 0x9F, 0x9E, 0x9E, 0x9E, 0x9D, 0x9D, 0x9D, 0x9C, 
  0x9C, 0x9C, 0x9B, 0x9B, 0x9B, 0x9A, 0x9A, 0x9A, 0x99, 0x99, 0x99, 0x98, 0x98, 0x98, 0x97, 0x97, 
  0x97, 0x96, 0x96, 0x96, 0x96, 0x95, 0x95, 0x95, 0x94, 0x94, 0x94, 0x93, 0x93, 0x93, 0x93, 0x92, 
  0x92, 0x92, 0x92, 0x91, 0x91, 0x5A, 0x4F, 0x46, 0x41, 0x40, 0x42, 0x42, 0x41, 0x3F, 0x3D, 0x3C, 
  0x3A, 0x39, 0x38, 0x38, 0x37, 0x38, 0x38, 0x38, 0x39, 0x3A, 0x3A, 0x3B, 0x3C, 0x3D, 0x3D, 0x3E, 
  0x3E, 0x3F, 0x3F, 0x6A, 0x7B, 0x82, 0x89, 0x8C, 0x8D, 0x8D, 0x8F, 0x91, 0x93, 0x96, 0x99, 0x9C, 
  0x9E, 0xA0, 0xA2, 0xA3, 0xA4, 0xA5, 0xA6, 0xA6, 0xA6, 0xA6, 0xA6, 0xA6, 0xA6, 0xA6, 0xA6, 0xA6, 
  0xA6, 0xA6, 0xA6, 0xA6, 0xA5, 0xA5, 0xA5, 0xA5, 0xA4, 0xA4, 0xA4, 0xA3, 0xA3, 0xA2, 0xA2, 0xA2, 
  0xA1, 0xA1, 0xA1, 0xA0, 0xA0, 0x9F, 0x9F, 0x9F, 0x96, 0x95, 0x93, 0x92, 0x92, 0x91, 0x91, 0x91, 
  0x90, 0x8F, 0x8F, 0x8E, 0x8D, 0x8D, 0x8C, 0x8C, 0x8B, 0x8B, 0x8B, 0x8B, 0x8A, 0x8A, 0x8A, 0x8A, 
  0x89, 0x89, 0x89, 0x89, 0x89, 0x88, 0x88, 0x88, 0x88, 0x88, 0x88, 0x87, 0x87, 0x87, 0x87, 0x50, 
  0x51, 0x47, 0x42, 0x41, 0x42, 0x43, 0x43, 0x41, 0x40, 0x3E, 0x3D, 0x3C, 0x3B, 0x3B, 0x3A, 0x3A, 
  0x3B, 0x3B, 0x3C, 0x3C, 0x3D, 0x3E, 0x3E, 0x3F, 0x3F, 0x40, 0x41, 0x41, 0x42, 0x42, 0x74, 0x7A, 
  0x82, 0x86, 0x87, 0x87, 0x88, 0x8A, 0x8C, 0x8F, 0x91, 0x94, 0x96, 0x98, 0x9A, 0x9B, 0x9C, 0x9D, 
  0x9D, 0x9E, 0x9E, 0x9E, 0x9E, 0x9E, 0x9F, 0x9F, 0x9F, 0x9F, 0x9F, 0x9E, 0x9E, 0x9E, 0x9E, 0x9E, 
  0x9E, 0x9E, 0x9D, 0x9D, 0x9D, 0x9D, 0x9C, 0x9C, 0x9C, 0x9C, 0x9B, 0x9B, 0x9B, 0x9B, 0x9A, 0x9A, 
  0x9A, 0x99, 0x99, 0x99, 0x99, 0x98, 0x98, 0x98, 0x97, 0x97, 0x97, 0x97, 0x96, 0x96, 0x96, 0x95, 
  0x95, 0x95, 0x95, 0x94, 0x94, 0x94, 0x94, 0x93, 0x93, 0x93, 0x93, 0x92, 0x92, 0x92, 0x92, 0x91, 
  0x91, 0x91, 0x91, 0x90, 0x90, 0x90, 0x90, 0x8F, 0x8F, 0x74, 0x57, 0x4E, 0x4A, 0x48, 0x49, 0x4A, 
  0x4A, 0x48, 0x46, 0x44, 0x42, 0x41, 0x40, 0x3F, 0x3E, 0x3E, 0x3E, 0x3E, 0x3F, 0x3F, 0x40, 0x40, 
  0x41, 0x42, 0x42, 0x43, 0x43, 0x44, 0x44, 0x45, 0x72, 0x7C, 0x85, 0x8A, 0x8C, 0x8C, 0x8C, 0x8E, 
  0x90, 0x92, 0x95, 0x97, 0x99, 0x9C, 0x9D, 0x9F, 0xA0, 0xA1, 0xA1, 0xA1, 0xA2, 0xA2, 0xA2, 0xA2, 
  0xA2, 0xA2, 0xA2, 0xA2, 0xA2, 0xA2, 0xA1, 0xA1, 0xA1, 0xA1, 0xA1, 0xA0, 0xA0, 0xA0, 0xA0, 0x9F, 
  0x9F, 0x9F, 0x9E, 0x9E, 0x9E, 0x9D, 0x9D, 0x9D, 0x9C, 0x9C, 0x9C, 0x9B, 0x9B, 0x9B, 0x9A, 0x9A, 
  0x9A, 0x99, 0x91, 0x91, 0x8F, 0x8E, 0x8D, 0x8D, 0x8D, 0x8C, 0x8C, 0x8B, 0x8B, 0x8A, 0x8A, 0x89, 
  0x89, 0x88, 0x88, 0x88, 0x87, 0x87, 0x87, 0x87, 0x87, 0x86, 0x86, 0x86, 0x86, 0x86, 0x86, 0x85, 
  0x85, 0x85, 0x85, 0x85, 0x56, 0x51, 0x4B, 0x49, 0x49, 0x4A, 0x4A, 0x49, 0x48, 0x46, 0x45, 0x43, 
  0x42, 0x42, 0x41, 0x41, 0x41, 0x41, 0x41, 0x42, 0x42, 0x43, 0x44, 0x44, 0x45, 0x45, 0x46, 0x46, 
  0x47, 0x47, 0x76, 0x74, 0x7E, 0x84, 0x85, 0x86, 0x86, 0x87, 0x89, 0x8B, 0x8D, 0x8F, 0x91, 0x93, 
  0x95, 0x96, 0x97, 0x98, 0x99, 0x99, 0x99, 0x9A, 0x9A, 0x9A, 0x9A, 0x9A, 0x9A, 0x9A, 0x9A, 0x9A, 
  0x9A, 0x9A, 0x9A, 0x9A, 0x9A, 0x99, 0x99, 0x99, 0x99, 0x99, 0x98, 0x98, 0x98, 0x98, 0x98, 0x97, 
  0x97, 0x97, 0x97, 0x96, 0x96, 0x96, 0x96, 0x95, 0x95, 0x95, 0x95, 0x94, 0x94, 0x94, 0x94, 0x94, 
  0x93, 0x93, 0x93, 0x93, 0x92, 0x92, 0x92, 0x92, 0x91, 0x91, 0x91, 0x91, 0x91, 0x90, 0x90, 0x90, 
  0x90, 0x90, 0x8F, 0x8F, 0x8F, 0x8F, 0x8F, 0x8E, 0x8E, 0x8E, 0x8E, 0x8E, 0x8D, 0x8D, 0x62, 0x5C, 
  0x54, 0x50, 0x50, 0x51, 0x51, 0x51, 0x4F, 0x4D, 0x4B, 0x49, 0x48, 0x47, 0x46, 0x45, 0x45, 0x45, 
  0x46, 0x46, 0x46, 0x47, 0x47, 0x48, 0x48, 0x49, 0x49, 0x4A, 0x4A, 0x4B, 0x61, 0x7A, 0x83, 0x88, 
  0x8A, 0x8A, 0x8A, 0x8B, 0x8C, 0x8E, 0x91, 0x93, 0x95, 0x97, 0x99, 0x9A, 0x9B, 0x9C, 0x9D, 0x9D, 
  0x9D, 0x9D, 0x9D, 0x9D, 0x9D, 0x9D, 0x9D, 0x9D, 0x9D, 0x9D, 0x9D, 0x9D, 0x9D, 0x9D, 0x9D, 0x9C, 
  0x9C, 0x9C, 0x9C, 0x9B, 0x9B, 0x9B, 0x9B, 0x9A, 0x9A, 0x9A, 0x9A, 0x99, 0x99, 0x99, 0x98, 0x98, 
  0x98, 0x98, 0x97, 0x97, 0x97, 0x96, 0x96, 0x96, 0x96, 0x95, 0x95, 0x95, 0x8D, 0x8C, 0x8A, 0x89, 
  0x89, 0x89, 0x89, 0x89, 0x88, 0x88, 0x87, 0x86, 0x86, 0x86, 0x85, 0x85, 0x84, 0x84, 0x84, 0x84, 
  0x84, 0x84, 0x83, 0x83, 0x83, 0x83, 0x83, 0x83, 0x57, 0x5A, 0x54, 0x50, 0x4F, 0x50, 0x51, 0x51, 
  0x4F, 0x4E, 0x4C, 0x4B, 0x4A, 0x49, 0x48, 0x48, 0x48, 0x48, 0x48, 0x48, 0x49, 0x49, 0x4A, 0x4A, 
  0x4B, 0x4B, 0x4C, 0x4C, 0x4D, 0x4D, 0x4E, 0x75, 0x7A, 0x80, 0x83, 0x84, 0x84, 0x84, 0x85, 0x87, 
  0x89, 0x8B, 0x8D, 0x8F, 0x90, 0x91, 0x93, 0x93, 0x94, 0x94, 0x95, 0x95, 0x95, 0x95, 0x95, 0x95, 
  0x95, 0x95, 0x95, 0x95, 0x95, 0x95, 0x95, 0x95, 0x95, 0x95, 0x95, 0x95, 0x95, 0x95, 0x94, 0x94, 
  0x94, 0x94, 0x94, 0x94, 0x93, 0x93, 0x93, 0x93, 0x93, 0x92, 0x92, 0x92, 0x92, 0x92, 0x91, 0x91, 
  0x91, 0x91, 0x91, 0x90, 0x90, 0x90, 0x90, 0x90, 0x8F, 0x8F, 0x8F, 0x8F, 0x8F, 0x8F, 0x8E, 0x8E, 
  0x8E, 0x8E, 0x8E, 0x8E, 0x8D, 0x8D, 0x8D, 0x8D, 0x8D, 0x8D, 0x8C, 0x8C, 0x8C, 0x8C, 0x8C, 0x8C, 
  0x8B, 0x8B, 0x7F, 0x63, 0x5C, 0x58, 0x57, 0x57, 0x58, 0x58, 0x57, 0x55, 0x54, 0x52, 0x51, 0x50, 
  0x4F, 0x4E, 0x4D, 0x4D, 0x4D, 0x4E, 0x4E, 0x4E, 0x4F, 0x4F, 0x50, 0x50, 0x51, 0x51, 0x51, 0x52, 
  0x52, 0x76, 0x7C, 0x84, 0x88, 0x89, 0x89, 0x89, 0x8A, 0x8B, 0x8D, 0x8F, 0x91, 0x93, 0x94, 0x96, 
  0x97, 0x98, 0x98, 0x99, 0x99, 0x99, 0x99, 0x99, 0x99, 0x99, 0x99, 0x99, 0x99, 0x99, 0x99, 0x99, 
  0x99, 0x99, 0x99, 0x98, 0x98, 0x98, 0x98, 0x98, 0x97, 0x97, 0x97, 0x97, 0x97, 0x96, 0x96, 0x96, 
  0x96, 0x95, 0x95, 0x95, 0x95, 0x94, 0x94, 0x94, 0x94, 0x93, 0x93, 0x93, 0x93, 0x92, 0x92, 0x92, 
  0x92, 0x91, 0x91, 0x91, 0x91, 0x91, 0x89, 0x88, 0x86, 0x85, 0x85, 0x85, 0x85, 0x85, 0x84, 0x84, 
  0x83, 0x83, 0x82, 0x82, 0x81, 0x81, 0x81, 0x81, 0x81, 0x80, 0x80, 0x80, 0x80, 0x61, 0x5C, 0x58, 
  0x56, 0x56, 0x57, 0x57, 0x57, 0x56, 0x54, 0x53, 0x52, 0x51, 0x50, 0x50, 0x50, 0x50, 0x50, 0x50, 
  0x50, 0x51, 0x51, 0x52, 0x52, 0x52, 0x53, 0x53, 0x54, 0x54, 0x55, 0x79, 0x77, 0x7C, 0x80, 0x82, 
  0x82, 0x82, 0x82, 0x84, 0x85, 0x87, 0x88, 0x8A, 0x8B, 0x8D, 0x8E, 0x8E, 0x8F, 0x8F, 0x90, 0x90, 
  0x90, 0x90, 0x90, 0x90, 0x91, 0x91, 0x91, 0x91, 0x91, 0x91, 0x91, 0x91, 0x91, 0x91, 0x91, 0x90, 
  0x90, 0x90, 0x90, 0x90, 0x90, 0x90, 0x90, 0x8F, 0x8F, 0x8F, 0x8F, 0x8F, 0x8F, 0x8F, 0x8F, 0x8E, 
  0x8E, 0x8E, 0x8E, 0x8E, 0x8E, 0x8E, 0x8D, 0x8D, 0x8D, 0x8D, 0x8D, 0x8D, 0x8D, 0x8C, 0x8C, 0x8C, 
  0x8C, 0x8C, 0x8C, 0x8C, 0x8B, 0x8B, 0x8B, 0x8B, 0x8B, 0x8B, 0x8B, 0x8B, 0x8A, 0x8A, 0x8A, 0x8A, 
  0x8A, 0x8A, 0x8A, 0x8A, 0x89, 0x89, 0x89, 0x6A, 0x67, 0x61, 0x5E, 0x5E, 0x5F, 0x5F, 0x5F, 0x5E, 
  0x5D, 0x5B, 0x5A, 0x59, 0x58, 0x57, 0x57, 0x57, 0x56, 0x57, 0x57, 0x57, 0x57, 0x58, 0x58, 0x59, 
  0x59, 0x59, 0x5A, 0x5A, 0x5B, 0x64, 0x7B, 0x82, 0x86, 0x87, 0x87, 0x87, 0x88, 0x89, 0x8A, 0x8C, 
  0x8D, 0x8F, 0x90, 0x92, 0x93, 0x93, 0x94, 0x94, 0x95, 0x95, 0x95, 0x95, 0x95, 0x95, 0x95, 0x95, 
  0x95, 0x95, 0x95, 0x95, 0x95, 0x95, 0x95, 0x95, 0x94, 0x94, 0x94, 0x94, 0x94, 0x94, 0x93, 0x93, 
  0x93, 0x93, 0x93, 0x92, 0x92, 0x92, 0x92, 0x92, 0x91, 0x91, 0x91, 0x91, 0x91, 0x90, 0x90, 0x90, 
  0x90, 0x90, 0x8F, 0x8F, 0x8F, 0x8F, 0x8F, 0x8F, 0x8E, 0x8E, 0x8E, 0x8E, 0x8E, 0x8D, 0x8D, 0x8D, 
  0x85, 0x84, 0x83, 0x82, 0x81, 0x82, 0x82, 0x81, 0x81, 0x80, 0x80, 0x80, 0x7F, 0x7F, 0x7E, 0x7E, 
  0x7E, 0x66, 0x63, 0x60, 0x5D, 0x5D, 0x5E, 0x5E, 0x5E, 0x5D, 0x5C, 0x5C, 0x5B, 0x5A, 0x59, 0x59, 
  0x58, 0x58, 0x58, 0x59, 0x59, 0x59, 0x59, 0x5A, 0x5A, 0x5B, 0x5B, 0x5B, 0x5C, 0x5C, 0x5D, 0x5D, 
  0x75, 0x79, 0x7D, 0x7F, 0x80, 0x7F, 0x80, 0x81, 0x82, 0x83, 0x84, 0x86, 0x87, 0x88, 0x89, 0x8A, 
  0x8A, 0x8B, 0x8B, 0x8B, 0x8B, 0x8B, 0x8C, 0x8C, 0x8C, 0x8C, 0x8C, 0x8C, 0x8C, 0x8C, 0x8C, 0x8C, 
  0x8C, 0x8C, 0x8C, 0x8C, 0x8C, 0x8C, 0x8C, 0x8C, 0x8C, 0x8C, 0x8B, 0x8B, 0x8B, 0x8B, 0x8B, 0x8B, 
  0x8B, 0x8B, 0x8B, 0x8B, 0x8B, 0x8B, 0x8A, 0x8A, 0x8A, 0x8A, 0x8A, 0x8A, 0x8A, 0x8A, 0x8A, 0x8A, 
  0x8A, 0x89, 0x89, 0x89, 0x89, 0x89, 0x89, 0x89, 0x89, 0x89, 0x89, 0x89, 0x88, 0x88, 0x88, 0x88, 
  0x88, 0x88, 0x88, 0x88, 0x88, 0x88, 0x88, 0x88, 0x87, 0x87, 0x87, 0x84, 0x6E, 0x69, 0x67, 0x66, 
  0x66, 0x67, 0x67, 0x66, 0x65, 0x64, 0x63, 0x62, 0x61, 0x61, 0x60, 0x60, 0x60, 0x60, 0x60, 0x60, 
  0x61, 0x61, 0x61, 0x61, 0x62, 0x62, 0x62, 0x63, 0x63, 0x63, 0x7B, 0x7E, 0x83, 0x86, 0x86, 0x86, 
  0x86, 0x87, 0x88, 0x89, 0x8A, 0x8B, 0x8D, 0x8E, 0x8F, 0x8F, 0x90, 0x90, 0x90, 0x91, 0x91, 0x91, 
  0x91, 0x91, 0x91, 0x91, 0x91, 0x91, 0x91, 0x91, 0x91, 0x91, 0x91, 0x91, 0x90, 0x90, 0x90, 0x90, 
  0x90, 0x90, 0x90, 0x90, 0x8F, 0x8F, 0x8F, 0x8F, 0x8F, 0x8F, 0x8F, 0x8E, 0x8E, 0x8E, 0x8E, 0x8E, 
  0x8E, 0x8D, 0x8D, 0x8D, 0x8D, 0x8D, 0x8D, 0x8D, 0x8C, 0x8C, 0x8C, 0x8C, 0x8C, 0x8C, 0x8C, 0x8B, 
  0x8B, 0x8B, 0x8B, 0x8B, 0x8B, 0x8B, 0x8A, 0x8A, 0x8A, 0x8A, 0x82, 0x81, 0x7F, 0x7E, 0x7E, 0x7E, 
  0x7E, 0x7E, 0x7E, 0x7D, 0x7D, 0x7D, 0x6C, 0x69, 0x66, 0x65, 0x65, 0x65, 0x65, 0x65, 0x65, 0x64, 
  0x63, 0x63, 0x62, 0x62, 0x62, 0x62, 0x61, 0x62, 0x62, 0x62, 0x62, 0x62, 0x63, 0x63, 0x63, 0x64, 
  0x64, 0x64, 0x65, 0x65, 0x75, 0x78, 0x7A, 0x7D, 0x7D, 0x7D, 0x7D, 0x7E, 0x7E, 0x7F, 0x80, 0x81, 
  0x82, 0x83, 0x84, 0x84, 0x85, 0x85, 0x86, 0x86, 0x86, 0x86, 0x86, 0x86, 0x86, 0x87, 0x87, 0x87, 
  0x87, 0x87, 0x87, 0x87, 0x87, 0x87, 0x87, 0x87, 0x87, 0x87, 0x87, 0x87, 0x87, 0x87, 0x87, 0x87, 
  0x87, 0x87, 0x87, 0x87, 0x87, 0x87, 0x87, 0x87, 0x87, 0x87, 0x87, 0x87, 0x87, 0x87, 0x86, 0x86, 
  0x86, 0x86, 0x86, 0x86, 0x86, 0x86, 0x86, 0x86, 0x86, 0x86, 0x86, 0x86, 0x86, 0x86, 0x86, 0x86, 
  0x86, 0x86, 0x86, 0x86, 0x86, 0x86, 0x86, 0x85, 0x85, 0x85, 0x85, 0x85, 0x85, 0x85, 0x85, 0x85, 
  0x74, 0x73, 0x6F, 0x6E, 0x6E, 0x6E, 0x6E, 0x6E, 0x6E, 0x6D, 0x6C, 0x6C, 0x6B, 0x6B, 0x6A, 0x6A, 
  0x6A, 0x6A, 0x6A, 0x6A, 0x6A, 0x6A, 0x6B, 0x6B, 0x6B, 0x6B, 0x6B, 0x6C, 0x6C, 0x6C, 0x6E, 0x7E, 
  0x82, 0x84, 0x85, 0x85, 0x85, 0x85, 0x85, 0x86, 0x87, 0x88, 0x89, 0x8A, 0x8B, 0x8B, 0x8C, 0x8C, 
  0x8C, 0x8C, 0x8C, 0x8C, 0x8D, 0x8D, 0x8D, 0x8D, 0x8D, 0x8D, 0x8D, 0x8D, 0x8D, 0x8C, 0x8C, 0x8C, 
  0x8C, 0x8C, 0x8C, 0x8C, 0x8C, 0x8C, 0x8C, 0x8C, 0x8C, 0x8C, 0x8B, 0x8B, 0x8B, 0x8B, 0x8B, 0x8B, 
  0x8B, 0x8B, 0x8B, 0x8B, 0x8A, 0x8A, 0x8A, 0x8A, 0x8A, 0x8A, 0x8A, 0x8A, 0x8A, 0x8A, 0x89, 0x89, 
  0x89, 0x89, 0x89, 0x89, 0x89, 0x89, 0x89, 0x89, 0x88, 0x88, 0x88, 0x88, 0x88, 0x88, 0x88, 0x88, 
  0x88, 0x88, 0x88, 0x87, 0x7F, 0x7E, 0x7C, 0x7C, 0x7B, 0x7C, 0x75, 0x72, 0x70, 0x6F, 0x6E, 0x6E, 
  0x6E, 0x6E, 0x6D, 0x6D, 0x6C, 0x6C, 0x6C, 0x6B, 0x6B, 0x6B, 0x6B, 0x6B, 0x6B, 0x6B, 0x6B, 0x6C, 
  0x6C, 0x6C, 0x6C, 0x6C, 0x6D, 0x6D, 0x6D, 0x6D, 0x6E, 0x76, 0x78, 0x7A, 0x7B, 0x7B, 0x7B, 0x7B, 
  0x7B, 0x7C, 0x7D, 0x7D, 0x7E, 0x7E, 0x7F, 0x7F, 0x80, 0x80, 0x80, 0x80, 0x80, 0x81, 0x81, 0x81, 
  0x81, 0x81, 0x81, 0x81, 0x81, 0x81, 0x82, 0x82, 0x82, 0x82, 0x82, 0x82, 0x82, 0x82, 0x82, 0x82, 
  0x82, 0x82, 0x82, 0x82, 0x82, 0x82, 0x82, 0x82, 0x82, 0x82, 0x83, 0x83, 0x83, 0x83, 0x83, 0x83, 
  0x83, 0x83, 0x83, 0x83, 0x83, 0x83, 0x83, 0x83, 0x83, 0x83, 0x83, 0x83, 0x83, 0x83, 0x83, 0x83, 
  0x83, 0x83, 0x83, 0x83, 0x83, 0x83, 0x83, 0x83, 0x83, 0x83, 0x83, 0x83, 0x83, 0x83, 0x83, 0x83, 
  0x83, 0x83, 0x83, 0x83, 0x83, 0x79, 0x78, 0x77, 0x76, 0x76, 0x77, 0x77, 0x77, 0x76, 0x76, 0x75, 
  0x75, 0x75, 0x75, 0x74, 0x74, 0x74, 0x74, 0x74, 0x74, 0x75, 0x75, 0x75, 0x75, 0x75, 0x75, 0x75, 
  0x76, 0x76, 0x76, 0x80, 0x80, 0x82, 0x83, 0x84, 0x84, 0x84, 0x84, 0x84, 0x85, 0x85, 0x86, 0x86, 
  0x87, 0x87, 0x87, 0x88, 0x88, 0x88, 0x88, 0x88, 0x88, 0x88, 0x88, 0x88, 0x88, 0x88, 0x88, 0x88, 
  0x88, 0x88, 0x88, 0x88, 0x88, 0x88, 0x88, 0x88, 0x88, 0x88, 0x88, 0x88, 0x88, 0x88, 0x88, 0x88, 
  0x88, 0x88, 0x87, 0x87, 0x87, 0x87, 0x87, 0x87, 0x87, 0x87, 0x87, 0x87, 0x87, 0x87, 0x87, 0x87, 
  0x87, 0x87, 0x87, 0x87, 0x87, 0x86, 0x86, 0x86, 0x86, 0x86, 0x86, 0x86, 0x86, 0x86, 0x86, 0x86, 
  0x86, 0x86, 0x86, 0x86, 0x86, 0x86, 0x86, 0x86, 0x86, 0x85, 0x85, 0x85, 0x85, 0x85, 0x84, 0x7C, 
  0x7A, 0x79, 0x78, 0x78, 0x78, 0x78, 0x78, 0x78, 0x77, 0x77, 0x76, 0x76, 0x76, 0x76, 0x75, 0x75, 
  0x75, 0x75, 0x75, 0x75, 0x76, 0x76, 0x76, 0x76, 0x76, 0x76, 0x76, 0x76, 0x76, 0x7D, 0x81, 0x82, 
  0x83, 0x83, 0x83, 0x83, 0x83, 0x84, 0x84, 0x85, 0x85, 0x85, 0x86, 0x86, 0x87, 0x87, 0x87, 0x87, 
  0x87, 0x87, 0x87, 0x87, 0x87, 0x87, 0x87, 0x87, 0x87, 0x87, 0x87, 0x87, 0x87, 0x87, 0x87, 0x87, 
  0x87, 0x87, 0x87, 0x87, 0x87, 0x87, 0x87, 0x87, 0x87, 0x87, 0x86, 0x86, 0x86, 0x86, 0x86, 0x86, 
  0x86, 0x86, 0x86, 0x86, 0x86, 0x86, 0x86, 0x86, 0x86, 0x86, 0x86, 0x86, 0x85, 0x85, 0x85, 0x85, 
  0x85, 0x85, 0x85, 0x85, 0x85, 0x85, 0x85, 0x85, 0x85, 0x85, 0x85, 0x85, 0x85, 0x85, 0x85, 0x84, 
  0x84, 0x84, 0x84, 0x84, 0x84, 0x84, 0x84, 0x84, 0x84, 0x7A, 0x7A, 0x78, 0x77, 0x77, 0x78, 0x78, 
  0x78, 0x77, 0x77, 0x77, 0x76, 0x76, 0x76, 0x75, 0x75, 0x75, 0x75, 0x75, 0x75, 0x75, 0x75, 0x75, 
  0x75, 0x76, 0x76, 0x76, 0x76, 0x76, 0x76, 0x76, 0x80, 0x81, 0x83, 0x83, 0x83, 0x83, 0x83, 0x83, 
  0x84, 0x84, 0x85, 0x85, 0x86, 0x86, 0x86, 0x86, 0x87, 0x87, 0x87, 0x87, 0x87, 0x87, 0x87, 0x87, 
  0x87, 0x87, 0x87, 0x87, 0x87, 0x87, 0x87, 0x87, 0x87, 0x87, 0x87, 0x87, 0x86, 0x86, 0x86, 0x86, 
  0x86, 0x86, 0x86, 0x86, 0x86, 0x86, 0x86, 0x86, 0x86, 0x86, 0x86, 0x86, 0x85, 0x85, 0x85, 0x85, 
  0x85, 0x85, 0x85, 0x85, 0x85, 0x85, 0x85, 0x85, 0x85, 0x85, 0x85, 0x85, 0x84, 0x84, 0x84, 0x84, 
  0x84, 0x84, 0x84, 0x84, 0x84, 0x84, 0x84, 0x84, 0x84, 0x84, 0x84, 0x84, 0x84, 0x84, 0x83, 0x83, 
  0x83, 0x83, 0x83, 0x7F, 0x79, 0x77, 0x77, 0x76, 0x76, 0x77, 0x77, 0x76, 0x76, 0x76, 0x75, 0x75, 
  0x75, 0x74, 0x74, 0x74, 0x74, 0x74, 0x74, 0x74, 0x74, 0x74, 0x74, 0x75, 0x75, 0x75, 0x75, 0x75, 
  0x75, 0x75, 0x75, 0x75, 0x76, 0x76, 0x76, 0x76, 0x76, 0x76, 0x76, 0x77, 0x77, 0x77, 0x77, 0x77, 
  0x77, 0x77, 0x77, 0x78, 0x78, 0x78, 0x78, 0x78, 0x78, 0x78, 0x79, 0x79, 0x79, 0x79, 0x79, 0x79, 
  0x79, 0x79, 0x7A, 0x7A, 0x7A, 0x7A, 0x7A, 0x7A, 0x7A, 0x7A, 0x7A, 0x7B, 0x7B, 0x7B, 0x7B, 0x7B, 
  0x7B, 0x7B, 0x7B, 0x7B, 0x7B, 0x7C, 0x7C, 0x7C, 0x7C, 0x7C, 0x7C, 0x7C, 0x7C, 0x7C, 0x7C, 0x7D, 
  0x7D, 0x7D, 0x7D, 0x7D, 0x7D, 0x7D, 0x7D, 0x7D, 0x7D, 0x7D, 0x7D, 0x7D, 0x7E, 0x7E, 0x7E, 0x7E, 
  0x7E, 0x7E, 0x7E, 0x7E, 0x7E, 0x7E, 0x7E, 0x7E, 0x7E, 0x7E, 0x7F, 0x7F, 0x7F, 0x7F, 0x7F, 0x7F, 
  0x7F, 0x7F, 0x7F, 0x7F, 0x7F, 0x7F, 0x7F, 0x7F, 0x7F, 0x7F, 0x7F, 0x80, 0x80, 0x80, 0x80, 0x80, 
  0x80, 0x80, 0x80, 0x80, 0x80, 0x80, 0x80, 0x80, 0x80, 0x80, 0x80, 0x80, 0x80, 0x80, 0x80, 0x80, 
  0x80, 0x81, 0x81, 0x81, 0x81, 0x81, 0x81, 0x81, 0x81, 0x81, 0x81, 0x81, 0x81, 0x81, 0x81, 0x81, 
  0x81, 0x81, 0x81, 0x81, 0x81, 0x81, 0x81, 0x81, 0x81, 0x81, 0x81, 0x81, 0x81, 0x81, 0x81, 0x81, 
  0x81, 0x82, 0x82, 0x82, 0x82, 0x82, 0x82, 0x82, 0x82, 0x82, 0x82, 0x82, 0x82, 0x82, 0x82, 0x82, 
  0x82, 0x82, 0x82, 0x82, 0x82, 0x82, 0x82, 0x82, 0x82, 0x82, 0x82, 0x82, 0x82, 0x82, 0x82, 0x82, 
  0x82, 0x82, 0x82, 0x82, 0x82, 0x82, 0x82, 0x82, 0x82, 0x82, 0x82, 0x82, 0x82, 0x82, 0x82, 0x82, 
  0x82, 0x82, 0x82, 0x82, 0x82, 0x82, 0x82, 0x82, 0x82, 0x82, 0x82, 0x82, 0x82, 0x82, 0x82, 0x82, 
  0x82, 0x82, 0x82, 0x82, 0x82, 0x82, 0x82, 0x82, 0x82, 0x82, 0x82, 0x82, 0x82, 0x82, 0x82, 0x82, 
  0x82, 0x82, 0x82, 0x82, 0x82, 0x82, 0x82, 0x82, 0x82, 0x82, 0x82, 0x82, 0x82, 0x82, 0x82, 0x82, 
  0x82, 0x82, 0x82, 0x82, 0x82, 0x82, 0x82, 0x82, 0x82, 0x82, 0x82, 0x82, 0x82, 0x82, 0x82, 0x82, 
  0x82, 0x82, 0x82, 0x82, 0x82, 0x82, 0x82, 0x82, 0x82, 0x82, 0x82, 0x82, 0x82, 0x82, 0x82, 0x82, 
  0x82, 0x82, 0x82, 0x82, 0x82, 0x82, 0x82, 0x82, 0x82, 0x82, 0x82, 0x82, 0x82, 0x82, 0x82, 0x82, 
  0x82, 0x82, 0x82, 0x82, 0x82, 0x82, 0x82, 0x82, 0x82, 0x82, 0x82, 0x82, 0x82, 0x82, 0x82, 0x82, 
  0x82, 0x82, 0x82, 0x82, 0x82, 0x82, 0x82, 0x82, 0x82, 0x82, 0x82, 0x82, 0x82, 0x82, 0x82, 0x82, 
  0x82, 0x82, 0x82, 0x82, 0x82, 0x82, 0x82, 0x82, 0x82, 0x82, 0x82, 0x82, 0x82, 0x82, 0x82, 0x82, 
  0x82, 0x82, 0x82, 0x82, 0x82, 0x82, 0x82, 0x82, 0x82, 0x82, 0x82, 0x82, 0x82, 0x82, 0x82, 0x82, 
  0x82, 0x82, 0x82, 0x82, 0x82, 0x82, 0x82, 0x82, 0x82, 0x81, 0x81, 0x81, 0x81, 0x81, 0x81, 0x81, 
  0x81, 0x81, 0x81, 0x81, 0x81, 0x81, 0x81, 0x81, 0x81, 0x81, 0x81, 0x81, 0x81, 0x81, 0x81, 0x81, 
  0x81, 0x81, 0x81, 0x81, 0x81, 0x81, 0x81, 0x81, 0x81, 0x81, 0x81, 0x81, 0x81, 0x81, 0x81, 0x81, 
  0x81, 0x81, 0x81, 0x81, 0x81, 0x81, 0x81, 0x81, 0x81, 0x81, 0x81, 0x81, 0x81, 0x81, 0x81, 0x81, 
  0x81, 0x81, 0x81, 0x81, 0x81, 0x81, 0x81, 0x81, 0x81, 0x81, 0x81, 0x81, 0x81, 0x81, 0x81, 0x81, 
  0x81, 0x81, 0x81, 0x81, 0x81, 0x81, 0x81, 0x81, 0x81, 0x81, 0x81, 0x81, 0x81, 0x81, 0x81, 0x81, 
  0x81, 0x81, 0x81, 0x81, 0x81, 0x81, 0x81, 0x81, 0x81, 0x81, 0x81, 0x81, 0x81, 0x81, 0x81, 0x81, 
  0x81, 0x81, 0x81, 0x81, 0x81, 0x81, 0x81, 0x81, 0x81, 0x81, 0x81, 0x81, 0x81, 0x81, 0x81, 0x81, 
  0x81, 0x81, 0x81, 0x81, 0x81, 0x81, 0x81, 0x81, 0x81, 0x81, 0x81, 0x81, 0x80, 0x80, 0x80, 0x80, 
  0x80, 0x80, 0x80, 0x80, 0x80, 0x80, 0x80, 0x80, 0x80, 0x80, 0x80, 0x80, 0x80, 0x80, 0x80, 0x80, 
  0x80, 0x80, 0x80, 0x80, 0x80, 0x80, 0x80, 0x80, 0x80, 0x80, 0x80, 0x80, 0x80, 0x80, 0x80, 0x80, 
  0x80, 0x80, 0x80, 0x80, 0x80, 0x80, 0x80, 0x80, 0x80, 0x80, 0x80, 0x80, 0x80, 0x80, 0x80, 0x80, 
  0x80, 0x80, 0x80, 0x80, 0x80, 0x80, 0x80, 0x80, 0x80, 0x80, 0x80, 0x80, 0x80, 0x80, 0x80, 0x80, 
  0x80, 0x80, 0x80, 0x80, 0x80, 0x80, 0x80, 0x80, 0x80, 0x80, 0x80, 0x80, 0x80, 0x80, 0x80, 0x80, 
  0x80, 0x80, 0x80, 0x80, 0x80, 0x80, 0x80, 0x80, 0x80, 0x80, 0x80, 0x80, 0x80, 0x80, 0x80, 0x80, 
  0x80, 0x80, 0x80, 0x80, 0x80, 0x80, 0x80, 0x80, 0x80, 0x80, 0x80, 0x80, 0x80, 0x80, 0x80, 0x80, 
  0x80, 0x80, 0x80, 0x80, 0x80, 0x80, 0x80, 0x80, 0x80, 0x80, 0x80, 0x80, 0x80, 0x80, 0x80, 0x80, 
  0x80, 0x80, 0x80, 0x80, 0x80, 0x80, 0x80, 0x80, 0x80, 0x80, 0x80, 0x80, 0x80, 0x80, 0x80, 0x80, 
  0x80, 0x80, 0x80, 0x80, 0x80, 0x80, 0x80, 0x80, 0x80, 0x80, 0x80, 0x80, 0x80, 0x80, 0x80, 0x80, 
  0x80, 0x80, 0x80, 0x80, 0x80, 0x80, 0x80, 0x80, 0x80, 0x80, 0x80, 0x80, 0x80, 0x80, 0x80, 0x80, 
  0x80, 0x80, 0x80, 0x80, 0x80, 0x80, 0x80, 0x80, 0x80, 0x80, 0x80, 0x80, 0x80, 0x80, 0x80, 0x80, 
  0x80, 0x80, 0x80, 0x80, 0x80, 0x80, 0x80, 0x80, 0x80, 0x80, 0x80, 0x80, 0x80, 0x80, 0x80, 0x80, 
  0x80, 0x80, 0x80, 0x80, 0x80, 0x80, 0x80, 0x80, 0x80, 0x80, 0x80, 0x80, 0x80, 0x80, 0x80, 0x80, 
  0x80, 0x80, 0x80, 0x80, 0x80, 0x80, 0x80, 0x80, 0x80, 0x80, 0x80, 0x80, 0x80, 0x80, 0x80, 0x80, 
  0x80, 0x80, 0x80, 0x80, 0x80, 0x80, 0x80, 0x80, 0x80, 0x80, 0x80, 0x80, 0x80, 0x80, 0x80, 0x80, 
  0x80, 0x80, 0x80, 0x80, 0x80, 0x80, 0x80, 0x80, 0x80, 0x80, 0x80, 0x80, 0x80, 0x80, 0x80, 0x80, 
  0x80, 0x80, 0x80, 0x80, 0x80, 0x80, 0x80, 0x80, 0x80, 0x80, 0x80, 0x80, 0x80, 0x80, 0x80, 0x80, 
  0x80, 0x80, 0x80, 0x80, 0x80, 0x80, 0x80, 0x80, 0x80, 0x80, 0x80, 0x80, 0x80, 0x80, 0x80, 0x80, 
  0x80, 0x80, 0x80, 0x80, 0x80, 0x80, 0x80, 0x80, 0x80, 0x80, 0x80, 0x80, 0x80, 0x80, 0x80, 0x80, 
  0x80, 0x80, 0x80, 0x80, 0x80, 0x80, 0x80, 0x80, 0x80, 0x80, 0x80, 0x80, 0x80, 0x80, 0x80, 0x80, 
  0x80, 0x80, 0x80, 0x80, 0x80, 0x80, 0x80, 0x80, 0x80, 0x80, 0x80, 0x80, 0x80, 0x80, 0x80, 0x80, 
  0x80, 0x80, 0x80, 0x80, 0x80, 0x80, 0x80, 0x80, 0x80, 0x80, 0x80, 0x80, 0x80, 0x80, 0x80, 0x80, 
  0x80, 0x80, 0x80, 0x80, 0x80, 0x80, 0x80, 0x80, 0x80, 0x80, 0x80, 0x80, 0x80, 0x80, 0x80, 0x80, 
  0x80, 0x80, 0x80, 0x80, 0x80, 0x80, 0x80, 0x80, 0x80, 0x80, 0x80, 0x80, 0x80, 0x80, 0x80, 0x80, 
  0x80, 0x80, 0x80, 0x80, 0x80, 0x80, 0x80, 0x80, 0x80, 0x80, 0x80, 0x80, 0x80, 0x80, 0x80, 0x80, 
  0x80, 0x80, 0x80, 0x80, 0x80, 0x80, 0x80, 0x80, 0x80, 0x80, 0x80, 0x80, 0x80, 0x80, 0x80, 0x80, 
  0x80, 0x80, 0x80, 0x80, 0x80, 0x80, 0x80, 0x80, 0x80, 0x80, 0x80, 0x80, 0x80, 0x80, 0x80, 0x80, 
  0x80, 0x7F, 0x7F, 0x7F, 0x7F, 0x7F, 0x7F, 0x7F, 0x7F, 0x7F, 0x7F, 0x7F, 0x7F, 0x7F, 0x7F, 0x7F, 
  0x7F, 0x7F, 0x7F, 0x7F, 0x7F, 0x7F, 0x7F, 0x7F, 0x7F, 0x7F, 0x7F, 0x7F, 0x7F, 0x7F, 0x7F, 0x7F, 
  0x7F, 0x7F, 0x7F, 0x7F, 0x7F, 0x7F, 0x7F, 0x7F, 0x7F, 0x7F, 0x7F, 0x7F, 0x7F, 0x7F, 0x7F, 0x7F, 
  0x7F, 0x7F, 0x7F, 0x7F, 0x7F, 0x7F, 0x7F, 0x7F, 0x7F, 0x7F, 0x7F, 0x7F, 0x7F, 0x7F, 0x7F, 0x7F, 
  0x7F, 0x7F, 0x7F, 0x7F, 0x7F, 0x7F, 0x7F, 0x7F, 0x7F, 0x7F, 0x7F, 0x7F, 0x7F, 0x7F, 0x7F, 0x7F, 
  0x7F, 0x7F, 0x7F, 0x7F, 0x7F, 0x7F, 0x7F, 0x7F, 0x7F, 0x7F, 0x7F, 0x7F, 0x7F, 0x7F, 0x7F, 0x7F, 
  0x7F, 0x7F, 0x7F, 0x7F, 0x7F, 0x7F, 0x7F, 0x7F, 0x7F, 0x7F, 0x7F, 0x7F, 0x7F, 0x7F, 0x7F, 0x7F, 
  0x7F, 0x7F, 0x7F, 0x7F, 0x7F, 0x7F, 0x7F, 0x7F, 0x7F, 0x7F, 0x7F, 0x7F, 0x7F, 0x7F, 0x7F, 0x7F, 
  0x7F, 0x7F, 0x7F, 0x7F, 0x7F, 0x7F, 0x7F, 0x7F, 0x7F, 0x7F, 0x7F, 0x7F, 0x7F, 0x7F, 0x7F, 0x7F, 
  0x7F, 0x7F, 0x7F, 0x7F, 0x7F, 0x7F, 0x7F, 0x7F, 0x7F, 0x7F, 0x7F, 0x7F, 0x7F, 0x7F, 0x7F, 0x7F, 
  0x7F, 0x7F, 0x7F, 0x7F, 0x7F, 0x7F, 0x7F, 0x7F, 0x7F, 0x7F, 0x7F, 0x7F, 0x7F, 0x7F, 0x7F, 0x7F, 
  0x7F, 0x7F, 0x7F, 0x7F, 0x7F, 0x7F, 0x7F, 0x7F, 0x7F, 0x7F, 0x7F, 0x7F, 0x7F, 0x7F, 0x7F, 0x7F, 
  0x7F, 0x7F, 0x7F, 0x7F, 0x7F, 0x7F, 0x7F, 0x7F, 0x7F, 0x7F, 0x7F, 0x7F, 0x7F, 0x7F, 0x7F, 0x7F, 
  0x7F, 0x7F, 0x7F, 0x7F, 0x7F, 0x7F, 0x7F, 0x7F, 0x7F, 0x7F, 0x7F, 0x7F, 0x7F, 0x7F, 0x7F, 0x7F, 
  0x7F, 0x7F, 0x7F, 0x7F, 0x7F, 0x7F, 0x7F, 0x7F, 0x7F, 0x7F, 0x7F, 0x7F, 0x7F, 0x7F, 0x7F, 0x7F, 
  0x7F, 0x7F, 0x7F, 0x7F, 0x7F, 0x7F, 0x7F, 0x7F, 0x7F, 0x7F, 0x7F, 0x7F, 0x7F, 0x7F, 0x7F, 0x7F, 
  0x7F, 0x7F, 0x7F, 0x7F, 0x7F, 0x7F, 0x7F, 0x7F, 0x7F, 0x7F, 0x7F, 0x7F, 0x7F, 0x7F, 0x7F, 0x7F, 
  0x7F, 0x7F, 0x7F, 0x7F, 0x7F, 0x7F, 0x7F, 0x7F, 0x7F, 0x7F, 0x7F, 0x7F, 0x7F, 0x7F, 0x7F, 0x7F, 
  0x7F, 0x7F, 0x7F, 0x7F, 0x7F, 0x7F, 0x7F, 0x7F, 0x7F, 0x7F, 0x7F, 0x7F, 0x7F, 0x7F, 0x7F, 0x7F, 
  0x7F, 0x7F, 0x7F, 0x7F, 0x7F, 0x7F, 0x7F, 0x7F, 0x7F, 0x7F, 0x7F, 0x7F, 0x7F, 0x7F, 0x7F, 0x7F, 
  0x7F, 0x7F, 0x7F, 0x7F, 0x7F, 0x7F, 0x7F, 0x7F, 0x7F, 0x7F, 0x7F, 0x7F, 0x7F, 0x7F, 0x7F, 0x7F, 
  0x7F, 0x7F, 0x7F, 0x7F, 0x7F, 0x7F, 0x7F, 0x7F, 0x7F, 0x7F, 0x7F, 0x7F, 0x7F, 0x7F, 0x7F, 0x7F, 
  0x7F, 0x7F, 0x7F, 0x7F, 0x7F, 0x7F, 0x7F, 0x7F, 0x7F, 0x7F, 0x7F, 0x7F, 0x7F, 0x7F, 0x7F, 0x7F, 
  0x7F, 0x7F, 0x7F, 0x7F, 0x7F, 0x7F, 0x7F, 0x7F, 0x7F, 0x7F, 0x7F, 0x7F, 0x7F, 0x7F, 0x7F, 0x7F, 
  0x7F, 0x7F, 0x7F, 0x7F, 0x7F, 0x7F, 0x7F, 0x7F, 0x7F, 0x7F, 0x7F, 0x7F, 0x7F, 0x7F, 0x7F, 0x7F, 
  0x7F, 0x7F, 0x7F, 0x7F, 0x7F, 0x7F, 0x7F, 0x7F, 0x7F, 0x7F, 0x7F, 0x7F, 0x7F, 0x7F, 0x7F, 0x7F, 
  0x7F, 0x7F, 0x7F, 0x7F, 0x7F, 0x7F, 0x7F, 0x7F, 0x7F, 0x7F, 0x7F, 0x7F, 0x7F, 0x7F, 0x7F, 0x7F, 
  0x7F, 0x7F, 0x7F, 0x7F, 0x7F, 0x7F, 0x7F, 0x7F, 0x7F, 0x7F, 0x7F, 0x7F, 0x7F, 0x7F, 0x7F, 0x7F, 
  0x7F, 0x7F, 0x7F, 0x7F, 0x7F, 0x7F, 0x7F, 0x7F, 0x7F, 0x7F, 0x7F, 0x7F, 0x7F, 0x7F, 0x7F, 0x7F, 
  0x7F, 0x7F, 0x7F, 0x7F, 0x7F, 0x7F, 0x7F, 0x7F, 0x7F, 0x7F, 0x7F, 0x7F, 0x7F, 0x7F, 0x7F, 0x7F, 
  0x7F, 0x7F, 0x7F, 0x7F, 0x7F, 0x7F, 0x7F, 0x7F, 0x7F, 0x7F, 0x7F, 0x7F, 0x7F, 0x7F, 0x7F, 0x7F, 
  0x7F, 0x7F, 0x7F, 0x7F, 0x7F, 0x7F, 0x7F, 0x7F, 0x7F, 0x7F, 0x7F, 0x7F, 0x7F, 0x7F, 0x7F, 0x7F, 
  0x7F, 0x7F, 0x7F, 0x7F, 0x7F, 0x7F, 0x7F, 0x7F, 0x7F, 0x7F, 0x7F, 0x7F, 0x7F, 0x7F, 0x7F, 0x7F, 
  0x7F, 0x7F, 0x7F, 0x7F, 0x7F, 0x7F, 0x7F, 0x7F, 0x7F, 0x7F, 0x7F, 0x7F, 0x7F, 0x7F, 0x7F, 0x7F, 
  0x7F, 0x7F, 0x7F, 0x7F, 0x7F, 0x7F, 0x7F, 0x7F, 0x7F, 0x7F, 0x7F, 0x7F, 0x7F, 0x7F, 0x7F, 0x7F, 
  0x7F, 0x7F, 0x7F, 0x7F, 0x7F, 0x7F, 0x7F, 0x7F, 0x7F, 0x7F, 0x7F, 0x7F, 0x7F, 0x7F, 0x7F, 0x7F, 
  0x7F, 0x7F, 0x7F, 0x7F, 0x7F, 0x7F, 0x7F, 0x7F, 0x7F, 0x7F, 0x7F, 0x7F, 0x7F, 0x7F, 0x7F, 0x7F, 
  0x7F, 0x7F, 0x7F, 0x7F, 0x7F, 0x7F, 0x7F, 0x7F, 0x7F, 0x7F, 0x7F, 0x7F, 0x7F, 0x7F, 0x7F, 0x7F, 
  0x7F, 0x7F, 0x7F, 0x7F, 0x7F, 0x7F, 0x7F, 0x7F, 0x7F, 0x7F, 0x7F, 0x7F, 0x7F, 0x7F, 0x7F, 0x7F, 
  0x7F, 0x7F, 0x7F, 0x7F, 0x7F, 0x7F, 0x7F, 0x7F, 0x7F, 0x7F, 0x7F, 0x7F, 0x7F, 0x7F, 0x7F, 0x7F, 
  0x7F, 0x7F, 0x7F, 0x7F, 0x7F, 0x7F, 0x7F, 0x7F, 0x7F, 0x7F, 0x7F, 0x7F, 0x7F, 0x7F, 0x7F, 0x7F, 
  0x7F, 0x7F, 0x7F, 0x7F, 0x7F, 0x7F, 0x7F, 0x7F, 0x7F, 0x7F, 0x7F, 0x7F, 0x7F, 0x7F, 0x7F, 0x7F, 
  0x7F, 0x7F, 0x7F, 0x7F, 0x7F, 0x7F, 0x7F, 0x7F, 0x7F, 0x7F, 0x7F, 0x7F, 0x7F, 0x7F, 0x7F, 0x7F, 
  0x7F, 0x7F, 0x7F, 0x7F, 0x7F, 0x7F, 0x7F, 0x7F, 0x7F, 0x7F, 0x7F, 0x7F, 0x7F, 0x7F, 0x7F, 0x7F, 
  0x7F, 0x7F, 0x7F, 0x7F, 0x7F, 0x7F, 0x7F, 0x7F, 0x7F, 0x7F, 0x7F, 0x7F, 0x7F, 0x7F, 0x7F, 0x7F, 
  0x7F, 0x7F, 0x7F, 0x7F, 0x7F, 0x7F, 0x7F, 0x7F, 0x7F, 0x7F, 0x7F, 0x7F, 0x7F, 0x7F, 0x7F, 0x7F, 
  0x7F, 0x7F, 0x7F, 0x7F, 0x7F, 0x7F, 0x7F, 0x7F, 0x7F, 0x7F, 0x7F, 0x7F, 0x7F, 0x7F, 0x7F, 0x7F, 
  0x7F, 0x7F, 0x7F, 0x7F, 0x7F, 0x7F, 0x7F, 0x7F, 0x7F, 0x7F, 0x7F, 0x7F, 0x7F, 0x7F, 0x7F, 0x7F, 
  0x7F, 0x7F, 0x7F, 0x7F, 0x7F, 0x7F, 0x7F, 0x7F, 0x7F, 0x7F, 0x7F, 0x7F, 0x7F, 0x7F, 0x7F, 0x7F, 
  0x7F, 0x7F, 0x7F, 0x7F, 0x7F, 0x7F, 0x7F, 0x7F, 0x7F, 0x7F, 0x7F, 0x7F, 0x7F, 0x7F, 0x7F, 0x7F, 
  0x7F, 0x7F, 0x7F, 0x7F, 0x7F, 0x7F, 0x7F, 0x7F, 0x7F, 0x7F, 0x7F, 0x7F, 0x7F, 0x7F, 0x7F, 0x7F, 
  0x7F, 0x7F, 0x7F, 0x80, 0x80, 0x80, 0x80, 0x80, 0x80, 0x80, 0x80, 0x80, 0x80, 0x80, 0x80, 0x80, 
  0x80, 0x80, 0x80, 0x80, 0x80, 0x80, 0x80, 0x80, 0x80, 0x80, 0x80, 0x80, 0x80, 0x80, 0x80, 0x80, 
  0x80, 0x80, 0x80, 0x80, 0x80, 0x80, 0x80, 0x80, 0x80, 0x80, 0x80, 0x80, 0x80, 0x80, 0x80, 0x80, 
  0x80, 0x80, 0x80, 0x80, 0x80, 0x80, 0x80, 0x80, 0x80, 0x80, 0x80, 0x80, 0x80, 0x80, 0x80, 0x80, 
  0x80, 0x80, 0x80, 0x80, 0x80, 0x80, 0x80, 0x80, 0x80, 0x80, 0x80, 0x80, 0x80, 0x80, 0x80, 0x80, 
  0x80, 0x80, 0x80, 0x80, 0x80, 0x80, 0x80, 0x80, 0x80, 0x80, 0x80, 0x80, 0x80, 0x80, 0x80, 0x80, 
  0x80, 0x80, 0x80, 0x80, 0x80, 0x80, 0x80, 0x80, 0x80, 0x80, 0x80, 0x80, 0x80, 0x80, 0x80, 0x80, 
  0x80, 0x80, 0x80, 0x80, 0x80, 0x80, 0x80, 0x80, 0x80, 0x80, 0x80, 0x80, 0x80, 0x80, 0x80, 0x80, 
  0x80, 0x80, 0x80, 0x80, 0x80, 0x80, 0x80, 0x80, 0x80, 0x80, 0x80, 0x80, 0x80, 0x80, 0x80, 0x80, 
  0x80, 0x80, 0x80, 0x80, 0x80, 0x80, 0x80, 0x80, 0x80, 0x80, 0x80, 0x80, 0x80, 0x80, 0x80, 0x80, 
  0x80, 0x80, 0x80, 0x80, 0x80, 0x80, 0x80, 0x80, 0x80, 0x80, 0x80, 0x80, 0x80, 0x80, 0x80, 0x80, 
  0x80, 0x80, 0x80, 0x80, 0x80, 0x80, 0x80, 0x80, 0x80, 0x80, 0x80, 0x80, 0x80, 0x80, 0x80, 0x80, 
  0x80, 0x80, 0x80, 0x80, 0x80, 0x80, 0x80, 0x80, 0x80, 0x80, 0x80, 0x80, 0x80, 0x80, 0x80, 0x80, 
  0x80, 0x80, 0x80, 0x80, 0x80, 0x80, 0x80, 0x80, 0x80, 0x80, 0x80, 0x80, 0x80, 0x80, 0x80, 0x80, 
  0x80, 0x80, 0x80, 0x80, 0x80, 0x80, 0x80, 0x80, 0x80, 0x80, 0x80, 0x80, 0x80, 0x80, 0x80, 0x80, 
  0x80, 0x80, 0x80, 0x80, 0x80, 0x80, 0x80, 0x80, 0x80, 0x80, 0x80, 0x80, 0x80, 0x80, 0x80, 0x80, 
  0x80, 0x80, 0x80, 0x80, 0x80, 0x80, 0x80, 0x80, 0x80, 0x80, 0x80, 0x80, 0x80, 0x80, 0x80, 0x80, 
  0x80, 0x80, 0x80, 0x80, 0x80, 0x80, 0x80, 0x80, 0x80, 0x80, 0x80, 0x80, 0x80, 0x80, 0x80, 0x80, 
  0x80, 0x80, 0x80, 0x80, 0x80, 0x80, 0x80, 0x80, 0x80, 0x80, 0x80, 0x80, 0x80, 0x80, 0x80, 0x80, 
  0x80, 0x80, 0x80, 0x80, 0x80, 0x80, 0x80, 0x80, 0x80, 0x80, 0x80, 0x80, 0x80, 0x80, 0x80, 0x80, 
  0x80, 0x80, 0x80, 0x80, 0x80, 0x80, 0x80, 0x80, 0x80, 0x80, 0x80, 0x80, 0x80, 0x80, 0x80, 0x80, 
  0x80, 0x80, 0x80, 0x80, 0x80, 0x80, 0x80, 0x80, 0x80, 0x80, 0x80, 0x80, 0x80, 0x80, 0x80, 0x80, 
  0x80, 0x80, 0x80, 0x80, 0x80, 0x80, 0x80, 0x80, 0x80, 0x80, 0x80, 0x80, 0x80, 0x80, 0x80, 0x80, 
  0x80, 0x80, 0x80, 0x80, 0x80, 0x80, 0x80, 0x80, 0x80, 0x80, 0x80
};
const unsigned int os06_len = 5979;

// os07 - DIST (3945 bytes)
PROGMEM const uint8_t os07[] = {
  0x80, 0x74, 0x6C, 0x66, 0x61, 0x5E, 0x5B, 0x59, 0x5F, 0xDF, 0xCE, 0xBC, 0xB1, 0xA9, 0xAD, 0xA7, 
  0xA0, 0x1A, 0x9E, 0x4C, 0x72, 0x97, 0x44, 0xBE, 0x3D, 0xB5, 0x30, 0x3D, 0x48, 0x50, 0x57, 0x5D, 
  0x64, 0xF2, 0x61, 0xCA, 0x87, 0x7C, 0xBB, 0x3E, 0xCB, 0x3D, 0xB1, 0x5A, 0x32, 0x3E, 0x4C, 0x56, 
  0x5D, 0x61, 0xE5, 0x76, 0xE1, 0x49, 0xC7, 0x7C, 0x83, 0xAA, 0x4C, 0xBF, 0x3A, 0xC8, 0xBE, 0xAF, 
  0xA6, 0x9F, 0x9A, 0x97, 0x95, 0x89, 0x33, 0x7F, 0x78, 0x59, 0xA4, 0x37, 0xB1, 0x49, 0xB5, 0xAB, 
  0xA1, 0x9B, 0x96, 0x93, 0x91, 0x8F, 0x8E, 0x8D, 0x8D, 0x8D, 0x21, 0xA0, 0x49, 0x9C, 0x74, 0x8F, 
  0x9E, 0xB1, 0xA6, 0x9E, 0x99, 0x95, 0x93, 0x91, 0x90, 0x8F, 0x8E, 0x17, 0x9A, 0x2F, 0xAB, 0x54, 
  0xA0, 0x7A, 0xB7, 0xB0, 0xAF, 0xA5, 0x9F, 0x9A, 0x97, 0x95, 0x30, 0x8C, 0x25, 0xB1, 0x3D, 0xA1, 
  0x7B, 0x63, 0xAC, 0xC2, 0xB2, 0xA7, 0xA0, 0x9B, 0xA5, 0xA1, 0x1E, 0x92, 0x26, 0xB2, 0x3E, 0x93, 
  0x81, 0x5A, 0xB7, 0x3E, 0x81, 0x35, 0x46, 0x53, 0x5C, 0x62, 0x66, 0x6F, 0xF2, 0x78, 0xAB, 0x9E, 
  0x61, 0xC4, 0x40, 0xBD, 0x5F, 0x89, 0x2E, 0x42, 0x50, 0x5A, 0x60, 0x65, 0xBF, 0x99, 0xC9, 0x5A, 
  0xCC, 0x5E, 0xAA, 0x88, 0x72, 0xAC, 0x40, 0xBF, 0xBB, 0xAD, 0xA3, 0x9D, 0x98, 0x95, 0x93, 0x89, 
  0x39, 0x80, 0x76, 0x5B, 0xA1, 0x36, 0xAD, 0x4B, 0xAF, 0xA7, 0xA0, 0x9A, 0x95, 0x92, 0x90, 0x8E, 
  0x8D, 0x8D, 0x8C, 0x8C, 0x26, 0x95, 0x32, 0xA7, 0x50, 0xA6, 0x7C, 0xB2, 0xA7, 0x9E, 0x99, 0x95, 
  0x92, 0x90, 0x8F, 0x8E, 0x8D, 0x85, 0x4F, 0x75, 0x85, 0x5B, 0x9F, 0x4C, 0xAE, 0xB0, 0xAD, 0xA4, 
  0x9E, 0x99, 0x96, 0x94, 0x92, 0x17, 0x99, 0x54, 0x7F, 0x8D, 0x48, 0xB3, 0x38, 0xC0, 0xB9, 0xAB, 
  0xA3, 0x9C, 0xA5, 0xA2, 0x93, 0x14, 0x8E, 0x57, 0x69, 0x9F, 0x40, 0xBE, 0x43, 0xA4, 0x5B, 0x3D, 
  0x49, 0x55, 0x5E, 0x64, 0x67, 0x84, 0xCC, 0xA1, 0x7F, 0xC0, 0x4D, 0xCA, 0x53, 0x9E, 0x8A, 0x61, 
  0x38, 0x44, 0x52, 0x5B, 0x61, 0x66, 0xA7, 0xB4, 0xB3, 0x69, 0xC9, 0x4A, 0xC0, 0x68, 0x90, 0x99, 
  0x58, 0xB4, 0xBD, 0xAE, 0xA4, 0x9E, 0x99, 0x96, 0x93, 0x8A, 0x34, 0x7E, 0x78, 0x5A, 0xA5, 0x39, 
  0xAE, 0x4E, 0xAC, 0x9B, 0xA6, 0x9D, 0x98, 0x94, 0x91, 0x8F, 0x8E, 0x8D, 0x8C, 0x8C, 0x8B, 0x24, 
  0x97, 0x3D, 0xA6, 0x60, 0xAF, 0xA6, 0x9E, 0x98, 0x94, 0x92, 0x90, 0x8E, 0x8E, 0x8D, 0x8B, 0x31, 
  0x96, 0x63, 0x81, 0x8F, 0x4C, 0xA9, 0xAF, 0xA5, 0xA9, 0xA1, 0x9B, 0x97, 0x95, 0x93, 0x3E, 0x86, 
  0x2C, 0xAC, 0x3B, 0xA8, 0x6D, 0x7E, 0x9C, 0x97, 0xB6, 0xAB, 0xA2, 0x9C, 0xA6, 0xA2, 0x9E, 0x10, 
  0xA0, 0x2B, 0x9C, 0x64, 0x6A, 0xA3, 0x44, 0xBF, 0x3F, 0x3F, 0x48, 0x55, 0x5D, 0x63, 0x67, 0x6E, 
  0xF2, 0x74, 0xAF, 0x98, 0x68, 0xC0, 0x43, 0xBF, 0x59, 0x90, 0x3C, 0x42, 0x50, 0x5A, 0x61, 0x65, 
  0x6C, 0xF5, 0x6B, 0xB5, 0x92, 0x69, 0xB9, 0x45, 0xBD, 0x5C, 0x9B, 0x90, 0xC2, 0xB2, 0xA7, 0x9F, 
  0x9A, 0x96, 0x94, 0x93, 0x16, 0x9C, 0x4F, 0x85, 0x8A, 0x3B, 0xA7, 0x3F, 0xAC, 0x8A, 0xA9, 0xA0, 
  0x99, 0x95, 0x92, 0x90, 0x8E, 0x8D, 0x8C, 0x8C, 0x8B, 0x4B, 0x85, 0x3F, 0x9C, 0x41, 0xA9, 0xA9, 
  0xA0, 0x9A, 0x95, 0x92, 0x90, 0x8F, 0x8E, 0x8D, 0x8C, 0x34, 0x8F, 0x32, 0xA4, 0x39, 0xAF, 0x52, 
  0xB3, 0xAA, 0xAC, 0xA3, 0x9D, 0x98, 0x95, 0x93, 0x8E, 0x2C, 0x87, 0x73, 0x5D, 0xA0, 0x3C, 0xB6, 
  0x47, 0xB9, 0xB4, 0xAA, 0xA1, 0x9B, 0xA4, 0xA3, 0x9F, 0x14, 0x9C, 0x27, 0xA6, 0x51, 0x80, 0x94, 
  0x4E, 0xBD, 0x41, 0x4C, 0x41, 0x4F, 0x5A, 0x61, 0x66, 0x69, 0xD8, 0x76, 0xD8, 0x50, 0xC2, 0x6F, 
  0x83, 0xA5, 0x4F, 0xC4, 0x36, 0x3C, 0x4C, 0x57, 0x5F, 0x64, 0x68, 0xF6, 0x62, 0xD1, 0x70, 0x94, 
  0xA4, 0x53, 0xBD, 0x43, 0xB9, 0x69, 0xC4, 0xB5, 0xA9, 0xA1, 0x9B, 0x97, 0x95, 0x93, 0x0E, 0x9D, 
  0x42, 0x8B, 0x83, 0x4A, 0xA5, 0x44, 0xAC, 0x57, 0xB1, 0xA6, 0x9E, 0x98, 0x94, 0x91, 0x8F, 0x8E, 
  0x8D, 0x8C, 0x8C, 0x8B, 0x22, 0x98, 0x3C, 0xA4, 0x63, 0xAF, 0xA5, 0x9D, 0x97, 0x94, 0x91, 0x8F, 
  0x8E, 0x8D, 0x8D, 0x8A, 0x48, 0x85, 0x7D, 0x5B, 0x9C, 0x46, 0xA9, 0xAD, 0xAE, 0xA5, 0x9E, 0x99, 
  0x96, 0x93, 0x92, 0x1B, 0x98, 0x2A, 0xA7, 0x5B, 0x85, 0x93, 0x4C, 0xB3, 0xBA, 0xAC, 0xA3, 0x9C, 
  0xA5, 0xA4, 0x9F, 0x24, 0x91, 0x29, 0xB1, 0x3F, 0x95, 0x79, 0x63, 0xAF, 0x3E, 0x6B, 0x3C, 0x4B, 
  0x57, 0x5F, 0x64, 0x68, 0x86, 0xCD, 0x9D, 0x7B, 0xC1, 0x4E, 0xC8, 0x53, 0x9E, 0x8B, 0x61, 0x35, 
  0x48, 0x54, 0x5D, 0x63, 0x67, 0xC1, 0x91, 0xCD, 0x57, 0xC9, 0x52, 0xB5, 0x7D, 0x74, 0xA8, 0x48, 
  0xBD, 0xBD, 0xAE, 0xA4, 0x9E, 0x99, 0x96, 0x94, 0x41, 0x83, 0x2F, 0xAC, 0x39, 0xA2, 0x79, 0x7E, 
  0x97, 0x5D, 0xAA, 0xA7, 0x9E, 0x98, 0x94, 0x91, 0x8F, 0x8E, 0x8D, 0x8C, 0x8C, 0x8B, 0x30, 0x98, 
  0x61, 0x83, 0x8B, 0xAD, 0xA2, 0x9B, 0x96, 0x93, 0x91, 0x8F, 0x8E, 0x8D, 0x8C, 0x8C, 0x2E, 0x95, 
  0x60, 0x93, 0x7F, 0x6E, 0x9B, 0xAF, 0xAF, 0xA6, 0x9E, 0x99, 0x96, 0x93, 0x92, 0x5E, 0x71, 0x41, 
  0xA0, 0x34, 0xB2, 0x4C, 0xA6, 0x78, 0xBE, 0xB0, 0xA5, 0x9E, 0xA3, 0xA5, 0xA0, 0x71, 0x40, 0x5E, 
  0x8B, 0x40, 0xB6, 0x38, 0xAC, 0x69, 0x74, 0x79, 0x3C, 0x49, 0x55, 0x5E, 0x63, 0x67, 0x7F, 0xDD, 
  0x89, 0x93, 0xB2, 0x54, 0xC7, 0x48, 0xAE, 0x74, 0x72, 0x34, 0x46, 0x53, 0x5C, 0x62, 0x67, 0x9A, 
  0xB9, 0xAE, 0x6F, 0xBB, 0x48, 0xC4, 0x4F, 0xAB, 0x80, 0x70, 0xAC, 0xC1, 0xB1, 0xA7, 0x9F, 0x9A, 
  0x97, 0x94, 0x56, 0x71, 0x40, 0xA1, 0x32, 0xA9, 0x61, 0xA2, 0x7C, 0x7D, 0xA2, 0xAB, 0xA1, 0x9A, 
  0x96, 0x92, 0x90, 0x8F, 0x8D, 0x8D, 0x8C, 0x8C, 0x38, 0x92, 0x69, 0x8A, 0x87, 0xA9, 0xA3, 0x9C, 
  0x97, 0x93, 0x91, 0x8F, 0x8E, 0x8D, 0x8D, 0x8C, 0x1F, 0x9A, 0x3C, 0xA8, 0x5E, 0x9B, 0x80, 0xB1, 
  0xB0, 0xA8, 0xA0, 0x9A, 0x96, 0x94, 0x92, 0x7E, 0x4D, 0x70, 0x84, 0x4F, 0xA7, 0x39, 0xB6, 0x52, 
  0xBF, 0xB2, 0xA7, 0x9F, 0xA3, 0xA5, 0xA0, 0x91, 0x17, 0x88, 0x5F, 0x65, 0xA1, 0x3F, 0xBF, 0x46, 
  0xA1, 0x72, 0x3C, 0x44, 0x52, 0x5B, 0x62, 0x66, 0x6B, 0xF6, 0x64, 0xC1, 0x85, 0x79, 0xB4, 0x4C, 
  0xC5, 0x4B, 0xA3, 0x32, 0x43, 0x51, 0x5B, 0x61, 0x66, 0x6F, 0xEE, 0x75, 0xA7, 0x94, 0x76, 0xB7, 
  0x46, 0xC2, 0x58, 0x9E, 0x8C, 0xC4, 0xB4, 0xA8, 0xA1, 0x9B, 0x97, 0x95, 0x6F, 0x5A, 0x55, 0x99, 
  0x36, 0xAE, 0x5A, 0xA3, 0x7D, 0x80, 0x98, 0xB1, 0xA5, 0x9D, 0x97, 0x94, 0x91, 0x8F, 0x8E, 0x8D, 
  0x8C, 0x8C, 0x1F, 0x9D, 0x43, 0xA0, 0x6A, 0xAB, 0xA4, 0x9D, 0x98, 0x94, 0x91, 0x8F, 0x8E, 0x8D, 
  0x8C, 0x8C, 0x68, 0x77, 0x42, 0x9B, 0x35, 0xAA, 0x3E, 0xB1, 0xB3, 0xA9, 0xA1, 0x9B, 0x97, 0x94, 
  0x92, 0x91, 0x18, 0x9B, 0x32, 0xA4, 0x64, 0x83, 0x93, 0x4A, 0xB2, 0xB7, 0xAA, 0xA1, 0xA0, 0xA7, 
  0xA1, 0x9D, 0x1D, 0x99, 0x27, 0xAE, 0x4D, 0x83, 0x8D, 0x52, 0xB9, 0x3B, 0x41, 0x43, 0x51, 0x5B, 
  0x61, 0x66, 0x6E, 0xF5, 0x6D, 0xB5, 0x95, 0x6F, 0xBC, 0x45, 0xC3, 0x55, 0x94, 0x4D, 0x41, 0x4E, 
  0x59, 0x60, 0x65, 0x68, 0xE5, 0x71, 0xDB, 0x51, 0xC7, 0x70, 0x8A, 0xA0, 0x50, 0xBB, 0x43, 0xC6, 
  0xBA, 0xAD, 0xA4, 0x9D, 0x99, 0x96, 0x94, 0x14, 0x9C, 0x50, 0x7B, 0x87, 0x50, 0xA6, 0x3C, 0xAF, 
  0x7A, 0xAD, 0xA4, 0x9C, 0x97, 0x93, 0x91, 0x8F, 0x8E, 0x8D, 0x8D, 0x82, 0x5A, 0x6F, 0x87, 0x5B, 
  0x9C, 0x3D, 0xAC, 0xAB, 0xA1, 0x9A, 0x96, 0x92, 0x90, 0x8F, 0x8E, 0x8D, 0x8C, 0x80, 0x5D, 0x70, 
  0x8C, 0x3F, 0xA6, 0x96, 0xAD, 0xA7, 0x9F, 0x9A, 0x96, 0x93, 0x92, 0x90, 0x4B, 0x7D, 0x38, 0xA4, 
  0x32, 0xB2, 0x51, 0x9B, 0x84, 0xBD, 0xAE, 0xA4, 0xA2, 0xA7, 0xA1, 0x9D, 0x54, 0x62, 0x47, 0xA0, 
  0x31, 0xB5, 0x4B, 0x8E, 0x8B, 0x5A, 0x46, 0x40, 0x4E, 0x59, 0x60, 0x65, 0x6A, 0xF8, 0x62, 0xC7, 
  0x7A, 0x83, 0xAF, 0x4F, 0xC5, 0x46, 0xAD, 0x65, 0x3F, 0x49, 0x55, 0x5E, 0x63, 0x67, 0x82, 0xD6, 
  0x92, 0x81, 0xB6, 0x50, 0xC4, 0x49, 0xAE, 0x7C, 0x72, 0xAD, 0xC2, 0xB2, 0xA7, 0xA0, 0x9B, 0x97, 
  0x95, 0x56, 0x71, 0x3A, 0xA5, 0x30, 0xAB, 0x46, 0xAA, 0x6B, 0xB1, 0xA8, 0xA0, 0x9A, 0x95, 0x92, 
  0x90, 0x8F, 0x8E, 0x8D, 0x8D, 0x21, 0x9C, 0x50, 0x92, 0x7D, 0x7C, 0x94, 0xAF, 0xA3, 0x9C, 0x97, 
  0x93, 0x91, 0x8F, 0x8E, 0x8D, 0x8C, 0x8C, 0x21, 0x9D, 0x45, 0xA1, 0x6B, 0x96, 0x86, 0xB7, 0xAD, 
  0xA4, 0x9D, 0x98, 0x95, 0x92, 0x91, 0x8E, 0x27, 0x8E, 0x69, 0x72, 0x94, 0x4A, 0xB0, 0x3E, 0xBC, 
  0xB3, 0xA7, 0xA0, 0xA9, 0xA3, 0x9E, 0x99, 0x0A, 0x9A, 0x42, 0x7E, 0x8B, 0x4D, 0xB8, 0x3C, 0xB8, 
  0x32, 0x3C, 0x4C, 0x57, 0x5F, 0x64, 0x6D, 0xF5, 0x6C, 0xB6, 0x94, 0x70, 0xBC, 0x46, 0xC4, 0x53, 
  0x97, 0x8A, 0x40, 0x40, 0x4F, 0x59, 0x60, 0x65, 0x69, 0xE2, 0x70, 0xD5, 0x52, 0xBE, 0x7A, 0x7F, 
  0xA9, 0x4E, 0xBF, 0x80, 0xC2, 0xB3, 0xA8, 0xA0, 0x9B, 0x98, 0x95, 0x68, 0x5B, 0x54, 0x98, 0x32, 
  0xA8, 0x3C, 0xAF, 0x4A, 0xB3, 0xAA, 0xA3, 0x9C, 0x97, 0x94, 0x91, 0x8F, 0x8E, 0x8E, 0x8D, 0x16, 
  0x9C, 0x35, 0xA6, 0x5A, 0x9F, 0x79, 0xB1, 0xA5, 0x9D, 0x98, 0x94, 0x91, 0x8F, 0x8E, 0x8D, 0x8D, 
  0x8C, 0x1F, 0x99, 0x45, 0xA4, 0x68, 0x8E, 0x89, 0xB5, 0xAE, 0xA4, 0x9D, 0x98, 0x95, 0x93, 0x91, 
  0x8E, 0x2D, 0x8D, 0x6B, 0x6D, 0x97, 0x41, 0xB2, 0x3D, 0xBC, 0xB2, 0xA7, 0xA0, 0xA8, 0xA2, 0x9D, 
  0x9A, 0x0D, 0x9E, 0x45, 0x80, 0x8A, 0x4C, 0xB6, 0x39, 0xB6, 0x4A, 0x3A, 0x47, 0x54, 0x5C, 0x62, 
  0x66, 0xE4, 0x75, 0xDA, 0x53, 0xC0, 0x70, 0x81, 0xA5, 0x50, 0xC2, 0x42, 0x56, 0x3F, 0x4E, 0x59, 
  0x60, 0x65, 0x69, 0xCD, 0x88, 0xCE, 0x55, 0xCA, 0x66, 0x9A, 0x97, 0x55, 0xBA, 0x4F, 0xC5, 0xB9, 
  0xAC, 0xA3, 0x9D, 0x99, 0x96, 0x91, 0x1E, 0x8E, 0x63, 0x67, 0x8D, 0x5D, 0xA3, 0x3C, 0xB2, 0xA5, 
  0xA7, 0x9F, 0x99, 0x95, 0x92, 0x90, 0x8F, 0x8E, 0x8D, 0x45, 0x87, 0x34, 0xA4, 0x3C, 0xAE, 0x55, 
  0xB2, 0xA7, 0x9E, 0x98, 0x94, 0x91, 0x8F, 0x8E, 0x8D, 0x8C, 0x8C, 0x61, 0x7A, 0x48, 0x9C, 0x35, 
  0xAC, 0x47, 0xB4, 0xB1, 0xA6, 0x9E, 0x99, 0x95, 0x93, 0x91, 0x90, 0x41, 0x85, 0x32, 0xA6, 0x32, 
  0xB1, 0x55, 0x97, 0x88, 0xBA, 0xAC, 0xA3, 0xAB, 0xA5, 0x9F, 0x9B, 0x7D, 0x3A, 0x6C, 0x82, 0x46, 
  0xB2, 0x37, 0xB2, 0x5E, 0x85, 0x2C, 0x40, 0x4F, 0x59, 0x60, 0x65, 0xDF, 0x7B, 0xD5, 0x53, 0xC8, 
  0x61, 0x94, 0x9B, 0x57, 0xC0, 0x42, 0x80, 0x38, 0x48, 0x55, 0x5D, 0x63, 0x67, 0x7E, 0xDE, 0x87, 
  0x93, 0xB2, 0x51, 0xC3, 0x4B, 0xAC, 0x7C, 0x76, 0xBE, 0xBA, 0xAD, 0xA4, 0x9D, 0x99, 0x97, 0x90, 
  0x1E, 0x88, 0x67, 0x61, 0x91, 0x52, 0xA8, 0x3A, 0xB4, 0x82, 0xB1, 0xA6, 0x9E, 0x98, 0x95, 0x92, 
  0x90, 0x8F, 0x8E, 0x8E, 0x2F, 0x93, 0x67, 0x83, 0x86, 0x6E, 0x9A, 0xAE, 0xA3, 0x9B, 0x96, 0x93, 
  0x90, 0x8F, 0x8E, 0x8D, 0x8C, 0x84, 0x51, 0x89, 0x76, 0x7E, 0x8F, 0x51, 0xA7, 0xB6, 0xA9, 0xA0, 
  0x9B, 0x96, 0x94, 0x92, 0x90, 0x85, 0x41, 0x82, 0x78, 0x61, 0x9E, 0x40, 0xB4, 0x47, 0xBC, 0xB1, 
  0xA5, 0xAC, 0xA5, 0x9F, 0x9B, 0x98, 0x0A, 0xA1, 0x30, 0x95, 0x73, 0x64, 0xA8, 0x3E, 0xBF, 0x2E, 
  0x38, 0x49, 0x55, 0x5D, 0x63, 0x98, 0xC0, 0xAB, 0x71, 0xC7, 0x4B, 0xC2, 0x5F, 0x8B, 0x99, 0x56, 
  0xA1, 0x38, 0x45, 0x53, 0x5C, 0x62, 0x67, 0x6A, 0xF7, 0x5E, 0xCF, 0x78, 0x8A, 0xAC, 0x4D, 0xC3, 
  0x49, 0xAE, 0xAE, 0xBE, 0xAF, 0xA5, 0x9F, 0x9A, 0x97, 0x95, 0x0E, 0x9B, 0x46, 0x83, 0x77, 0x7B, 
  0x97, 0x4D, 0xAD, 0x60, 0xB3, 0xAA, 0xA0, 0x9A, 0x96, 0x93, 0x91, 0x8F, 0x8E, 0x8E, 0x18, 0x9A, 
  0x33, 0xA3, 0x60, 0x99, 0x81, 0xAF, 0xA4, 0x9C, 0x97, 0x93, 0x91, 0x8F, 0x8E, 0x8D, 0x8C, 0x8C, 
  0x1B, 0x99, 0x34, 0xA6, 0x53, 0xA7, 0x72, 0xB8, 0xAB, 0xA2, 0x9B, 0x97, 0x94, 0x92, 0x90, 0x8F, 
  0x4D, 0x80, 0x36, 0xA5, 0x3A, 0xB1, 0x61, 0x8F, 0xA9, 0xAF, 0xA4, 0xA9, 0xA6, 0x9F, 0x9B, 0x98, 
  0x31, 0x88, 0x2A, 0xB1, 0x3B, 0x9E, 0x78, 0x68, 0xAA, 0x3D, 0x32, 0x45, 0x52, 0x5B, 0x61, 0x77, 
  0xE7, 0x83, 0x98, 0xAB, 0x5A, 0xC7, 0x46, 0xB3, 0x6D, 0x7D, 0xA5, 0x3C, 0x41, 0x50, 0x5A, 0x61, 
  0x66, 0x69, 0xE8, 0x6D, 0xD9, 0x57, 0xBC, 0x7D, 0x7D, 0xAA, 0x47, 0xC0, 0x93, 0xC2, 0xB3, 0xA8, 
  0xA0, 0x9B, 0x98, 0x96, 0x14, 0x9C, 0x2B, 0xA2, 0x54, 0xA5, 0x76, 0x76, 0x9C, 0x50, 0xB2, 0xAF, 
  0xA4, 0x9D, 0x98, 0x94, 0x92, 0x90, 0x8F, 0x8E, 0x1B, 0x9B, 0x31, 0xAA, 0x5A, 0x9B, 0x80, 0xB0, 
  0xA4, 0x9C, 0x97, 0x93, 0x91, 0x8F, 0x8E, 0x8D, 0x8C, 0x8C, 0x1B, 0x99, 0x34, 0xA5, 0x52, 0xA7, 
  0x70, 0xB8, 0xAC, 0xA2, 0x9C, 0x97, 0x94, 0x92, 0x90, 0x8F, 0x2C, 0x90, 0x29, 0xA9, 0x3F, 0xA4, 
  0x71, 0x85, 0x99, 0xB7, 0xAA, 0xAD, 0xA7, 0xA0, 0x9B, 0x98, 0x89, 0x2D, 0x7A, 0x78, 0x4C, 0xAE, 
  0x37, 0xB6, 0x5B, 0xA6, 0xBC, 0xB1, 0xA7, 0xA0, 0x9B, 0x9B, 0x94, 0x13, 0x8F, 0x54, 0x6D, 0x9B, 
  0x43, 0xBE, 0x43, 0xA6, 0x75, 0x4A, 0x3B, 0x4C, 0x57, 0x5F, 0x64, 0x68, 0xAF, 0xA2, 0xB6, 0x66, 
  0xC8, 0x49, 0xB9, 0x6F, 0x84, 0xA1, 0x7E, 0xC2, 0xB5, 0xA9, 0xA1, 0x9C, 0x99, 0x96, 0x22, 0x92, 
  0x26, 0xAA, 0x45, 0xA7, 0x72, 0x7A, 0x9B, 0x51, 0xAF, 0xB4, 0xA7, 0x9F, 0x99, 0x95, 0x93, 0x91, 
  0x8F, 0x8F, 0x2A, 0x91, 0x26, 0xAA, 0x42, 0xAB, 0x5E, 0xB0, 0xA6, 0x9D, 0x98, 0x94, 0x91, 0x8F, 
  0x8E, 0x8D, 0x8C, 0x8C, 0x6A, 0x74, 0x59, 0x94, 0x41, 0xA6, 0x3C, 0xB6, 0xAF, 0xA4, 0x9D, 0x98, 
  0x94, 0x92, 0x90, 0x8F, 0x8E, 0x22, 0x96, 0x5C, 0x85, 0x89, 0x58, 0xA9, 0x87, 0xB0, 0xA6, 0xA7, 
  0xA7, 0xA0, 0x9B, 0x98, 0x88, 0x2A, 0x7B, 0x77, 0x4E, 0xAD, 0x37, 0xB7, 0x5B, 0x8B, 0xBB, 0xB8, 
  0xAB, 0xA3, 0x9D, 0x9B, 0x9E, 0x45, 0x72, 0x3A, 0xAB, 0x34, 0xB2, 0x55, 0x86, 0x94, 0x4E, 0x58, 
  0x3F, 0x4E, 0x58, 0x60, 0x65, 0x68, 0xD1, 0x84, 0xCB, 0x56, 0xCC, 0x59, 0xA6, 0x8A, 0x63, 0xB7, 
  0x3F, 0x36, 0x46, 0x52, 0x5B, 0x61, 0x6C, 0xF7, 0x6B, 0xBD, 0x90, 0x75, 0xA9, 0x49, 0xBA, 0x4D, 
  0xB3, 0x6F, 0xBD, 0xAF, 0xA4, 0x9D, 0x98, 0x95, 0x92, 0x91, 0x8F, 0x38, 0x8B, 0x27, 0xAA, 0x3C, 
  0xAB, 0x68, 0x98, 0x88, 0xB0, 0xA4, 0x9D, 0x97, 0x93, 0x91, 0x8F, 0x8E, 0x8D, 0x8C, 0x8C, 0x2D, 
  0x98, 0x5C, 0x96, 0x7D, 0x73, 0xA0, 0xB4, 0xA7, 0x9F, 0x99, 0x95, 0x93, 0x91, 0x90, 0x8F, 0x40, 
  0x89, 0x30, 0xA8, 0x40, 0xAD, 0x69, 0xA7, 0xAC, 0xA4, 0xA5, 0xA5, 0x9E, 0x9A, 0x97, 0x7C, 0x42, 
  0x68, 0x8A, 0x3E, 0xB4, 0x3C, 0xAC, 0x6C, 0x79, 0x45, 0x37, 0x48, 0x54, 0x5C, 0x63, 0xC8, 0x8F, 
  0xCE, 0x55, 0xCE, 0x55, 0xA1, 0x88, 0x69, 0xB8, 0x43, 0xA0, 0x37, 0x46, 0x53, 0x5C, 0x63, 0x67, 
  0x6A, 0xF7, 0x62, 0xCE, 0x7B, 0x8A, 0xA9, 0x51, 0xC0, 0x44, 0xB4, 0x2C, 0x3D, 0x4C, 0x57, 0x5E, 
  0x63, 0xD4, 0x86, 0xD0, 0x52, 0xC9, 0x5A, 0xB0, 0x82, 0x7A, 0xA5, 0x4D, 0xB6, 0xB6, 0xA9, 0xA0, 
  0x9A, 0x96, 0x93, 0x91, 0x90, 0x7B, 0x58, 0x6B, 0x8A, 0x4B, 0xA7, 0x3A, 0xAE, 0x4D, 0xB1, 0xA8, 
  0x9F, 0x98, 0x94, 0x91, 0x8F, 0x8E, 0x8D, 0x8C, 0x8C, 0x72, 0x6E, 0x5E, 0x92, 0x3F, 0xA6, 0x7B, 
  0xB0, 0xA5, 0x9E, 0x98, 0x95, 0x92, 0x90, 0x8F, 0x8E, 0x8A, 0x40, 0x88, 0x78, 0x58, 0xA0, 0x3C, 
  0xAF, 0xB0, 0xA5, 0xA2, 0xA6, 0xA0, 0x9B, 0x98, 0x90, 0x1B, 0x8E, 0x63, 0x61, 0xA0, 0x3E, 0xB8, 
  0x47, 0xA4, 0x88, 0xC4, 0xB5, 0xA9, 0xA1, 0x9C, 0xA1, 0x9E, 0x1E, 0x93, 0x26, 0xAB, 0x46, 0x87, 
  0x8C, 0x56, 0xBA, 0x3A, 0x3A, 0x4B, 0x56, 0x5E, 0x64, 0x68, 0xC1, 0x90, 0xC7, 0x58, 0xCC, 0x57, 
  0xA9, 0x87, 0x65, 0xB6, 0x40, 0x56, 0x3A, 0x4A, 0x56, 0x5E, 0x63, 0x6D, 0xF5, 0x6C, 0xBD, 0x8F, 
  0x6B, 0xB1, 0x4C, 0xBC, 0x45, 0xBB, 0x62, 0xBF, 0xB1, 0xA6, 0x9E, 0x99, 0x95, 0x93, 0x91, 0x90, 
  0x18, 0x9C, 0x3C, 0x9E, 0x6F, 0x77, 0x96, 0x54, 0xA6, 0xAD, 0xA2, 0x9B, 0x96, 0x93, 0x90, 0x8F, 
  0x8D, 0x8D, 0x8C, 0x8B, 0x39, 0x91, 0x69, 0x8A, 0x87, 0x8B, 0xAB, 0xA4, 0x9D, 0x98, 0x94, 0x92, 
  0x90, 0x8F, 0x8E, 0x74, 0x63, 0x62, 0x91, 0x3E, 0xAC, 0x3E, 0xB3, 0xA0, 0xAB, 0xA6, 0xA8, 0xA1, 
  0x9B, 0x98, 0x96, 0x5D, 0x67, 0x44, 0xA1, 0x33, 0xB2, 0x50, 0x95, 0x8B, 0x8D, 0xBB, 0xB0, 0xA6, 
  0x9F, 0x9A, 0xA1, 0x9E, 0x10, 0xA2, 0x2A, 0xA2, 0x5F, 0x73, 0x9E, 0x45, 0xBE, 0x40, 0x44, 0x44, 
  0x52, 0x5B, 0x62, 0x66, 0x69, 0xF3, 0x5F, 0xDC, 0x5A, 0xB1, 0x87, 0x72, 0xB1, 0x45, 0xC2, 0x30, 
  0x3B, 0x4B, 0x56, 0x5E, 0x63, 0x91, 0xD0, 0x9E, 0x7B, 0xC1, 0x45, 0xC1, 0x45, 0xBA, 0x64, 0x9A, 
  0x90, 0xBC, 0xAE, 0xA4, 0x9D, 0x98, 0x95, 0x92, 0x91, 0x88, 0x3D, 0x80, 0x7C, 0x4F, 0xA7, 0x37, 
  0xAD, 0x4A, 0xB0, 0xA8, 0x9F, 0x98, 0x94, 0x91, 0x8F, 0x8E, 0x8D, 0x8C, 0x8C, 0x80, 0x5F, 0x7B, 
  0x84, 0x59, 0x9D, 0x46, 0xAF, 0xAD, 0xA3, 0x9C, 0x97, 0x94, 0x91, 0x90, 0x8F, 0x8E, 0x7D, 0x5D, 
  0x62, 0x8F, 0x4A, 0xA6, 0x3A, 0xB1, 0xAF, 0xA5, 0xAA, 0xA3, 0x9D, 0x99, 0x96, 0x72, 0x52, 0x5E, 
  0x92, 0x3A, 0xB4, 0x41, 0xA9, 0x72, 0x81, 0xBA, 0xB4, 0xA8, 0xA1, 0x9B, 0xA1, 0x9F, 0x53, 0x5F, 
  0x48, 0x9F, 0x33, 0xB5, 0x47, 0x91, 0x85, 0x5F, 0x3F, 0x43, 0x51, 0x5B, 0x62, 0x66, 0x6A, 0xF5, 
  0x60, 0xD0, 0x74, 0x8F, 0xA6, 0x53, 0xC1, 0x42, 0xB7, 0x53, 0x3B, 0x48, 0x54, 0x5C, 0x62, 0x66, 
  0xEC, 0x68, 0xDA, 0x58, 0xAF, 0x86, 0x87, 0xA3, 0x4E, 0xBA, 0x41, 0xBF, 0xB6, 0xA9, 0xA1, 0x9B, 
  0x97, 0x94, 0x92, 0x90, 0x16, 0x9F, 0x45, 0x97, 0x7B, 0x56, 0xA2, 0x42, 0xAD, 0xAA, 0xA0, 0x9A, 
  0x95, 0x92, 0x90, 0x8E, 0x8D, 0x8C, 0x8C, 0x84, 0x59, 0x73, 0x86, 0x62, 0x9C, 0x44, 0xB0, 0xAF, 
  0xA4, 0x9C, 0x97, 0x94, 0x91, 0x90, 0x8F, 0x8E, 0x5E, 0x79, 0x3A, 0xA0, 0x32, 0xAE, 0x3D, 0xB5, 
  0xAC, 0xA3, 0xA8, 0xA1, 0x9C, 0x98, 0x95, 0x7F, 0x45, 0x67, 0x88, 0x44, 0xAD, 0x3C, 0xAE, 0x6A, 
  0x7E, 0xAE, 0xB5, 0xA8, 0xA0, 0x99, 0x9F, 0x9B, 0x97, 0x91, 0x1E, 0x90, 0x57, 0x72, 0x8E, 0x50, 
  0xAF, 0x49, 0x88, 0x42, 0x51, 0x5C, 0x64, 0x69, 0x6D, 0x70, 0x70, 0x70, 0xDC, 0x6D, 0xB8, 0x81, 
  0x85, 0x9F, 0x5E, 0xAD, 0x4A, 0x4F, 0x5B, 0x63, 0x69, 0x6D, 0x70, 0x72, 0x73, 0x75, 0xD1, 0x71, 
  0xB9, 0x73, 0xA3, 0x86, 0x7D, 0x98, 0xA3, 0x9A, 0x94, 0x90, 0x8D, 0x8B, 0x8A, 0x89, 0x88, 0x87, 
  0x87, 0x87, 0x87, 0x80, 0x80, 0x81, 0x82, 0x83, 0x83, 0x84, 0x84, 0x84, 0x84, 0x84, 0x84, 0x84, 
  0x84, 0x84, 0x84, 0x84, 0x84, 0x84, 0x84, 0x85, 0x86, 0x86, 0x85, 0x85, 0x85, 0x84, 0x84, 0x84, 
  0x84, 0x84, 0x84, 0x84, 0x84, 0x84, 0x84, 0x84, 0x84, 0x84, 0x84, 0x84, 0x89, 0x89, 0x87, 0x86, 
  0x86, 0x85, 0x85, 0x85, 0x85, 0x85, 0x85, 0x84, 0x84, 0x84, 0x84, 0x84, 0x84, 0x84, 0x84, 0x84, 
  0x88, 0x88, 0x87, 0x86, 0x86, 0x85, 0x85, 0x85, 0x85, 0x85, 0x85, 0x85, 0x7E, 0x58, 0x62, 0x6A, 
  0x6F, 0x73, 0x76, 0x78, 0x79, 0x79, 0x7A, 0x7A, 0x7B, 0x7B, 0x7B, 0x7B, 0x7C, 0x7C, 0x7C, 0x7C, 
  0x7C, 0x7C, 0x7C, 0x7C, 0x7C, 0x7C, 0x7C, 0x7C, 0x7C, 0x79, 0x7A, 0x7A, 0x7B, 0x7B, 0x7B, 0x83, 
  0x9C, 0x95, 0x8F, 0x8B, 0x88, 0x86, 0x85, 0x84, 0x84, 0x83, 0x83, 0x83, 0x82, 0x80, 0x7F, 0x80, 
  0x80, 0x81, 0x81, 0x81, 0x81, 0x81, 0x81, 0x81, 0x81, 0x81, 0x81, 0x81, 0x81, 0x81, 0x81, 0x81, 
  0x81, 0x81, 0x82, 0x82, 0x82, 0x81, 0x81, 0x81, 0x81, 0x81, 0x81, 0x81, 0x81, 0x81, 0x81, 0x81, 
  0x81, 0x81, 0x81, 0x81, 0x81, 0x81, 0x83, 0x83, 0x82, 0x82, 0x82, 0x82, 0x82, 0x81, 0x81, 0x81, 
  0x81, 0x81, 0x81, 0x81, 0x81, 0x81, 0x81, 0x81, 0x81, 0x81, 0x75, 0x72, 0x76, 0x78, 0x7A, 0x7B, 
  0x7C, 0x7D, 0x7D, 0x7D, 0x7E, 0x7E, 0x7E, 0x7E, 0x7E, 0x7E, 0x7E, 0x7E, 0x7E, 0x7E, 0x7E, 0x7E, 
  0x7E, 0x7E, 0x7E, 0x7E, 0x7E, 0x7E, 0x7E, 0x7E, 0x7E, 0x7E, 0x7E, 0x7E, 0x7E, 0x7E, 0x7E, 0x7E, 
  0x7E, 0x7E, 0x7E, 0x7D, 0x7D, 0x7E, 0x7E, 0x7E, 0x7E, 0x7E, 0x8A, 0x88, 0x86, 0x84, 0x83, 0x82, 
  0x82, 0x81, 0x81, 0x81, 0x81, 0x81, 0x81, 0x80, 0x7F, 0x80, 0x80, 0x80, 0x80, 0x80, 0x80, 0x80, 
  0x80, 0x80, 0x80, 0x80, 0x80, 0x80, 0x80, 0x80, 0x80, 0x80, 0x80, 0x80, 0x80, 0x80, 0x80, 0x80, 
  0x80, 0x80, 0x80, 0x80, 0x80, 0x80, 0x80, 0x80, 0x80, 0x80, 0x80, 0x80, 0x80, 0x80, 0x80, 0x80, 
  0x81, 0x81, 0x81, 0x80, 0x80, 0x80, 0x80, 0x80, 0x80, 0x80, 0x80, 0x7B, 0x7A, 0x7B, 0x7C, 0x7E, 
  0x85, 0x83, 0x82, 0x82, 0x7E, 0x7B, 0x7C, 0x7D, 0x7E, 0x7E, 0x7E, 0x7F, 0x7F, 0x7F, 0x7F, 0x7F, 
  0x7F, 0x7F, 0x7F, 0x7F, 0x7F, 0x7F, 0x7F, 0x7F, 0x7F, 0x7F, 0x7F, 0x7F, 0x7F, 0x7F, 0x7F, 0x7F, 
  0x7F, 0x7F, 0x7F, 0x7F, 0x7F, 0x7F, 0x7F, 0x7F, 0x7F, 0x7F, 0x7F, 0x7F, 0x7F, 0x7F, 0x7F, 0x7F, 
  0x7F, 0x7F, 0x7F, 0x7F, 0x83, 0x83, 0x82, 0x81, 0x81, 0x81, 0x80, 0x80, 0x80, 0x80, 0x80, 0x80, 
  0x7D, 0x7D, 0x81, 0x80, 0x80, 0x80, 0x80, 0x80, 0x80, 0x80, 0x80, 0x80, 0x80, 0x80, 0x80, 0x80, 
  0x80, 0x80, 0x80, 0x80, 0x80, 0x80, 0x80, 0x80, 0x80, 0x80, 0x80, 0x80, 0x80, 0x80, 0x80, 0x80, 
  0x80, 0x80, 0x80, 0x80, 0x80, 0x80, 0x80, 0x80, 0x80, 0x80, 0x80, 0x80, 0x80, 0x80, 0x80, 0x80, 
  0x80, 0x80, 0x80, 0x7D, 0x7D, 0x7E, 0x7E, 0x7F, 0x7F, 0x7F, 0x82, 0x81, 0x81, 0x80, 0x7F, 0x7E, 
  0x7E, 0x7F, 0x7F, 0x7F, 0x7F, 0x7F, 0x7F, 0x7F, 0x7F, 0x7F, 0x7F, 0x7F, 0x7F, 0x7F, 0x7F, 0x7F, 
  0x7F, 0x7F, 0x7F, 0x7F, 0x7F, 0x7F, 0x7F, 0x7F, 0x7F, 0x7F, 0x7F, 0x7F, 0x7F, 0x7F, 0x7F, 0x7F, 
  0x7F, 0x7F, 0x7F, 0x7F, 0x7F, 0x7F, 0x7F, 0x7F, 0x7F, 0x7F, 0x7F, 0x7F, 0x7F, 0x7F, 0x80, 0x81, 
  0x80, 0x80, 0x80, 0x80, 0x80, 0x80, 0x80, 0x80, 0x7F, 0x7E, 0x7F, 0x7F, 0x80, 0x80, 0x80, 0x80, 
  0x80, 0x80, 0x80, 0x80, 0x80, 0x80, 0x80, 0x80, 0x80, 0x80, 0x80, 0x80, 0x80, 0x80, 0x80, 0x80, 
  0x80, 0x80, 0x80, 0x80, 0x80, 0x80, 0x80, 0x80, 0x80, 0x80, 0x80, 0x80, 0x80, 0x80, 0x80, 0x80, 
  0x80, 0x80, 0x80, 0x80, 0x80, 0x80, 0x80, 0x80, 0x80, 0x80, 0x80, 0x80, 0x80, 0x7F, 0x7F, 0x7F, 
  0x7F, 0x7F, 0x7F, 0x7F, 0x80, 0x80, 0x80, 0x80, 0x80, 0x7F, 0x7F, 0x7F, 0x7F, 0x7F, 0x7F, 0x7F, 
  0x7F, 0x7F, 0x7F, 0x7F, 0x7F, 0x7F, 0x7F, 0x7F, 0x7F, 0x7F, 0x7F, 0x7F, 0x7F, 0x7F, 0x7F, 0x7F, 
  0x7F, 0x7F, 0x7F, 0x7F, 0x7F, 0x7F, 0x7F, 0x7F, 0x7F, 0x7F, 0x7F, 0x7F, 0x7F, 0x7F, 0x7F, 0x7F, 
  0x7F, 0x7F, 0x7F, 0x7F, 0x7F, 0x7F, 0x7F, 0x7F, 0x80, 0x80, 0x80, 0x80, 0x80, 0x80, 0x80, 0x80, 
  0x80, 0x7F, 0x7F, 0x7F, 0x7F, 0x7F, 0x80, 0x80, 0x80, 0x80, 0x80, 0x80, 0x80, 0x80, 0x80, 0x80, 
  0x80, 0x80, 0x80, 0x80, 0x80, 0x80, 0x80, 0x80, 0x80, 0x80, 0x80, 0x80, 0x80, 0x80, 0x80, 0x80, 
  0x80, 0x80, 0x80, 0x80, 0x80, 0x80, 0x80, 0x80, 0x80, 0x80, 0x80, 0x80, 0x80, 0x80, 0x80, 0x80, 
  0x80, 0x80, 0x80, 0x80, 0x80, 0x80, 0x80, 0x80, 0x7F, 0x7F, 0x7F, 0x7F, 0x7F, 0x7F, 0x80, 0x80, 
  0x80, 0x80, 0x80, 0x7F, 0x7F, 0x7F, 0x7F, 0x7F, 0x7F, 0x7F, 0x7F, 0x7F, 0x7F, 0x7F, 0x7F, 0x7F, 
  0x7F, 0x7F, 0x7F, 0x7F, 0x7F, 0x7F, 0x7F, 0x7F, 0x7F, 0x7F, 0x7F, 0x7F, 0x7F, 0x7F, 0x7F, 0x7F, 
  0x7F, 0x7F, 0x7F, 0x7F, 0x7F, 0x7F, 0x7F, 0x7F, 0x7F, 0x7F, 0x7F, 0x7F, 0x7F, 0x7F, 0x7F, 0x7F, 
  0x7F, 0x7F, 0x7F, 0x80, 0x80, 0x80, 0x80, 0x80, 0x80, 0x80, 0x80, 0x7F, 0x7F, 0x7F, 0x7F, 0x7F, 
  0x80, 0x80, 0x80, 0x80, 0x80, 0x80, 0x80, 0x80, 0x80, 0x80, 0x80, 0x80, 0x80, 0x80, 0x80, 0x80, 
  0x80, 0x80, 0x80, 0x80, 0x80, 0x80, 0x80, 0x80, 0x80, 0x80, 0x80, 0x80, 0x80, 0x80, 0x80, 0x80, 
  0x80, 0x80, 0x80, 0x80, 0x80, 0x80, 0x80, 0x80, 0x80, 0x80, 0x80, 0x80, 0x80, 0x80, 0x80, 0x80, 
  0x80, 0x80, 0x80, 0x7F, 0x7F, 0x7F, 0x7F, 0x7F, 0x7F, 0x80, 0x80, 0x80, 0x80, 0x7F, 0x7F, 0x7F, 
  0x7F, 0x7F, 0x7F, 0x7F, 0x7F, 0x7F, 0x7F, 0x7F, 0x7F, 0x7F, 0x7F, 0x7F, 0x7F, 0x7F, 0x7F, 0x7F, 
  0x7F, 0x7F, 0x7F, 0x7F, 0x7F, 0x7F, 0x7F, 0x7F, 0x7F, 0x7F, 0x7F, 0x7F, 0x7F, 0x7F, 0x7F, 0x7F, 
  0x7F, 0x7F, 0x7F, 0x7F, 0x7F, 0x7F, 0x7F, 0x7F, 0x7F, 0x7F, 0x7F, 0x7F, 0x7F, 0x80, 0x80, 0x80, 
  0x80, 0x80, 0x80, 0x7F, 0x7F, 0x7F, 0x7F, 0x7F, 0x7F, 0x7F, 0x80, 0x80, 0x80, 0x80, 0x80, 0x80, 
  0x80, 0x80, 0x80, 0x80, 0x80, 0x80, 0x80, 0x80, 0x80, 0x80, 0x80, 0x80, 0x80, 0x80, 0x80, 0x80, 
  0x80, 0x80, 0x80, 0x80, 0x80, 0x80, 0x80, 0x80, 0x80, 0x80, 0x80, 0x80, 0x80, 0x80, 0x80, 0x80, 
  0x80, 0x80, 0x80, 0x80, 0x80, 0x80, 0x80, 0x80, 0x80, 0x80, 0x80, 0x80, 0x80, 0x80, 0x7F, 0x7F, 
  0x7F, 0x7F, 0x7F, 0x80, 0x80, 0x80, 0x80, 0x7F, 0x7F, 0x7F, 0x7F, 0x7F, 0x7F, 0x7F, 0x7F, 0x7F, 
  0x7F, 0x7F, 0x7F, 0x7F, 0x7F, 0x7F, 0x7F, 0x7F, 0x7F, 0x7F, 0x7F, 0x7F, 0x7F, 0x7F, 0x7F, 0x7F, 
  0x7F, 0x7F, 0x7F, 0x7F, 0x7F, 0x7F, 0x7F, 0x7F, 0x7F, 0x7F, 0x7F, 0x7F, 0x7F, 0x7F, 0x7F, 0x7F, 
  0x7F, 0x7F, 0x7F, 0x7F, 0x7F, 0x7F, 0x7F, 0x80, 0x80, 0x80, 0x80, 0x80, 0x80, 0x80, 0x7F, 0x7F, 
  0x7F, 0x7F, 0x7F, 0x7F, 0x80, 0x80, 0x80, 0x80, 0x80, 0x80, 0x80, 0x80, 0x80, 0x80, 0x80, 0x80, 
  0x80, 0x80, 0x80, 0x80, 0x80, 0x80, 0x80, 0x80, 0x80, 0x80, 0x80, 0x80, 0x80, 0x80, 0x80, 0x80, 
  0x80, 0x80, 0x80, 0x80, 0x80, 0x80, 0x80, 0x80, 0x80, 0x80, 0x80, 0x80, 0x80, 0x80, 0x80, 0x80, 
  0x80, 0x80, 0x80, 0x80, 0x80, 0x80, 0x80, 0x80, 0x7F, 0x7F, 0x7F, 0x7F, 0x7F, 0x80, 0x80, 0x80, 
  0x80, 0x7F, 0x7F, 0x7F, 0x7F, 0x7F, 0x7F, 0x7F, 0x7F, 0x7F, 0x7F, 0x7F, 0x7F, 0x7F, 0x7F, 0x7F, 
  0x7F, 0x7F, 0x7F, 0x7F, 0x7F, 0x7F, 0x7F, 0x7F, 0x7F, 0x7F, 0x7F, 0x7F, 0x7F, 0x7F, 0x7F, 0x7F, 
  0x7F, 0x7F, 0x7F, 0x7F, 0x7F, 0x7F, 0x7F, 0x7F, 0x7F, 0x7F, 0x7F, 0x7F, 0x7F, 0x7F, 0x7F, 0x7F, 
  0x7F, 0x80, 0x80, 0x80, 0x80, 0x80, 0x80, 0x7F, 0x7F, 0x7F, 0x7F, 0x7F, 0x7F, 0x7F, 0x80, 0x80, 
  0x80, 0x80, 0x80, 0x80, 0x80, 0x80, 0x80, 0x80, 0x80, 0x80, 0x80, 0x80, 0x80, 0x80, 0x80, 0x80, 
  0x80, 0x80, 0x80, 0x80, 0x80, 0x80, 0x80, 0x80, 0x80, 0x80, 0x80, 0x80, 0x80, 0x80, 0x80, 0x80, 
  0x80, 0x80, 0x80, 0x80, 0x80, 0x80, 0x80, 0x80, 0x80, 0x80, 0x80, 0x80, 0x80, 0x80, 0x80, 0x80, 
  0x80, 0x80, 0x80, 0x80, 0x7F, 0x7F, 0x7F, 0x80, 0x80, 0x80, 0x80, 0x7F, 0x7F, 0x7F, 0x7F, 0x7F, 
  0x7F, 0x7F, 0x7F, 0x7F, 0x7F, 0x7F, 0x7F, 0x7F, 0x7F, 0x7F, 0x7F, 0x7F, 0x7F, 0x7F, 0x7F, 0x7F, 
  0x7F, 0x7F, 0x7F, 0x7F, 0x7F, 0x7F, 0x7F, 0x7F, 0x7F, 0x7F, 0x7F, 0x7F, 0x7F, 0x7F, 0x7F, 0x7F, 
  0x7F, 0x7F, 0x7F, 0x7F, 0x7F, 0x7F, 0x7F, 0x7F, 0x7F, 0x7F, 0x7F, 0x7F, 0x80, 0x80, 0x80, 0x80, 
  0x80, 0x7F, 0x7F, 0x7F, 0x7F, 0x7F, 0x7F, 0x7F, 0x80, 0x80, 0x80, 0x80, 0x80, 0x80, 0x80, 0x80, 
  0x80, 0x80, 0x80, 0x80, 0x80, 0x80, 0x80, 0x80, 0x80, 0x80, 0x80, 0x80, 0x80, 0x80, 0x80, 0x80, 
  0x80, 0x80, 0x80, 0x80, 0x80, 0x80, 0x80, 0x80, 0x80, 0x80, 0x80, 0x80, 0x80, 0x80, 0x80, 0x80, 
  0x80, 0x80, 0x80, 0x80, 0x80, 0x80, 0x80, 0x80, 0x80, 0x80, 0x80, 0x80, 0x80, 0x80, 0x80, 0x7F, 
  0x7F, 0x80, 0x80, 0x80, 0x80, 0x80, 0x80, 0x80, 0x80
};
const unsigned int os07_len = 3945;

// os08 - GLT1 (108 bytes)
PROGMEM const uint8_t os08[] = {
  0x80, 0x8A, 0x07, 0x89, 0x35, 0x77, 0x3F, 0x78, 0x95, 0x89, 0xC1, 0xA4, 0xB4, 0x91, 0xB6, 0x6C, 
  0x9D, 0x4F, 0x80, 0x91, 0x7A, 0x4C, 0x43, 0x4D, 0x5C, 0x58, 0x2F, 0x92, 0xA9, 0xAA, 0x96, 0x83, 
  0x78, 0xBC, 0xA3, 0x80, 0x96, 0x8B, 0x7A, 0x74, 0x75, 0x75, 0x7D, 0x74, 0x64, 0x6A, 0x79, 0x62, 
  0x62, 0x87, 0x9C, 0x6E, 0xA2, 0x91, 0x82, 0x5D, 0x9E, 0x8B, 0x8E, 0x7D, 0x8B, 0x74, 0x82, 0x86, 
  0x76, 0x75, 0x6F, 0x7A, 0x73, 0x60, 0x77, 0x8D, 0x82, 0xC3, 0x89, 0x93, 0x7D, 0x78, 0x9B, 0x8A, 
  0x82, 0x6F, 0x74, 0x78, 0x6D, 0x75, 0x7E, 0x6E, 0x5E, 0x7F, 0x7A, 0x92, 0x83, 0x81, 0x99, 0x7F, 
  0x7E, 0x72, 0x7A, 0x7F, 0x94, 0x74, 0x87, 0x78, 0x82, 0x7C, 0x8B, 0x84
};
const unsigned int os08_len = 108;

// os09 - GLT2 (309 bytes)
PROGMEM const uint8_t os09[] = {
  0x80, 0xD3, 0xD0, 0xCF, 0xCE, 0x3C, 0x3C, 0xD4, 0x37, 0xD7, 0xD3, 0xD0, 0xD1, 0x2B, 0x2B, 0x2E, 
  0x2C, 0x2D, 0x33, 0xE6, 0x27, 0xE2, 0xDF, 0xDC, 0x1A, 0x21, 0x22, 0xE9, 0x1E, 0x2A, 0x3B, 0x51, 
  0x49, 0xF8, 0xF5, 0xE7, 0x2F, 0x45, 0xF5, 0x2A, 0x35, 0xF1, 0xDB, 0x23, 0x2B, 0x49, 0x33, 0xE6, 
  0x27, 0x34, 0xE7, 0x43, 0xE2, 0xD1, 0x26, 0xB9, 0x35, 0xD7, 0x38, 0x47, 0x42, 0xCA, 0xE1, 0x47, 
  0xD8, 0xCA, 0xCB, 0x32, 0xCE, 0xAE, 0xC7, 0xBA, 0xBD, 0x49, 0x35, 0xA4, 0x46, 0xCD, 0xBC, 0x54, 
  0x3A, 0xA0, 0xBE, 0x5E, 0x38, 0x67, 0x49, 0xC6, 0x43, 0x94, 0xB7, 0x8B, 0x44, 0xB8, 0x38, 0xB5, 
  0x48, 0x88, 0x4A, 0x70, 0x42, 0x92, 0xB0, 0xBC, 0x55, 0x71, 0xB5, 0x7F, 0xAC, 0xA9, 0x8D, 0xA2, 
  0xA1, 0x2A, 0x4D, 0x78, 0x3F, 0x80, 0xA4, 0x4E, 0xA2, 0x8E, 0x70, 0x4D, 0x72, 0x93, 0x55, 0xC5, 
  0x70, 0xB5, 0x8C, 0x82, 0xB1, 0x65, 0x7D, 0xAB, 0x3A, 0x86, 0x73, 0x45, 0x78, 0xBE, 0x89, 0x64, 
  0x6B, 0xB1, 0x7F, 0x8C, 0x45, 0x99, 0xBB, 0x93, 0x47, 0x9D, 0x86, 0x61, 0x7A, 0x4A, 0xBD, 0x5F, 
  0x78, 0xB6, 0x7E, 0x9B, 0x7B, 0x52, 0x79, 0xA4, 0x4F, 0xBC, 0xB2, 0x9B, 0xAC, 0x97, 0xA8, 0x3A, 
  0x58, 0x3B, 0xB0, 0x3F, 0xB4, 0x41, 0x90, 0xB5, 0x47, 0x4D, 0x67, 0x4A, 0x62, 0xB3, 0x4C, 0x4D, 
  0xB3, 0xAD, 0xA2, 0x9B, 0x81, 0x2E, 0xA0, 0x2C, 0x3A, 0x4A, 0x53, 0xC3, 0xA1, 0x42, 0xA2, 0x4D, 
  0x56, 0x5C, 0x6D, 0xC1, 0xA7, 0xBC, 0x53, 0x46, 0x54, 0xC1, 0x50, 0xAE, 0xA4, 0xA6, 0x3B, 0x48, 
  0x56, 0xBD, 0x4C, 0x4A, 0xBE, 0x42, 0x4B, 0xB8, 0xAE, 0xB7, 0x43, 0x49, 0xC0, 0x53, 0x51, 0xB7, 
  0xAC, 0x38, 0xAC, 0xA8, 0x34, 0xA2, 0x2C, 0x3C, 0xBC, 0x46, 0xAE, 0xAF, 0x38, 0xAD, 0x42, 0xB9, 
  0xBA, 0x4A, 0xA9, 0xAF, 0xB2, 0x44, 0xB8, 0xAD, 0xAD, 0x41, 0xAC, 0xA1, 0x92, 0xA9, 0x51, 0xAB, 
  0xAD, 0x43, 0x5C, 0xAD, 0xA8, 0x3C, 0x51, 0x9E, 0x8D, 0x47, 0x44, 0x4D, 0xC0, 0xB4, 0x5E, 0xA5, 
  0x56, 0x98, 0x3B, 0xA3, 0x49, 0xB5, 0x48, 0xB2, 0x68, 0x46, 0xB3, 0x49, 0x8F, 0xA6, 0x8F, 0xB5, 
  0x84, 0x95, 0x82, 0x69, 0x74
};
const unsigned int os09_len = 309;

// os10 - MTL1 (1973 bytes)
PROGMEM const uint8_t os10[] = {
  0x80, 0x72, 0x71, 0x6D, 0x64, 0x73, 0x94, 0x7C, 0x8A, 0x9B, 0x76, 0x64, 0x77, 0x69, 0x63, 0x8E, 
  0x93, 0x76, 0xA4, 0x92, 0x68, 0x86, 0x7B, 0x5B, 0x80, 0x9E, 0x74, 0xA4, 0xA5, 0x74, 0x80, 0x83, 
  0x61, 0x69, 0x9B, 0x76, 0x8C, 0x87, 0x81, 0x7F, 0x7D, 0x7C, 0x6F, 0x8A, 0x75, 0x86, 0x81, 0x8C, 
  0x7D, 0x6C, 0x7E, 0x67, 0x79, 0x7D, 0x86, 0x7F, 0x85, 0x88, 0x67, 0x84, 0x74, 0x84, 0x75, 0x81, 
  0x7D, 0x76, 0x7A, 0x7A, 0x8B, 0x81, 0x83, 0x84, 0x74, 0x7F, 0x77, 0x7A, 0x79, 0x9C, 0x83, 0x80, 
  0x8C, 0x76, 0x7C, 0x81, 0x73, 0x74, 0x9A, 0x80, 0x7C, 0x9F, 0x76, 0x6A, 0x82, 0x72, 0x67, 0x8F, 
  0x86, 0x7C, 0x9B, 0x97, 0x5C, 0x7C, 0x78, 0x68, 0x7E, 0x9D, 0x82, 0x91, 0xA9, 0x6F, 0x6F, 0x7D, 
  0x7A, 0x64, 0x9B, 0x92, 0x84, 0xA9, 0x8C, 0x59, 0x75, 0x82, 0x5B, 0x86, 0xA8, 0x7F, 0x94, 0xA2, 
  0x68, 0x61, 0x85, 0x5A, 0x65, 0xB3, 0x85, 0x81, 0x9D, 0x80, 0x55, 0x82, 0x6E, 0x53, 0x9C, 0x94, 
  0x7D, 0x84, 0xA0, 0x4F, 0x70, 0x79, 0x4D, 0x79, 0xAF, 0x8B, 0x7B, 0xA7, 0x6B, 0x56, 0x7B, 0x6A, 
  0x5F, 0x96, 0xA3, 0x7B, 0x96, 0x92, 0x51, 0x74, 0x83, 0x64, 0x7D, 0xB2, 0x7F, 0x86, 0xAE, 0x65, 
  0x5F, 0x89, 0x74, 0x63, 0xB4, 0x8D, 0x7E, 0xA9, 0x81, 0x4F, 0x7D, 0x7C, 0x73, 0x8E, 0x97, 0x7D, 
  0x90, 0x8E, 0x64, 0x69, 0x7E, 0x7C, 0x76, 0x97, 0x87, 0x7C, 0x83, 0x69, 0x5C, 0x7B, 0x8D, 0x85, 
  0x99, 0xA9, 0x68, 0x80, 0x78, 0x43, 0x70, 0x85, 0x74, 0x85, 0xB4, 0x7B, 0x74, 0x86, 0x67, 0x64, 
  0x8B, 0x77, 0x7D, 0xB5, 0x96, 0x67, 0x8D, 0x70, 0x64, 0x80, 0x88, 0x77, 0xA3, 0xA5, 0x71, 0x82, 
  0x79, 0x6A, 0x5E, 0x8B, 0x80, 0x8B, 0xAC, 0x8D, 0x77, 0x7D, 0x72, 0x49, 0x7E, 0x9A, 0x7E, 0x9B, 
  0xA5, 0x7A, 0x79, 0x7F, 0x3D, 0x58, 0xAB, 0x71, 0x8E, 0xBB, 0x83, 0x5D, 0x8D, 0x4E, 0x32, 0xA3, 
  0x79, 0x7C, 0xB7, 0xBE, 0x4A, 0x8F, 0x65, 0x23, 0x71, 0xA2, 0x7D, 0x9D, 0xDB, 0x68, 0x75, 0x7C, 
  0x4A, 0x46, 0x9F, 0xA1, 0x85, 0xF0, 0xA9, 0x5D, 0x87, 0x63, 0x37, 0x78, 0xC5, 0x6D, 0xDE, 0xD1, 
  0x6F, 0x67, 0x80, 0x40, 0x33, 0xC6, 0x62, 0xA2, 0xDF, 0x8D, 0x4B, 0x7C, 0x68, 0x07, 0xA6, 0x79, 
  0x88, 0xA1, 0xBA, 0x4D, 0x5F, 0x75, 0x07, 0x6C, 0xA2, 0x78, 0x92, 0xAF, 0x7F, 0x32, 0x8B, 0x2D, 
  0x57, 0x92, 0x9C, 0x7A, 0xBC, 0xB6, 0x4E, 0x94, 0x6C, 0x43, 0x80, 0xA6, 0x87, 0x9D, 0xE3, 0x67, 
  0x94, 0x7C, 0x78, 0x5A, 0xAB, 0x96, 0x99, 0xCC, 0x93, 0x68, 0x80, 0x82, 0x6E, 0x8A, 0xAE, 0x87, 
  0x9D, 0x90, 0x74, 0x65, 0x8D, 0x49, 0x66, 0x97, 0x7A, 0x80, 0xA6, 0x7E, 0x59, 0x88, 0x52, 0x46, 
  0x88, 0x79, 0x7A, 0x8A, 0x9D, 0x49, 0x84, 0x63, 0x63, 0x79, 0x91, 0x86, 0x75, 0xA3, 0x61, 0x7C, 
  0x70, 0x7B, 0x6F, 0x8D, 0xAB, 0x79, 0xBC, 0x8E, 0x7B, 0x78, 0x85, 0x79, 0x71, 0xBA, 0x76, 0xB2, 
  0xA5, 0x83, 0x5E, 0x88, 0x69, 0x56, 0xCB, 0x76, 0x8D, 0x99, 0x7E, 0x75, 0x78, 0x91, 0x3E, 0xAD, 
  0x6C, 0x85, 0x82, 0x89, 0x6A, 0x5A, 0x7E, 0x3C, 0x7C, 0x89, 0x82, 0x8B, 0x78, 0x87, 0x28, 0x7F, 
  0x45, 0x61, 0x83, 0xA0, 0x77, 0x85, 0xAA, 0x3D, 0x7C, 0x7E, 0x5D, 0x80, 0x9E, 0x88, 0x74, 0xD0, 
  0x5C, 0x7E, 0x83, 0x82, 0x6D, 0xAF, 0x9C, 0x87, 0xBE, 0x89, 0x50, 0x7B, 0x82, 0x70, 0x91, 0xC3, 
  0x82, 0xA3, 0x88, 0x71, 0x5E, 0x88, 0x69, 0x64, 0xA9, 0x88, 0x7B, 0x94, 0x7F, 0x55, 0x7C, 0x77, 
  0x3E, 0x8F, 0x91, 0x7A, 0x75, 0x9F, 0x3A, 0x66, 0x79, 0x55, 0x76, 0xB1, 0x82, 0x70, 0x99, 0x5B, 
  0x58, 0x77, 0x6F, 0x73, 0x97, 0xA2, 0x6C, 0xAD, 0x87, 0x62, 0x78, 0x7E, 0x78, 0x7E, 0xB0, 0x7B, 
  0xA3, 0x96, 0x85, 0x79, 0x7F, 0x9D, 0x71, 0xA4, 0x81, 0x8E, 0x7E, 0x85, 0x80, 0x75, 0xA2, 0x5C, 
  0x9C, 0x80, 0x88, 0x72, 0x80, 0x7D, 0x6D, 0x8B, 0x57, 0x85, 0x76, 0x78, 0x88, 0x6C, 0x8D, 0x73, 
  0x8A, 0x56, 0x94, 0x73, 0x6A, 0x81, 0x72, 0x7E, 0x83, 0x8F, 0x74, 0x8C, 0x88, 0x50, 0x82, 0x73, 
  0x93, 0x7D, 0xA2, 0x77, 0x8D, 0x90, 0x5B, 0x7D, 0x8E, 0x84, 0x83, 0x98, 0x88, 0x78, 0x9A, 0x6B, 
  0x70, 0x86, 0x8E, 0x75, 0x8D, 0x9D, 0x80, 0x7D, 0x8A, 0x5C, 0x70, 0x83, 0x8A, 0x79, 0xB3, 0x88, 
  0x6C, 0x87, 0x70, 0x56, 0x82, 0x8C, 0x65, 0xB0, 0x9C, 0x60, 0x8F, 0x80, 0x5D, 0x7A, 0x94, 0x65, 
  0x90, 0xAA, 0x71, 0x7E, 0x83, 0x65, 0x65, 0x8F, 0x84, 0x7B, 0xB4, 0x88, 0x7A, 0x70, 0x77, 0x5C, 
  0x7E, 0x96, 0x73, 0x95, 0x9C, 0x7B, 0x61, 0x8C, 0x60, 0x61, 0x92, 0x7C, 0x79, 0xA4, 0x86, 0x65, 
  0x8D, 0x7A, 0x49, 0x86, 0x90, 0x76, 0x9E, 0x99, 0x6A, 0x7C, 0x88, 0x48, 0x77, 0x9D, 0x84, 0x90, 
  0x9F, 0x79, 0x6D, 0x86, 0x67, 0x68, 0x8F, 0x8F, 0x81, 0x93, 0x8F, 0x77, 0x72, 0x81, 0x60, 0x80, 
  0x92, 0x87, 0x85, 0xA7, 0x7F, 0x5C, 0x87, 0x68, 0x65, 0x91, 0x8E, 0x78, 0x9E, 0x8B, 0x58, 0x84, 
  0x79, 0x6B, 0x85, 0x93, 0x73, 0x91, 0x98, 0x68, 0x73, 0x80, 0x5C, 0x78, 0x8A, 0x8A, 0x7F, 0xA0, 
  0x79, 0x70, 0x71, 0x6F, 0x6B, 0x84, 0x9C, 0x7E, 0x8D, 0x8E, 0x6E, 0x6E, 0x7A, 0x74, 0x77, 0x98, 
  0x82, 0x79, 0x90, 0x7B, 0x67, 0x83, 0x78, 0x66, 0x89, 0x96, 0x75, 0x9D, 0x85, 0x6A, 0x71, 0x80, 
  0x5C, 0x7F, 0x9F, 0x81, 0x90, 0x8E, 0x6E, 0x70, 0x7E, 0x73, 0x75, 0x94, 0x86, 0x84, 0x88, 0x7A, 
  0x74, 0x71, 0x83, 0x6E, 0x88, 0x8F, 0x84, 0x86, 0x90, 0x75, 0x56, 0x84, 0x6E, 0x77, 0x96, 0x91, 
  0x7F, 0x95, 0x82, 0x54, 0x83, 0x7A, 0x6A, 0x90, 0x9D, 0x7A, 0x97, 0x8E, 0x67, 0x7B, 0x86, 0x62, 
  0x82, 0x9C, 0x89, 0x8A, 0x95, 0x75, 0x6D, 0x7C, 0x6D, 0x74, 0x94, 0x92, 0x84, 0x86, 0x80, 0x6C, 
  0x68, 0x7B, 0x67, 0x86, 0x8D, 0x84, 0x72, 0x8C, 0x73, 0x5E, 0x82, 0x6F, 0x77, 0x89, 0x8E, 0x74, 
  0x8E, 0x7F, 0x5C, 0x82, 0x77, 0x77, 0x7F, 0x97, 0x7C, 0x8D, 0x89, 0x6B, 0x7E, 0x7D, 0x7A, 0x7E, 
  0x92, 0x8F, 0x82, 0x91, 0x76, 0x87, 0x77, 0x87, 0x7B, 0x8B, 0x8E, 0x80, 0x86, 0x7D, 0x82, 0x72, 
  0x83, 0x7B, 0x81, 0x91, 0x7B, 0x7F, 0x7B, 0x82, 0x66, 0x81, 0x78, 0x7A, 0x82, 0x7C, 0x7E, 0x7D, 
  0x84, 0x6F, 0x7B, 0x7B, 0x73, 0x7F, 0x77, 0x83, 0x7A, 0x85, 0x72, 0x81, 0x7F, 0x77, 0x83, 0x74, 
  0x80, 0x7B, 0x84, 0x78, 0x8B, 0x83, 0x80, 0x88, 0x7E, 0x90, 0x7F, 0x87, 0x80, 0x83, 0x82, 0x7C, 
  0x8D, 0x7B, 0x8C, 0x7A, 0x8A, 0x80, 0x87, 0x83, 0x7D, 0x89, 0x7A, 0x84, 0x76, 0x7F, 0x83, 0x80, 
  0x87, 0x7C, 0x88, 0x6F, 0x86, 0x73, 0x7E, 0x7D, 0x7C, 0x79, 0x76, 0x82, 0x72, 0x82, 0x7E, 0x7F, 
  0x81, 0x73, 0x7E, 0x71, 0x83, 0x71, 0x85, 0x7B, 0x81, 0x83, 0x77, 0x81, 0x82, 0x86, 0x7D, 0x81, 
  0x7E, 0x83, 0x90, 0x76, 0x90, 0x7D, 0x7C, 0x7E, 0x91, 0x7D, 0x8A, 0x8B, 0x7C, 0x8B, 0x82, 0x80, 
  0x82, 0x87, 0x84, 0x85, 0x8C, 0x7A, 0x8E, 0x7C, 0x81, 0x79, 0x80, 0x7F, 0x81, 0x84, 0x82, 0x85, 
  0x79, 0x80, 0x76, 0x6F, 0x84, 0x7A, 0x81, 0x7F, 0x87, 0x6C, 0x84, 0x79, 0x6F, 0x82, 0x7D, 0x7E, 
  0x82, 0x8A, 0x71, 0x84, 0x7C, 0x74, 0x85, 0x7C, 0x80, 0x81, 0x91, 0x7A, 0x85, 0x81, 0x78, 0x82, 
  0x7F, 0x85, 0x80, 0x90, 0x87, 0x85, 0x81, 0x7F, 0x87, 0x7C, 0x88, 0x7E, 0x86, 0x82, 0x83, 0x7D, 
  0x7D, 0x86, 0x73, 0x89, 0x78, 0x82, 0x75, 0x7C, 0x7A, 0x7B, 0x80, 0x72, 0x80, 0x76, 0x7C, 0x7A, 
  0x74, 0x7F, 0x79, 0x81, 0x6D, 0x85, 0x73, 0x80, 0x7A, 0x74, 0x7E, 0x83, 0x80, 0x80, 0x91, 0x7B, 
  0x77, 0x81, 0x6D, 0x7E, 0x82, 0x88, 0x7D, 0x96, 0x82, 0x7A, 0x83, 0x7E, 0x7C, 0x85, 0x89, 0x81, 
  0x8A, 0x94, 0x77, 0x83, 0x81, 0x7F, 0x77, 0x90, 0x81, 0x86, 0x94, 0x81, 0x73, 0x81, 0x77, 0x72, 
  0x86, 0x8D, 0x82, 0x90, 0x89, 0x72, 0x79, 0x7D, 0x6B, 0x7C, 0x8D, 0x80, 0x80, 0x92, 0x78, 0x78, 
  0x80, 0x77, 0x6B, 0x8B, 0x85, 0x7D, 0x92, 0x87, 0x72, 0x7F, 0x7D, 0x6D, 0x81, 0x93, 0x80, 0x8B, 
  0x8B, 0x77, 0x76, 0x7D, 0x75, 0x74, 0x93, 0x81, 0x82, 0x8C, 0x80, 0x72, 0x7E, 0x7D, 0x6B, 0x87, 
  0x88, 0x7E, 0x8A, 0x8D, 0x79, 0x77, 0x82, 0x6D, 0x7C, 0x8F, 0x82, 0x84, 0x8C, 0x7D, 0x6E, 0x7E, 
  0x7B, 0x72, 0x8D, 0x85, 0x81, 0x84, 0x8A, 0x69, 0x7C, 0x80, 0x72, 0x7F, 0x8D, 0x80, 0x83, 0x8F, 
  0x7B, 0x73, 0x84, 0x74, 0x78, 0x8B, 0x88, 0x80, 0x8F, 0x84, 0x6C, 0x7E, 0x7E, 0x75, 0x86, 0x8B, 
  0x82, 0x7E, 0x8D, 0x71, 0x7B, 0x80, 0x7C, 0x78, 0x8E, 0x84, 0x7E, 0x8B, 0x7F, 0x72, 0x80, 0x7C, 
  0x78, 0x84, 0x90, 0x7E, 0x89, 0x85, 0x75, 0x79, 0x81, 0x78, 0x7E, 0x91, 0x83, 0x7E, 0x8A, 0x79, 
  0x77, 0x80, 0x82, 0x72, 0x8C, 0x87, 0x7D, 0x87, 0x84, 0x72, 0x7B, 0x81, 0x77, 0x80, 0x90, 0x7F, 
  0x84, 0x87, 0x77, 0x72, 0x7F, 0x7D, 0x7A, 0x91, 0x84, 0x7F, 0x86, 0x80, 0x73, 0x7D, 0x85, 0x75, 
  0x87, 0x8A, 0x7D, 0x82, 0x89, 0x79, 0x75, 0x86, 0x79, 0x7D, 0x8E, 0x82, 0x7E, 0x83, 0x7E, 0x6E, 
  0x7E, 0x80, 0x78, 0x8A, 0x87, 0x7F, 0x7A, 0x86, 0x6B, 0x7A, 0x83, 0x7A, 0x80, 0x8B, 0x81, 0x7C, 
  0x88, 0x7B, 0x73, 0x82, 0x7A, 0x7A, 0x86, 0x89, 0x7C, 0x85, 0x82, 0x6F, 0x7C, 0x82, 0x7A, 0x83, 
  0x8A, 0x80, 0x7A, 0x87, 0x72, 0x79, 0x82, 0x81, 0x7C, 0x8C, 0x84, 0x7A, 0x85, 0x7E, 0x77, 0x81, 
  0x7C, 0x7F, 0x7F, 0x87, 0x7D, 0x82, 0x82, 0x79, 0x7E, 0x7D, 0x83, 0x7D, 0x88, 0x81, 0x7D, 0x83, 
  0x7B, 0x7E, 0x7D, 0x87, 0x80, 0x88, 0x86, 0x7A, 0x84, 0x7E, 0x86, 0x7D, 0x88, 0x7F, 0x80, 0x85, 
  0x7E, 0x85, 0x80, 0x83, 0x7C, 0x84, 0x7E, 0x7F, 0x86, 0x7B, 0x86, 0x7E, 0x7F, 0x7A, 0x81, 0x7E, 
  0x7E, 0x81, 0x77, 0x81, 0x7B, 0x7D, 0x7C, 0x7C, 0x7D, 0x7C, 0x7E, 0x73, 0x80, 0x7C, 0x7E, 0x7E, 
  0x7E, 0x7A, 0x7B, 0x7F, 0x75, 0x7E, 0x7E, 0x80, 0x7D, 0x82, 0x81, 0x7C, 0x7F, 0x7D, 0x7F, 0x7E, 
  0x84, 0x7F, 0x82, 0x89, 0x7E, 0x7D, 0x7E, 0x83, 0x7B, 0x89, 0x81, 0x83, 0x89, 0x81, 0x79, 0x7F, 
  0x83, 0x79, 0x85, 0x83, 0x80, 0x86, 0x81, 0x7C, 0x7C, 0x84, 0x75, 0x81, 0x7F, 0x7E, 0x80, 0x80, 
  0x7D, 0x7B, 0x81, 0x78, 0x79, 0x82, 0x7F, 0x81, 0x7C, 0x83, 0x76, 0x7F, 0x7A, 0x7D, 0x7E, 0x83, 
  0x81, 0x7C, 0x86, 0x7C, 0x7E, 0x7E, 0x7E, 0x7D, 0x82, 0x86, 0x7C, 0x8A, 0x7F, 0x7E, 0x7F, 0x81, 
  0x7C, 0x80, 0x88, 0x7D, 0x86, 0x80, 0x7F, 0x80, 0x80, 0x83, 0x7D, 0x87, 0x7D, 0x83, 0x7E, 0x7E, 
  0x80, 0x7F, 0x81, 0x7B, 0x82, 0x7D, 0x81, 0x7E, 0x7F, 0x80, 0x7B, 0x80, 0x7A, 0x80, 0x7E, 0x81, 
  0x7D, 0x83, 0x7E, 0x7A, 0x7F, 0x7D, 0x80, 0x7D, 0x7F, 0x7B, 0x7E, 0x81, 0x77, 0x80, 0x80, 0x7F, 
  0x80, 0x82, 0x7E, 0x80, 0x83, 0x7C, 0x83, 0x80, 0x80, 0x80, 0x84, 0x81, 0x82, 0x81, 0x7F, 0x83, 
  0x7F, 0x80, 0x82, 0x81, 0x82, 0x81, 0x7F, 0x7F, 0x82, 0x7C, 0x82, 0x7E, 0x7E, 0x81, 0x80, 0x7D, 
  0x7F, 0x82, 0x7A, 0x81, 0x7E, 0x7C, 0x80, 0x80, 0x7E, 0x7D, 0x82, 0x71, 0x7F, 0x7D, 0x7B, 0x7F, 
  0x83, 0x7E, 0x7E, 0x83, 0x77, 0x7C, 0x7F, 0x7D, 0x80, 0x80, 0x83, 0x7E, 0x84, 0x7E, 0x7F, 0x7F, 
  0x80, 0x7F, 0x80, 0x87, 0x80, 0x80, 0x85, 0x7D, 0x7C, 0x81, 0x82, 0x7C, 0x8B, 0x81, 0x7F, 0x82, 
  0x80, 0x78, 0x7F, 0x82, 0x7A, 0x86, 0x84, 0x7E, 0x81, 0x80, 0x76, 0x7C, 0x81, 0x79, 0x80, 0x83, 
  0x7F, 0x7D, 0x81, 0x7B, 0x7B, 0x81, 0x7E, 0x7E, 0x82, 0x83, 0x7D, 0x7E, 0x80, 0x79, 0x7E, 0x81, 
  0x80, 0x80, 0x87, 0x80, 0x7C, 0x84, 0x7B, 0x7A, 0x80, 0x83, 0x7C, 0x8A, 0x83, 0x7D, 0x83, 0x80, 
  0x79, 0x7F, 0x82, 0x7B, 0x83, 0x85, 0x7C, 0x82, 0x80, 0x7D, 0x7D, 0x83, 0x7D, 0x80, 0x84, 0x80, 
  0x7F, 0x7F, 0x7D, 0x7D, 0x80, 0x82, 0x7E, 0x84, 0x82, 0x81, 0x7B, 0x81, 0x7B, 0x7E, 0x81, 0x80, 
  0x80, 0x85, 0x81, 0x7E, 0x82, 0x81, 0x79, 0x82, 0x7F, 0x7F, 0x83, 0x83, 0x7D, 0x82, 0x80, 0x79, 
  0x7F, 0x83, 0x7E, 0x82, 0x80, 0x7E, 0x7D, 0x80, 0x7B, 0x7E, 0x81, 0x81, 0x7F, 0x82, 0x80, 0x7F, 
  0x7E, 0x7F, 0x7C, 0x80, 0x81, 0x80, 0x80, 0x83, 0x7F, 0x7E, 0x80, 0x7D, 0x7D, 0x80, 0x80, 0x7E, 
  0x82, 0x80, 0x7B, 0x81, 0x7E, 0x7D, 0x80, 0x82, 0x7D, 0x82, 0x81, 0x7B, 0x7E, 0x7F, 0x7B, 0x7F, 
  0x81, 0x7F, 0x80, 0x82, 0x7E, 0x7E, 0x7E, 0x7C, 0x7D, 0x7F, 0x81, 0x7F, 0x82, 0x80, 0x7F, 0x7E, 
  0x7F, 0x7E, 0x7F, 0x82, 0x80, 0x7F, 0x84, 0x7F, 0x7E, 0x80, 0x80, 0x7D, 0x83, 0x82, 0x7F, 0x84, 
  0x81, 0x7D, 0x80, 0x7F, 0x7C, 0x80, 0x83, 0x7E, 0x83, 0x81, 0x7E, 0x7D, 0x80, 0x7A, 0x7E, 0x81, 
  0x80, 0x80, 0x81, 0x7E, 0x7D, 0x7E, 0x7E, 0x7C, 0x81, 0x80, 0x80, 0x7E, 0x81, 0x7D, 0x7C, 0x7F, 
  0x7D, 0x7E, 0x82, 0x81, 0x7F, 0x82, 0x7F, 0x79, 0x81, 0x7E, 0x7E, 0x81, 0x83, 0x7F, 0x83, 0x81, 
  0x7D, 0x7F, 0x80, 0x7E, 0x80, 0x80, 0x80, 0x80, 0x81, 0x7F, 0x80, 0x80, 0x7F, 0x80, 0x80, 0x80, 
  0x80, 0x80, 0x7F, 0x7F, 0x80, 0x7E, 0x80, 0x7F, 0x81, 0x80, 0x7F, 0x80, 0x80, 0x80, 0x7F, 0x81, 
  0x7F, 0x80, 0x80, 0x7F, 0x80, 0x80, 0x80, 0x7F, 0x80, 0x7F, 0x7F, 0x80, 0x7F, 0x81, 0x7F, 0x80, 
  0x7F, 0x80, 0x7F, 0x7F, 0x7F, 0x7E, 0x80, 0x7E, 0x7F, 0x7F, 0x7F, 0x7F, 0x7F, 0x7E, 0x7D, 0x7F, 
  0x7E, 0x7F, 0x80, 0x7F, 0x7F, 0x80, 0x7F, 0x7E, 0x7F, 0x7F, 0x7F, 0x80, 0x80, 0x7F, 0x80, 0x80, 
  0x7F, 0x7F, 0x80, 0x7F, 0x80, 0x81, 0x81, 0x80, 0x80, 0x80, 0x7E, 0x7F, 0x81, 0x7F, 0x82, 0x82, 
  0x80, 0x80, 0x80, 0x7F, 0x7F, 0x81, 0x7F, 0x81, 0x82, 0x80, 0x7F, 0x80, 0x7F, 0x7D, 0x80, 0x7E, 
  0x7F, 0x80, 0x80, 0x7F, 0x7F, 0x7F, 0x7C, 0x7F, 0x7E, 0x7F, 0x80, 0x81, 0x7F, 0x7F, 0x7F, 0x7F, 
  0x7F, 0x7F, 0x7F, 0x7F, 0x80, 0x80, 0x7F, 0x80, 0x7F, 0x7F, 0x7F, 0x80, 0x7F, 0x80, 0x80, 0x7F, 
  0x80, 0x80, 0x7F, 0x7F, 0x80
};
const unsigned int os10_len = 1973;

// os11 - MTL2 (1034 bytes)
PROGMEM const uint8_t os11[] = {
  0x80, 0x99, 0x94, 0xAA, 0x6C, 0x4B, 0x97, 0x4E, 0xF8, 0x55, 0xAB, 0x4F, 0x70, 0xB3, 0x8B, 0x68, 
  0x6B, 0x99, 0xA9, 0x4C, 0x8F, 0x31, 0xBD, 0xAC, 0x79, 0x77, 0x30, 0xA8, 0x8A, 0xA3, 0x5A, 0x71, 
  0xA5, 0x6D, 0x82, 0x47, 0x58, 0xE6, 0x78, 0xBF, 0x33, 0x8B, 0x88, 0xC5, 0x8A, 0x60, 0x93, 0x93, 
  0x7A, 0x96, 0x16, 0xAE, 0x7F, 0xA7, 0x61, 0x34, 0x5B, 0x7A, 0xD0, 0x53, 0x85, 0x80, 0x76, 0xC2, 
  0x54, 0x6B, 0xB9, 0x91, 0xD3, 0x36, 0x88, 0x2B, 0xC7, 0x85, 0x66, 0x85, 0x4B, 0x9E, 0x8A, 0x41, 
  0x8E, 0x5F, 0xE0, 0x60, 0x87, 0x3D, 0x7B, 0xCE, 0x67, 0xAA, 0x43, 0x7C, 0x97, 0x71, 0x83, 0x54, 
  0xAC, 0x96, 0x86, 0x7E, 0x28, 0xC7, 0x6E, 0xD2, 0x6A, 0x64, 0x80, 0x85, 0x8E, 0x5D, 0x7B, 0x97, 
  0x6C, 0xAB, 0x1F, 0x8D, 0x70, 0xA6, 0x9E, 0x4B, 0x79, 0x72, 0xAE, 0x78, 0x8C, 0x8A, 0x7D, 0xB7, 
  0x6B, 0x50, 0x8C, 0x76, 0xCD, 0x66, 0x7D, 0x49, 0x99, 0x84, 0x80, 0x82, 0x66, 0x91, 0xAC, 0x4C, 
  0x80, 0x5E, 0xA8, 0x8A, 0x88, 0x5E, 0x5D, 0x9F, 0x7A, 0x95, 0x78, 0x6C, 0xBD, 0x7C, 0x75, 0x74, 
  0x82, 0xAF, 0x90, 0x9B, 0x33, 0x92, 0x6E, 0x8F, 0x86, 0x5B, 0x7D, 0x88, 0x62, 0x7C, 0x4D, 0xA0, 
  0x78, 0xC2, 0x57, 0x6F, 0x81, 0x80, 0xB6, 0x7E, 0x80, 0x7B, 0x86, 0x92, 0x61, 0x8A, 0x73, 0xA3, 
  0x92, 0x37, 0x8E, 0x45, 0xBC, 0x7F, 0x84, 0x6C, 0x77, 0x9D, 0x71, 0x7F, 0x75, 0x78, 0xBD, 0x5B, 
  0x95, 0x3F, 0x90, 0x99, 0x90, 0x80, 0x5C, 0x95, 0x7A, 0x8E, 0x85, 0x61, 0xA8, 0x82, 0x83, 0x6D, 
  0x54, 0x9B, 0x7E, 0xA0, 0x50, 0x84, 0x65, 0x82, 0x8C, 0x62, 0x7E, 0xA0, 0x7F, 0x94, 0x47, 0x8B, 
  0x82, 0xB1, 0x78, 0x72, 0x78, 0x70, 0xA3, 0x7A, 0x68, 0x89, 0x81, 0x90, 0x6A, 0x6B, 0x76, 0x8F, 
  0xAF, 0x64, 0x88, 0x5A, 0x89, 0x95, 0x77, 0x79, 0x84, 0x85, 0x87, 0x6C, 0x7A, 0x5F, 0xB6, 0x79, 
  0x8F, 0x70, 0x70, 0x98, 0x8C, 0x87, 0x7E, 0x80, 0x8E, 0x77, 0x8A, 0x55, 0x8C, 0x8C, 0x7B, 0x85, 
  0x50, 0x80, 0x76, 0x98, 0x77, 0x79, 0x87, 0x7C, 0x93, 0x78, 0x6F, 0xA7, 0x77, 0xAF, 0x61, 0x80, 
  0x6D, 0x93, 0x8E, 0x6E, 0x86, 0x6A, 0x8A, 0x86, 0x5D, 0x8C, 0x71, 0xA1, 0x7D, 0x70, 0x6E, 0x73, 
  0xA9, 0x74, 0x9A, 0x67, 0x7D, 0x8C, 0x78, 0x7D, 0x7A, 0x89, 0x9A, 0x7B, 0x82, 0x57, 0x9F, 0x7A, 
  0x9F, 0x7C, 0x65, 0x85, 0x82, 0x7B, 0x7A, 0x74, 0x8A, 0x7C, 0x86, 0x60, 0x7B, 0x8B, 0x85, 0x9A, 
  0x66, 0x7F, 0x81, 0x8C, 0x82, 0x7D, 0x83, 0x89, 0x89, 0x7F, 0x5B, 0x8E, 0x72, 0x9E, 0x78, 0x69, 
  0x77, 0x82, 0x86, 0x7B, 0x7A, 0x7E, 0x81, 0x9D, 0x63, 0x82, 0x76, 0x88, 0x9A, 0x72, 0x7A, 0x6A, 
  0x8F, 0x7D, 0x87, 0x80, 0x74, 0x99, 0x7F, 0x70, 0x83, 0x6E, 0xAC, 0x7E, 0x93, 0x5D, 0x84, 0x81, 
  0x81, 0x8A, 0x69, 0x80, 0x86, 0x6E, 0x83, 0x64, 0x8E, 0x84, 0x91, 0x76, 0x6C, 0x8D, 0x79, 0xA2, 
  0x7A, 0x7F, 0x85, 0x7E, 0x8B, 0x72, 0x7C, 0x85, 0x85, 0x90, 0x5C, 0x87, 0x65, 0x94, 0x85, 0x78, 
  0x7A, 0x7D, 0x87, 0x7E, 0x77, 0x81, 0x7C, 0xA1, 0x6F, 0x82, 0x6F, 0x7E, 0x9B, 0x7F, 0x81, 0x74, 
  0x87, 0x81, 0x86, 0x7D, 0x7B, 0x8F, 0x8B, 0x74, 0x80, 0x60, 0x90, 0x80, 0x87, 0x6F, 0x7A, 0x79, 
  0x80, 0x82, 0x77, 0x7A, 0x97, 0x7B, 0x8A, 0x70, 0x80, 0x8A, 0x8D, 0x86, 0x73, 0x82, 0x76, 0x8A, 
  0x80, 0x70, 0x89, 0x7F, 0x80, 0x7E, 0x67, 0x85, 0x7F, 0x99, 0x73, 0x83, 0x70, 0x81, 0x90, 0x78, 
  0x80, 0x84, 0x7B, 0x8D, 0x6C, 0x82, 0x71, 0x98, 0x81, 0x7C, 0x7E, 0x6B, 0x96, 0x81, 0x85, 0x7E, 
  0x7B, 0x8B, 0x7B, 0x7D, 0x72, 0x82, 0x91, 0x75, 0x8B, 0x5C, 0x85, 0x7E, 0x86, 0x7F, 0x78, 0x83, 
  0x81, 0x86, 0x7E, 0x75, 0x8F, 0x7C, 0x94, 0x75, 0x78, 0x7F, 0x82, 0x87, 0x77, 0x80, 0x78, 0x81, 
  0x81, 0x6F, 0x82, 0x7E, 0x87, 0x87, 0x6D, 0x7D, 0x7A, 0x8E, 0x7B, 0x86, 0x77, 0x7F, 0x85, 0x7B, 
  0x79, 0x85, 0x7E, 0x92, 0x78, 0x7C, 0x76, 0x88, 0x87, 0x84, 0x80, 0x73, 0x83, 0x82, 0x78, 0x80, 
  0x79, 0x83, 0x82, 0x78, 0x77, 0x75, 0x8D, 0x7D, 0x8E, 0x76, 0x7C, 0x88, 0x82, 0x83, 0x81, 0x7F, 
  0x8A, 0x80, 0x84, 0x6E, 0x86, 0x7B, 0x86, 0x80, 0x72, 0x7F, 0x7C, 0x83, 0x80, 0x7A, 0x82, 0x7F, 
  0x89, 0x76, 0x7D, 0x82, 0x7E, 0x93, 0x75, 0x81, 0x75, 0x84, 0x81, 0x81, 0x7F, 0x7C, 0x87, 0x80, 
  0x77, 0x84, 0x75, 0x90, 0x7F, 0x83, 0x77, 0x7D, 0x82, 0x7E, 0x84, 0x77, 0x80, 0x81, 0x79, 0x81, 
  0x75, 0x83, 0x87, 0x83, 0x7E, 0x75, 0x85, 0x7C, 0x8F, 0x7C, 0x7D, 0x83, 0x7F, 0x7F, 0x7E, 0x78, 
  0x87, 0x80, 0x83, 0x74, 0x81, 0x79, 0x85, 0x85, 0x78, 0x7F, 0x80, 0x80, 0x82, 0x79, 0x80, 0x83, 
  0x85, 0x7D, 0x7C, 0x7D, 0x7B, 0x8C, 0x7E, 0x80, 0x7E, 0x80, 0x81, 0x81, 0x7D, 0x80, 0x82, 0x87, 
  0x7A, 0x82, 0x73, 0x84, 0x83, 0x7E, 0x7D, 0x7B, 0x7E, 0x80, 0x7F, 0x7D, 0x7C, 0x8A, 0x7D, 0x83, 
  0x7C, 0x7B, 0x8B, 0x81, 0x86, 0x7B, 0x80, 0x7D, 0x82, 0x81, 0x7A, 0x82, 0x80, 0x7D, 0x81, 0x74, 
  0x82, 0x7E, 0x87, 0x7C, 0x7E, 0x7D, 0x7F, 0x86, 0x7D, 0x80, 0x82, 0x7E, 0x86, 0x7A, 0x7F, 0x7F, 
  0x84, 0x83, 0x7C, 0x80, 0x78, 0x86, 0x7F, 0x81, 0x80, 0x7D, 0x82, 0x7F, 0x7B, 0x7D, 0x7E, 0x86, 
  0x7B, 0x83, 0x76, 0x80, 0x81, 0x80, 0x80, 0x7D, 0x80, 0x83, 0x80, 0x7F, 0x7D, 0x86, 0x80, 0x85, 
  0x7E, 0x79, 0x82, 0x7F, 0x82, 0x7E, 0x7E, 0x7E, 0x80, 0x7E, 0x7C, 0x7F, 0x82, 0x80, 0x84, 0x79, 
  0x7F, 0x7F, 0x82, 0x80, 0x80, 0x7E, 0x7F, 0x81, 0x7F, 0x7D, 0x82, 0x7E, 0x85, 0x7F, 0x7C, 0x7F, 
  0x80, 0x84, 0x80, 0x81, 0x7C, 0x80, 0x81, 0x7D, 0x81, 0x7E, 0x80, 0x83, 0x7A, 0x7F, 0x7B, 0x83, 
  0x7F, 0x83, 0x7E, 0x7E, 0x83, 0x7F, 0x81, 0x81, 0x7E, 0x85, 0x7F, 0x81, 0x7B, 0x81, 0x7F, 0x81, 
  0x82, 0x78, 0x81, 0x7D, 0x81, 0x80, 0x7D, 0x80, 0x80, 0x80, 0x7E, 0x7E, 0x81, 0x7F, 0x85, 0x7D, 
  0x80, 0x7E, 0x80, 0x81, 0x7F, 0x7F, 0x80, 0x81, 0x80, 0x7D, 0x80, 0x7D, 0x83, 0x80, 0x7E, 0x7F, 
  0x7E, 0x81, 0x7F, 0x80, 0x7E, 0x80, 0x80, 0x7E, 0x7F, 0x7E, 0x80, 0x84, 0x7F, 0x80, 0x7D, 0x81, 
  0x80, 0x82, 0x7F, 0x7F, 0x80, 0x80, 0x7F, 0x80, 0x7C, 0x82, 0x80, 0x7F, 0x7D, 0x7E, 0x7F, 0x80, 
  0x81, 0x7E, 0x7F, 0x80, 0x7F, 0x80, 0x7F, 0x7F, 0x81, 0x80, 0x80, 0x7E, 0x80, 0x7F, 0x81, 0x7F, 
  0x7F, 0x80, 0x7F, 0x80, 0x80, 0x7F, 0x80, 0x80, 0x81, 0x7F, 0x80, 0x7E, 0x80, 0x81, 0x7F, 0x80, 
  0x7E, 0x7F, 0x80, 0x7F, 0x7F, 0x7F, 0x81, 0x80, 0x80, 0x7F, 0x7E, 0x82, 0x7F, 0x81, 0x7F, 0x7F, 
  0x80, 0x80, 0x7F, 0x7F, 0x80, 0x80, 0x7F, 0x80, 0x7D, 0x80, 0x80, 0x80, 0x7F, 0x7E, 0x7F, 0x7F, 
  0x81, 0x7F, 0x80, 0x80, 0x7F, 0x7F, 0x7F, 0x7F, 0x7F, 0x7F, 0x7F, 0x7F, 0x7F, 0x7F, 0x80, 0x7F, 
  0x7F, 0x80, 0x7F, 0x80, 0x80, 0x7F, 0x7F, 0x7F, 0x80, 0x7F, 0x7F, 0x7F, 0x7F, 0x80, 0x7F, 0x80, 
  0x7F, 0x7F, 0x80, 0x7F, 0x7F, 0x80, 0x80, 0x80, 0x80, 0x80, 0x7F, 0x80, 0x7F, 0x80, 0x7F, 0x7F, 
  0x7F, 0x80, 0x7F, 0x7F, 0x7F, 0x80, 0x7F, 0x80, 0x7F, 0x7F, 0x80, 0x80, 0x80, 0x80, 0x7F, 0x80, 
  0x80, 0x80, 0x7F, 0x80, 0x80, 0x80, 0x80, 0x80, 0x80, 0x80
};
const unsigned int os11_len = 1034;

// os12 - NOI1 (552 bytes)
PROGMEM const uint8_t os12[] = {
  0x80, 0x2C, 0x73, 0xA9, 0x57, 0x8D, 0xA9, 0x9E, 0x4C, 0x43, 0x6C, 0xA9, 0x61, 0x89, 0x25, 0xC5, 
  0xB1, 0x3F, 0x61, 0xAB, 0x6A, 0x2B, 0x75, 0x35, 0xD2, 0x5D, 0x65, 0xB3, 0x57, 0xA9, 0x1F, 0x8E, 
  0xC0, 0x55, 0x57, 0x5E, 0x64, 0x7F, 0xBC, 0x70, 0xAA, 0x53, 0x87, 0x6E, 0xB7, 0x66, 0x85, 0x79, 
  0xB0, 0xA1, 0x96, 0x0C, 0x9B, 0x7D, 0x9E, 0x77, 0x2B, 0x49, 0x6F, 0x8F, 0xD0, 0xB0, 0x8D, 0x2C, 
  0x40, 0xDD, 0x4E, 0xAC, 0x3D, 0x51, 0xE3, 0xC3, 0x1E, 0xA0, 0x48, 0xCB, 0x77, 0x28, 0xD1, 0x36, 
  0x98, 0x42, 0xE0, 0x9A, 0x2F, 0x43, 0x82, 0xAF, 0xC1, 0x55, 0xB1, 0x2F, 0x4C, 0xC9, 0x3B, 0x4D, 
  0xBB, 0x29, 0xC7, 0x36, 0xB2, 0xB2, 0x67, 0xBB, 0xA4, 0x88, 0x5C, 0x23, 0xCD, 0x1F, 0xCC, 0x31, 
  0x3D, 0xDB, 0x35, 0x43, 0xAD, 0xC3, 0xBC, 0x6C, 0x35, 0xD2, 0xA3, 0xC7, 0xAC, 0xA0, 0x9B, 0x97, 
  0x93, 0x08, 0xB3, 0x9B, 0x16, 0x3E, 0x51, 0x5A, 0x61, 0x65, 0xF0, 0x45, 0x6F, 0x4D, 0x49, 0x5D, 
  0x65, 0x69, 0x6C, 0xE3, 0xDB, 0x96, 0xCD, 0x2E, 0x50, 0x5E, 0x65, 0x69, 0xF8, 0xC8, 0xB2, 0x3B, 
  0x2C, 0x37, 0x54, 0x5E, 0x67, 0x85, 0x49, 0x61, 0xF0, 0xCC, 0x29, 0x51, 0x60, 0x8C, 0xE3, 0x36, 
  0x53, 0x7C, 0x5C, 0x6D, 0x49, 0x61, 0xB7, 0x5D, 0x8C, 0x43, 0xE3, 0x66, 0xC3, 0x2B, 0x43, 0x5A, 
  0xEB, 0xC6, 0xAF, 0x4E, 0x36, 0xC6, 0x58, 0xB4, 0x2D, 0x49, 0xE2, 0x3A, 0x56, 0xE9, 0xC9, 0xB0, 
  0x3E, 0xBD, 0xAC, 0x16, 0xCC, 0xB8, 0x2A, 0xD4, 0x36, 0x4F, 0xE6, 0x7D, 0x37, 0xCF, 0xBC, 0x44, 
  0xA9, 0xC9, 0xC3, 0x26, 0xD6, 0x51, 0x4B, 0xC8, 0xBF, 0xAA, 0xA1, 0x9C, 0x0F, 0x9D, 0xB7, 0xBB, 
  0xA3, 0x9C, 0x11, 0x35, 0x4F, 0x5A, 0xEB, 0xD7, 0xB5, 0x20, 0x37, 0x53, 0xA3, 0x55, 0x50, 0x60, 
  0x68, 0xDE, 0x5D, 0x58, 0x75, 0x75, 0x4F, 0x65, 0xF3, 0xA0, 0x3C, 0x57, 0x65, 0xF4, 0x71, 0x39, 
  0xDF, 0xC8, 0x2C, 0xD4, 0x4B, 0xD3, 0x3E, 0x57, 0xEB, 0x4E, 0xC2, 0x86, 0x4B, 0xD5, 0x3C, 0xDD, 
  0xBA, 0xAA, 0x1B, 0x42, 0xD4, 0xB3, 0xA5, 0x9E, 0x9A, 0x97, 0x95, 0x0B, 0x33, 0x9B, 0x49, 0xCF, 
  0x34, 0x50, 0x5F, 0x66, 0x6B, 0x6E, 0xEF, 0x5C, 0x52, 0xEE, 0xCA, 0xB2, 0x73, 0x29, 0x4A, 0x5B, 
  0x63, 0x68, 0x6C, 0xF7, 0xCB, 0x53, 0x8C, 0x40, 0x58, 0xE4, 0x4D, 0x52, 0x63, 0x6A, 0x6E, 0x94, 
  0xA0, 0xBA, 0xD1, 0xB4, 0x29, 0x42, 0xD8, 0xBC, 0x29, 0x4F, 0x5F, 0x66, 0xEB, 0xD4, 0xB5, 0x2C, 
  0x47, 0xE0, 0x53, 0x99, 0x97, 0x4B, 0x43, 0x5C, 0x65, 0xE8, 0x47, 0x5B, 0xC5, 0x84, 0xCF, 0xB5, 
  0xA6, 0xA0, 0x9B, 0x19, 0x3B, 0x5C, 0xD5, 0x70, 0x9E, 0xC1, 0xA9, 0x1E, 0x32, 0x51, 0x5D, 0x64, 
  0xE7, 0x49, 0x57, 0xE7, 0x42, 0xD6, 0xB7, 0x2B, 0x80, 0x7C, 0x42, 0x5B, 0x66, 0xEB, 0xD2, 0x35, 
  0xC5, 0xBD, 0xA9, 0x21, 0xBC, 0x2F, 0xC7, 0xB6, 0x20, 0x4A, 0x62, 0xBA, 0x86, 0xCC, 0x6F, 0x32, 
  0xD4, 0xC9, 0xAC, 0xA2, 0x1C, 0xBA, 0x35, 0x43, 0xD8, 0xBB, 0xA6, 0x1B, 0xC3, 0x25, 0xB3, 0x36, 
  0x50, 0x8F, 0xD7, 0xB7, 0x4F, 0xAD, 0x3B, 0x3F, 0xD8, 0xC6, 0xAC, 0xA2, 0x9C, 0x18, 0x3A, 0xD6, 
  0x2D, 0x4F, 0xD5, 0xB3, 0xA4, 0x9D, 0x99, 0x95, 0x92, 0x90, 0x8E, 0x8D, 0x8C, 0x8B, 0x8A, 0x8A, 
  0x89, 0x89, 0x88, 0x88, 0x88, 0x87, 0x87, 0x87, 0x86, 0x86, 0x86, 0x86, 0x85, 0x85, 0x85, 0x85, 
  0x85, 0x84, 0x84, 0x84, 0x84, 0x84, 0x83, 0x83, 0x83, 0x83, 0x83, 0x83, 0x82, 0x82, 0x82, 0x82, 
  0x82, 0x82, 0x82, 0x81, 0x81, 0x81, 0x81, 0x81, 0x81, 0x81, 0x81, 0x81, 0x81, 0x81, 0x81, 0x80, 
  0x80, 0x80, 0x80, 0x80, 0x80, 0x80, 0x80, 0x80, 0x80, 0x80, 0x80, 0x80, 0x80, 0x80, 0x80, 0x80, 
  0x80, 0x80, 0x80, 0x80, 0x80, 0x80, 0x80, 0x80, 0x80, 0x80, 0x80, 0x80, 0x80, 0x80, 0x80, 0x80, 
  0x80, 0x80, 0x80, 0x80, 0x80, 0x80, 0x80, 0x80
};
const unsigned int os12_len = 552;

// os13 - NOI2 (2303 bytes)
PROGMEM const uint8_t os13[] = {
  0x9C, 0xA7, 0xA3, 0xA1, 0x9F, 0x9B, 0x99, 0x96, 0x95, 0xF8, 0xD6, 0xC9, 0xC2, 0xBE, 0xBB, 0xBA, 
  0xB9, 0xB8, 0xB7, 0xB5, 0xB5, 0xB2, 0xB2, 0xB1, 0xB1, 0xB1, 0xB0, 0xB0, 0xB0, 0xAF, 0xAF, 0xAE, 
  0xAE, 0xB3, 0xBD, 0xB9, 0xB6, 0xB4, 0xB2, 0xB1, 0xB0, 0xAF, 0xAF, 0xAE, 0xAE, 0xAE, 0xAC, 0xAC, 
  0xAC, 0xAC, 0xAC, 0xAC, 0xAB, 0xAB, 0xAB, 0xAB, 0xAB, 0xAB, 0xB4, 0xB2, 0xB0, 0xAE, 0xAD, 0xAD, 
  0xAC, 0xAC, 0xAC, 0xAB, 0xAB, 0xAB, 0xAE, 0xAD, 0xAC, 0xAC, 0xAB, 0xAB, 0xAB, 0xAB, 0xAA, 0xAA, 
  0xAA, 0xAA, 0xB1, 0xAD, 0xAC, 0xAC, 0xAB, 0xAB, 0xAB, 0xAA, 0xAA, 0xAA, 0xAA, 0xAA, 0xB0, 0xAD, 
  0xAC, 0xAB, 0xAB, 0xAB, 0xAA, 0xAA, 0xAA, 0xAA, 0xAA, 0xAA, 0xAA, 0xAA, 0xAA, 0xAA, 0xAA, 0xAA, 
  0xAA, 0xAA, 0xA9, 0xA9, 0xA9, 0xA9, 0xA9, 0xA9, 0xA9, 0xA9, 0xA9, 0xA9, 0xA9, 0xA9, 0xA9, 0xA9, 
  0xA9, 0xA9, 0xA9, 0xAA, 0xAA, 0xAA, 0xA9, 0xA9, 0xA9, 0xA9, 0xA9, 0xA9, 0xA9, 0xA9, 0xA9, 0xA8, 
  0xA8, 0xA8, 0xA8, 0xA8, 0xA9, 0xA9, 0xA9, 0xA9, 0xA9, 0xA9, 0xA9, 0xA4, 0xA6, 0xA6, 0xA7, 0xA7, 
  0xA7, 0xA7, 0xA8, 0xA8, 0xA8, 0xA8, 0xA8, 0xA2, 0xA5, 0xA5, 0xA6, 0xA6, 0xA6, 0xA7, 0xA7, 0xA7, 
  0xA7, 0xA7, 0xA7, 0xA1, 0xA3, 0xA4, 0xA5, 0xA5, 0xA6, 0xA6, 0xA6, 0xA6, 0xA6, 0xA6, 0xA6, 0xA0, 
  0xA0, 0xA2, 0xA3, 0xA3, 0xA4, 0xA4, 0xA4, 0xA4, 0xA4, 0xA5, 0xA5, 0xA4, 0xA1, 0xA2, 0xA3, 0xA3, 
  0xA3, 0xA3, 0xA4, 0xA4, 0xA4, 0xA4, 0xA4, 0xA4, 0x9F, 0xA0, 0xA1, 0xA1, 0xA2, 0xA2, 0xA2, 0xA2, 
  0xA2, 0xA3, 0xA3, 0xA2, 0x9C, 0x9D, 0x9E, 0x9F, 0xA0, 0xA0, 0xA0, 0xA1, 0xA1, 0xA1, 0xA1, 0xA1, 
  0x99, 0x9A, 0x9B, 0x9D, 0x9D, 0x9E, 0x9E, 0x9E, 0x9F, 0x9F, 0x9F, 0x9F, 0x92, 0x97, 0x99, 0x9A, 
  0x9B, 0x9C, 0x9C, 0x9C, 0x9C, 0x9D, 0x9D, 0x9D, 0x8D, 0x94, 0x97, 0x98, 0x99, 0x99, 0x9A, 0x9A, 
  0x9A, 0x9A, 0x9B, 0x9B, 0x8D, 0x90, 0x93, 0x95, 0x96, 0x97, 0x97, 0x98, 0x98, 0x98, 0x98, 0x98, 
  0x92, 0x8E, 0x90, 0x92, 0x93, 0x94, 0x95, 0x95, 0x95, 0x95, 0x96, 0x96, 0x95, 0x8A, 0x8C, 0x8E, 
  0x90, 0x91, 0x92, 0x92, 0x92, 0x93, 0x93, 0x93, 0x93, 0x8A, 0x8B, 0x8D, 0x8E, 0x8F, 0x8F, 0x90, 
  0x90, 0x90, 0x90, 0x91, 0x91, 0x7E, 0x85, 0x87, 0x89, 0x8B, 0x8B, 0x8C, 0x8C, 0x8D, 0x8D, 0x8D, 
  0x8D, 0x72, 0x7E, 0x82, 0x85, 0x86, 0x87, 0x88, 0x88, 0x89, 0x89, 0x89, 0x89, 0x70, 0x7B, 0x7F, 
  0x81, 0x83, 0x84, 0x84, 0x85, 0x85, 0x85, 0x85, 0x86, 0x70, 0x79, 0x7D, 0x7F, 0x80, 0x81, 0x81, 
  0x82, 0x82, 0x82, 0x82, 0x83, 0x74, 0x72, 0x76, 0x79, 0x7B, 0x7C, 0x7D, 0x7E, 0x7E, 0x7E, 0x7E, 
  0x7E, 0x7A, 0x6F, 0x72, 0x75, 0x77, 0x78, 0x79, 0x79, 0x7A, 0x7A, 0x7A, 0x7A, 0x7A, 0x6C, 0x6D, 
  0x70, 0x72, 0x74, 0x75, 0x75, 0x76, 0x76, 0x76, 0x76, 0x76, 0x6A, 0x6D, 0x6F, 0x70, 0x72, 0x72, 
  0x73, 0x73, 0x73, 0x73, 0x73, 0x73, 0x59, 0x64, 0x68, 0x6A, 0x6C, 0x6D, 0x6E, 0x6E, 0x6F, 0x6F, 
  0x6F, 0x6F, 0x5D, 0x64, 0x67, 0x69, 0x6A, 0x6B, 0x6B, 0x6C, 0x6C, 0x6C, 0x6C, 0x6C, 0x5C, 0x5E, 
  0x62, 0x65, 0x66, 0x67, 0x68, 0x68, 0x68, 0x69, 0x69, 0x69, 0x64, 0x5D, 0x60, 0x62, 0x63, 0x64, 
  0x65, 0x65, 0x66, 0x66, 0x66, 0x66, 0x60, 0x59, 0x5C, 0x5F, 0x60, 0x61, 0x62, 0x62, 0x63, 0x63, 
  0x63, 0x63, 0x63, 0x5A, 0x5C, 0x5D, 0x5F, 0x60, 0x60, 0x60, 0x61, 0x61, 0x61, 0x61, 0x61, 0x58, 
  0x5A, 0x5B, 0x5D, 0x5D, 0x5E, 0x5E, 0x5F, 0x5F, 0x5F, 0x5F, 0x5F, 0x57, 0x5A, 0x5B, 0x5C, 0x5D, 
  0x5D, 0x5D, 0x5E, 0x5E, 0x5E, 0x5E, 0x5E, 0x50, 0x57, 0x59, 0x5A, 0x5B, 0x5B, 0x5C, 0x5C, 0x5C, 
  0x5C, 0x5C, 0x5D, 0x51, 0x55, 0x57, 0x68, 0x62, 0x60, 0x5F, 0x5F, 0x5E, 0x5E, 0x5E, 0x5D, 0x5A, 
  0x59, 0x5A, 0x5B, 0x5B, 0x5B, 0x5C, 0x5C, 0x5C, 0x5C, 0x5C, 0x5C, 0x5C, 0x59, 0x5A, 0x5A, 0x5B, 
  0x5B, 0x5B, 0x5B, 0x5B, 0x5C, 0x5C, 0x5C, 0x5C, 0x59, 0x59, 0x5A, 0x5A, 0x5A, 0x5B, 0x5B, 0x5B, 
  0x5B, 0x5B, 0x5B, 0x5B, 0x57, 0x58, 0x59, 0x59, 0x5A, 0x5A, 0x5A, 0x5A, 0x5A, 0x5A, 0x5A, 0x5A, 
  0x59, 0x59, 0x5A, 0x5A, 0x5A, 0x5A, 0x5A, 0x5A, 0x5A, 0x5A, 0x5A, 0x5A, 0x57, 0x58, 0x59, 0x59, 
  0x59, 0x5A, 0x5A, 0x5A, 0x5A, 0x5A, 0x5A, 0x5A, 0x5C, 0x5B, 0x5B, 0x5A, 0x5A, 0x5A, 0x5A, 0x5A, 
  0x5A, 0x5A, 0x5A, 0x5A, 0x5A, 0x5A, 0x5A, 0x5A, 0x5A, 0x5A, 0x5A, 0x5A, 0x5A, 0x5A, 0x5A, 0x5A, 
  0x5B, 0x5D, 0x5D, 0x5C, 0x5C, 0x5C, 0x5B, 0x5B, 0x5B, 0x5B, 0x5B, 0x5B, 0x6C, 0x66, 0x63, 0x62, 
  0x60, 0x60, 0x5F, 0x5F, 0x5E, 0x5E, 0x5E, 0x5E, 0x5E, 0x61, 0x61, 0x60, 0x5F, 0x5F, 0x5F, 0x5F, 
  0x5F, 0x5F, 0x5F, 0x5F, 0x5F, 0x63, 0x61, 0x61, 0x60, 0x60, 0x60, 0x60, 0x60, 0x5F, 0x5F, 0x5F, 
  0x5F, 0x63, 0x61, 0x61, 0x61, 0x60, 0x60, 0x60, 0x60, 0x60, 0x60, 0x60, 0x60, 0x6B, 0x68, 0x65, 
  0x64, 0x63, 0x63, 0x62, 0x62, 0x62, 0x62, 0x62, 0x62, 0x68, 0x66, 0x65, 0x64, 0x64, 0x63, 0x63, 
  0x63, 0x63, 0x63, 0x63, 0x63, 0x69, 0x6B, 0x69, 0x67, 0x66, 0x66, 0x65, 0x65, 0x65, 0x65, 0x65, 
  0x65, 0x66, 0x6B, 0x6A, 0x69, 0x68, 0x67, 0x67, 0x67, 0x67, 0x66, 0x66, 0x66, 0x66, 0x6D, 0x6C, 
  0x6B, 0x6A, 0x69, 0x69, 0x68, 0x68, 0x68, 0x68, 0x68, 0x68, 0x73, 0x70, 0x6E, 0x6D, 0x6C, 0x6B, 
  0x6B, 0x6B, 0x75, 0x70, 0x6E, 0x6E, 0x78, 0x73, 0x71, 0x70, 0x6F, 0x6E, 0x6E, 0x6E, 0x6D, 0x6D, 
  0x6D, 0x6D, 0x7F, 0x77, 0x74, 0x73, 0x72, 0x71, 0x71, 0x70, 0x70, 0x70, 0x70, 0x70, 0x7B, 0x7A, 
  0x77, 0x76, 0x74, 0x74, 0x73, 0x73, 0x73, 0x72, 0x72, 0x72, 0x74, 0x7A, 0x79, 0x77, 0x76, 0x75, 
  0x75, 0x75, 0x74, 0x74, 0x74, 0x74, 0x74, 0x7D, 0x7C, 0x7A, 0x79, 0x78, 0x77, 0x77, 0x77, 0x77, 
  0x77, 0x76, 0x77, 0x81, 0x7F, 0x7D, 0x7C, 0x7B, 0x7A, 0x7A, 0x7A, 0x79, 0x79, 0x79, 0x79, 0x85, 
  0x83, 0x81, 0x7F, 0x7E, 0x7D, 0x7D, 0x7D, 0x7C, 0x7C, 0x7C, 0x7C, 0x8B, 0x85, 0x83, 0x82, 0x81, 
  0x80, 0x7F, 0x7F, 0x7F, 0x7F, 0x7F, 0x7F, 0x94, 0x8A, 0x87, 0x85, 0x84, 0x83, 0x83, 0x82, 0x82, 
  0x82, 0x82, 0x82, 0x93, 0x8E, 0x8B, 0x89, 0x87, 0x84, 0x84, 0x84, 0x84, 0x84, 0x84, 0x84, 0x8C, 
  0x91, 0x8E, 0x8C, 0x8A, 0x89, 0x89, 0x88, 0x88, 0x88, 0x88, 0x88, 0x88, 0x92, 0x90, 0x8E, 0x8D, 
  0x8C, 0x8C, 0x8B, 0x8B, 0x8B, 0x8B, 0x8B, 0x8A, 0x94, 0x92, 0x91, 0x8F, 0x8F, 0x8E, 0x8E, 0x8D, 
  0x8D, 0x8D, 0x8D, 0x8D, 0x98, 0x94, 0x93, 0x91, 0x91, 0x90, 0x90, 0x90, 0x8F, 0x8F, 0x8F, 0x8F, 
  0x9F, 0x98, 0x96, 0x94, 0x93, 0x93, 0x92, 0x92, 0x92, 0x92, 0x92, 0x92, 0xA0, 0x99, 0x97, 0x96, 
  0x95, 0x95, 0x94, 0x94, 0x94, 0x94, 0x94, 0x94, 0xA4, 0x9D, 0x9A, 0x99, 0x98, 0x97, 0x97, 0x96, 
  0x96, 0x96, 0x96, 0x96, 0x9F, 0x9F, 0x9D, 0x9B, 0x9A, 0x99, 0x99, 0x98, 0x98, 0x98, 0x98, 0x98, 
  0x99, 0x9D, 0x9C, 0x9B, 0x9A, 0x9A, 0x9A, 0x99, 0x99, 0x99, 0x99, 0x99, 0x99, 0x9E, 0x8F, 0x94, 
  0x96, 0x96, 0x97, 0x97, 0x98, 0x98, 0x98, 0x98, 0x98, 0x9D, 0x9C, 0x9B, 0x9B, 0x9A, 0x9A, 0x9A, 
  0x99, 0x99, 0x99, 0x99, 0x99, 0x9F, 0x9D, 0x9C, 0x9B, 0x9B, 0x9A, 0x9A, 0x9A, 0x9A, 0x9A, 0x9A, 
  0x9A, 0xA1, 0x9E, 0x9D, 0x9C, 0x9C, 0x9B, 0x9B, 0x9B, 0x9B, 0x9B, 0x9B, 0x9B, 0x9D, 0x9D, 0x9C, 
  0x9C, 0x9C, 0x9B, 0x9B, 0x9B, 0x9B, 0x9B, 0x9B, 0x9B, 0x9D, 0xA0, 0x9F, 0x9E, 0x9D, 0x9D, 0x9D, 
  0x9C, 0x9C, 0x9C, 0x9C, 0x9C, 0x9C, 0x9D, 0x9D, 0x9D, 0x9C, 0x9C, 0x9C, 0x9C, 0x9C, 0x9C, 0x9C, 
  0x9C, 0x9C, 0x9D, 0x9D, 0x9D, 0x9C, 0x9C, 0x9C, 0x9C, 0x9C, 0x9C, 0x9C, 0x9C, 0x9C, 0x9C, 0x9C, 
  0x9C, 0x9C, 0x9C, 0x9C, 0x9C, 0x9C, 0x9C, 0x9C, 0x9C, 0x9C, 0x9C, 0x9C, 0x9C, 0x9C, 0x9C, 0x9C, 
  0x9C, 0x9C, 0x9C, 0x9C, 0x8B, 0x93, 0x95, 0x97, 0x98, 0x98, 0x99, 0x99, 0x99, 0x99, 0x99, 0x99, 
  0x99, 0x9A, 0x98, 0x99, 0x99, 0x99, 0x99, 0x99, 0x99, 0x99, 0x99, 0x99, 0x99, 0x99, 0x96, 0x96, 
  0x97, 0x97, 0x98, 0x98, 0x98, 0x98, 0x98, 0x98, 0x98, 0x98, 0x98, 0x98, 0x98, 0x98, 0x98, 0x98, 
  0x98, 0x98, 0x98, 0x98, 0x98, 0x98, 0x98, 0x93, 0x94, 0x95, 0x96, 0x96, 0x96, 0x97, 0x97, 0x97, 
  0x97, 0x97, 0x97, 0x94, 0x95, 0x95, 0x96, 0x96, 0x96, 0x96, 0x96, 0x96, 0x96, 0x96, 0x96, 0x91, 
  0x93, 0x94, 0x94, 0x95, 0x95, 0x95, 0x95, 0x95, 0x95, 0x95, 0x95, 0x8F, 0x91, 0x92, 0x93, 0x93, 
  0x94, 0x94, 0x94, 0x94, 0x94, 0x94, 0x94, 0x8B, 0x8F, 0x90, 0x91, 0x92, 0x92, 0x93, 0x93, 0x93, 
  0x93, 0x93, 0x93, 0x8C, 0x8D, 0x8F, 0x90, 0x90, 0x91, 0x91, 0x85, 0x8A, 0x8C, 0x8D, 0x8E, 0x8D, 
  0x8A, 0x8B, 0x8C, 0x8D, 0x8E, 0x8E, 0x8E, 0x8E, 0x8E, 0x8E, 0x8F, 0x8E, 0x8A, 0x8B, 0x8B, 0x8C, 
  0x8D, 0x8D, 0x8D, 0x8D, 0x8D, 0x8D, 0x8D, 0x8D, 0x87, 0x88, 0x89, 0x8A, 0x8B, 0x8B, 0x8B, 0x8B, 
  0x8C, 0x8C, 0x8C, 0x8C, 0x84, 0x86, 0x88, 0x89, 0x89, 0x8A, 0x8A, 0x8A, 0x8A, 0x8A, 0x8A, 0x8A, 
  0x81, 0x85, 0x87, 0x87, 0x88, 0x88, 0x89, 0x89, 0x89, 0x89, 0x89, 0x89, 0x7C, 0x80, 0x83, 0x84, 
  0x85, 0x86, 0x86, 0x86, 0x87, 0x87, 0x87, 0x87, 0x7C, 0x7F, 0x82, 0x83, 0x84, 0x84, 0x84, 0x85, 
  0x85, 0x85, 0x85, 0x85, 0x7E, 0x7D, 0x7F, 0x80, 0x81, 0x82, 0x82, 0x83, 0x83, 0x83, 0x83, 0x83, 
  0x82, 0x7C, 0x7D, 0x7E, 0x7F, 0x80, 0x80, 0x81, 0x81, 0x81, 0x81, 0x81, 0x81, 0x7A, 0x7B, 0x7C, 
  0x7D, 0x7E, 0x7E, 0x7F, 0x7F, 0x7F, 0x7F, 0x7F, 0x7F, 0x76, 0x79, 0x7A, 0x7B, 0x7C, 0x7C, 0x7D, 
  0x7D, 0x7D, 0x7D, 0x7D, 0x7D, 0x72, 0x77, 0x78, 0x79, 0x7A, 0x7B, 0x7B, 0x7B, 0x7B, 0x7B, 0x7B, 
  0x7B, 0x6F, 0x74, 0x76, 0x77, 0x78, 0x79, 0x79, 0x79, 0x79, 0x79, 0x7A, 0x7A, 0x72, 0x72, 0x74, 
  0x76, 0x76, 0x77, 0x77, 0x77, 0x78, 0x78, 0x78, 0x78, 0x76, 0x71, 0x72, 0x74, 0x74, 0x75, 0x75, 
  0x76, 0x76, 0x76, 0x76, 0x76, 0x76, 0x70, 0x70, 0x72, 0x73, 0x73, 0x74, 0x74, 0x74, 0x74, 0x74, 
  0x74, 0x74, 0x6E, 0x6F, 0x70, 0x71, 0x71, 0x72, 0x72, 0x72, 0x72, 0x72, 0x72, 0x73, 0x6D, 0x6E, 
  0x6F, 0x70, 0x70, 0x71, 0x71, 0x71, 0x71, 0x71, 0x71, 0x71, 0x69, 0x6C, 0x6D, 0x6E, 0x6F, 0x6F, 
  0x6F, 0x70, 0x70, 0x70, 0x70, 0x70, 0x73, 0x73, 0x72, 0x72, 0x71, 0x71, 0x71, 0x71, 0x71, 0x71, 
  0x71, 0x71, 0x6D, 0x6E, 0x6F, 0x6F, 0x6F, 0x70, 0x70, 0x70, 0x70, 0x70, 0x70, 0x70, 0x6E, 0x6D, 
  0x6D, 0x6E, 0x6E, 0x6F, 0x6F, 0x6F, 0x6F, 0x6F, 0x6F, 0x6F, 0x6F, 0x6D, 0x6D, 0x6E, 0x6E, 0x6E, 
  0x6E, 0x6E, 0x6E, 0x6F, 0x6F, 0x6F, 0x6F, 0x6C, 0x6C, 0x6D, 0x6D, 0x6D, 0x6E, 0x6E, 0x6E, 0x6E, 
  0x6E, 0x6E, 0x6E, 0x6B, 0x6C, 0x6D, 0x6D, 0x6D, 0x6D, 0x6D, 0x6D, 0x6E, 0x6E, 0x6E, 0x6E, 0x69, 
  0x6B, 0x6C, 0x6C, 0x6C, 0x6D, 0x6D, 0x6D, 0x6D, 0x6D, 0x6D, 0x6D, 0x6B, 0x6C, 0x6C, 0x6C, 0x6C, 
  0x6D, 0x6D, 0x6D, 0x6D, 0x6D, 0x6D, 0x6D, 0x6A, 0x6B, 0x6C, 0x6C, 0x6C, 0x6C, 0x6C, 0x6C, 0x6C, 
  0x6D, 0x6D, 0x6D, 0x6D, 0x6D, 0x6D, 0x6D, 0x6D, 0x6D, 0x6D, 0x6D, 0x6D, 0x82, 0x78, 0x75, 0x73, 
  0x72, 0x71, 0x71, 0x70, 0x70, 0x70, 0x70, 0x70, 0x70, 0x70, 0x70, 0x70, 0x70, 0x70, 0x70, 0x70, 
  0x70, 0x70, 0x70, 0x70, 0x70, 0x70, 0x70, 0x70, 0x70, 0x70, 0x70, 0x70, 0x70, 0x70, 0x70, 0x70, 
  0x6F, 0x70, 0x6F, 0x6F, 0x72, 0x71, 0x71, 0x70, 0x70, 0x70, 0x70, 0x70, 0x70, 0x70, 0x70, 0x70, 
  0x70, 0x70, 0x70, 0x70, 0x70, 0x70, 0x70, 0x70, 0x70, 0x70, 0x70, 0x70, 0x73, 0x72, 0x72, 0x71, 
  0x71, 0x71, 0x71, 0x71, 0x71, 0x71, 0x70, 0x70, 0x71, 0x72, 0x72, 0x71, 0x71, 0x71, 0x71, 0x71, 
  0x71, 0x71, 0x71, 0x71, 0x72, 0x73, 0x73, 0x72, 0x72, 0x72, 0x72, 0x72, 0x72, 0x71, 0x71, 0x71, 
  0x72, 0x75, 0x74, 0x74, 0x73, 0x73, 0x73, 0x73, 0x72, 0x72, 0x72, 0x72, 0x72, 0x75, 0x74, 0x74, 
  0x73, 0x73, 0x84, 0x7C, 0x7A, 0x78, 0x77, 0x77, 0x76, 0x7A, 0x79, 0x78, 0x77, 0x77, 0x77, 0x76, 
  0x76, 0x76, 0x76, 0x76, 0x76, 0x7A, 0x78, 0x78, 0x77, 0x77, 0x77, 0x77, 0x77, 0x77, 0x77, 0x77, 
  0x77, 0x7B, 0x7A, 0x79, 0x78, 0x78, 0x78, 0x78, 0x77, 0x77, 0x77, 0x77, 0x77, 0x7A, 0x7B, 0x7A, 
  0x79, 0x79, 0x79, 0x78, 0x78, 0x78, 0x78, 0x78, 0x78, 0x79, 0x7B, 0x7A, 0x7A, 0x79, 0x79, 0x79, 
  0x79, 0x79, 0x79, 0x79, 0x79, 0x79, 0x7D, 0x7C, 0x7B, 0x7B, 0x7A, 0x7A, 0x7A, 0x7A, 0x7A, 0x7A, 
  0x7A, 0x7A, 0x7F, 0x7E, 0x7D, 0x7C, 0x7C, 0x7B, 0x7B, 0x7B, 0x7B, 0x7B, 0x7B, 0x7B, 0x7F, 0x7E, 
  0x7D, 0x7D, 0x7C, 0x7C, 0x7C, 0x7C, 0x7C, 0x7C, 0x7C, 0x7C, 0x83, 0x80, 0x7F, 0x7E, 0x7E, 0x7E, 
  0x7D, 0x7D, 0x7D, 0x7D, 0x7D, 0x7D, 0x84, 0x81, 0x82, 0x81, 0x80, 0x7F, 0x7F, 0x7F, 0x7F, 0x7E, 
  0x7E, 0x7E, 0x83, 0x82, 0x81, 0x80, 0x80, 0x80, 0x7F, 0x7F, 0x7F, 0x7F, 0x7F, 0x7F, 0x80, 0x82, 
  0x81, 0x81, 0x81, 0x80, 0x80, 0x80, 0x80, 0x80, 0x80, 0x80, 0x80, 0x83, 0x83, 0x82, 0x82, 0x81, 
  0x81, 0x81, 0x81, 0x81, 0x81, 0x81, 0x81, 0x84, 0x84, 0x83, 0x83, 0x82, 0x82, 0x82, 0x82, 0x82, 
  0x82, 0x82, 0x82, 0x86, 0x84, 0x84, 0x83, 0x83, 0x83, 0x83, 0x83, 0x83, 0x83, 0x83, 0x83, 0x89, 
  0x86, 0x85, 0x85, 0x84, 0x84, 0x84, 0x84, 0x84, 0x84, 0x83, 0x83, 0x89, 0x87, 0x86, 0x86, 0x85, 
  0x85, 0x85, 0x85, 0x85, 0x84, 0x84, 0x84, 0x87, 0x86, 0x86, 0x85, 0x85, 0x85, 0x85, 0x85, 0x85, 
  0x85, 0x85, 0x85, 0x88, 0x89, 0x88, 0x87, 0x87, 0x87, 0x86, 0x86, 0x86, 0x86, 0x86, 0x79, 0x7F, 
  0x82, 0x83, 0x83, 0x84, 0x84, 0x84, 0x84, 0x84, 0x84, 0x84, 0x84, 0x84, 0x86, 0x86, 0x85, 0x85, 
  0x85, 0x85, 0x85, 0x85, 0x85, 0x85, 0x85, 0x85, 0x87, 0x86, 0x86, 0x86, 0x86, 0x85, 0x85, 0x85, 
  0x85, 0x85, 0x85, 0x85, 0x88, 0x87, 0x87, 0x86, 0x86, 0x86, 0x86, 0x86, 0x86, 0x86, 0x86, 0x86, 
  0x88, 0x87, 0x87, 0x86, 0x86, 0x86, 0x86, 0x86, 0x86, 0x86, 0x86, 0x86, 0x87, 0x87, 0x87, 0x87, 
  0x87, 0x87, 0x86, 0x86, 0x86, 0x86, 0x86, 0x86, 0x87, 0x88, 0x87, 0x87, 0x87, 0x87, 0x87, 0x87, 
  0x87, 0x87, 0x87, 0x87, 0x87, 0x88, 0x88, 0x87, 0x87, 0x87, 0x87, 0x87, 0x87, 0x87, 0x87, 0x87, 
  0x87, 0x88, 0x88, 0x88, 0x87, 0x87, 0x87, 0x87, 0x87, 0x87, 0x87, 0x87, 0x87, 0x88, 0x88, 0x88, 
  0x88, 0x88, 0x88, 0x87, 0x71, 0x7A, 0x7D, 0x7F, 0x81, 0x82, 0x82, 0x83, 0x83, 0x83, 0x83, 0x83, 
  0x84, 0x84, 0x84, 0x84, 0x84, 0x84, 0x84, 0x84, 0x84, 0x84, 0x84, 0x84, 0x84, 0x84, 0x84, 0x84, 
  0x84, 0x84, 0x84, 0x84, 0x84, 0x84, 0x84, 0x84, 0x84, 0x84, 0x84, 0x84, 0x84, 0x84, 0x84, 0x84, 
  0x84, 0x84, 0x84, 0x84, 0x84, 0x84, 0x84, 0x84, 0x84, 0x84, 0x84, 0x84, 0x84, 0x84, 0x84, 0x84, 
  0x84, 0x84, 0x84, 0x84, 0x84, 0x84, 0x83, 0x83, 0x84, 0x84, 0x84, 0x84, 0x84, 0x84, 0x84, 0x84, 
  0x84, 0x84, 0x83, 0x83, 0x83, 0x83, 0x83, 0x83, 0x84, 0x84, 0x84, 0x84, 0x84, 0x84, 0x83, 0x83, 
  0x83, 0x83, 0x83, 0x83, 0x83, 0x83, 0x83, 0x83, 0x83, 0x83, 0x83, 0x83, 0x83, 0x83, 0x83, 0x83, 
  0x83, 0x83, 0x83, 0x83, 0x83, 0x83, 0x82, 0x83, 0x83, 0x83, 0x6F, 0x76, 0x79, 0x7B, 0x7D, 0x7E, 
  0x7E, 0x7F, 0x7F, 0x7F, 0x7F, 0x7F, 0x7F, 0x7F, 0x7F, 0x80, 0x80, 0x80, 0x80, 0x80, 0x80, 0x80, 
  0x80, 0x80, 0x80, 0x80, 0x80, 0x80, 0x80, 0x80, 0x80, 0x80, 0x80, 0x80, 0x80, 0x80, 0x80, 0x80, 
  0x80, 0x80, 0x80, 0x80, 0x80, 0x80, 0x80, 0x80, 0x80, 0x80, 0x80, 0x80, 0x80, 0x80, 0x80, 0x80, 
  0x80, 0x80, 0x80, 0x80, 0x80, 0x80, 0x80, 0x80, 0x80, 0x80, 0x80, 0x80, 0x80, 0x80, 0x80, 0x80, 
  0x80, 0x80, 0x80, 0x80, 0x80, 0x80, 0x80, 0x80, 0x80, 0x80, 0x80, 0x80, 0x80, 0x80, 0x80, 0x80, 
  0x80, 0x80, 0x80, 0x80, 0x80, 0x80, 0x80, 0x80, 0x80, 0x80, 0x80, 0x80, 0x80, 0x80, 0x80, 0x80, 
  0x80, 0x80, 0x80, 0x80, 0x80, 0x80, 0x80, 0x80, 0x80, 0x80, 0x80, 0x80, 0x80, 0x80, 0x80
};
const unsigned int os13_len = 2303;

// os14 - SFX1 (1349 bytes)
PROGMEM const uint8_t os14[] = {
  0x80, 0xBE, 0xD7, 0xE6, 0xF1, 0xF3, 0xEA, 0xE5, 0xDF, 0xD8, 0xD1, 0xCB, 0xC5, 0xBE, 0xB8, 0xB0, 
  0xAB, 0xA6, 0xA1, 0x98, 0x98, 0xA5, 0xB0, 0xBB, 0xC9, 0xD5, 0xDD, 0xE2, 0xE8, 0xEC, 0xF0, 0xF3, 
  0xF6, 0xF8, 0xF6, 0xEB, 0xE5, 0xE0, 0xD8, 0xCF, 0xC7, 0xBE, 0xB4, 0xAA, 0x9E, 0x92, 0x89, 0x7E, 
  0x72, 0x70, 0x7D, 0x8B, 0x9A, 0xAB, 0xBC, 0xC7, 0xCE, 0xD6, 0xDF, 0xE5, 0xEB, 0xEF, 0xF2, 0xEF, 
  0xE2, 0xD6, 0xCF, 0xC6, 0xBC, 0xB2, 0xA8, 0x9D, 0x90, 0x82, 0x73, 0x69, 0x5F, 0x54, 0x53, 0x5E, 
  0x6B, 0x79, 0x89, 0x9A, 0xA8, 0xB0, 0xB8, 0xC1, 0xC9, 0xD0, 0xD8, 0xDE, 0xDE, 0xD2, 0xC6, 0xBF, 
  0xB5, 0xAA, 0x9F, 0x93, 0x86, 0x79, 0x6B, 0x5E, 0x52, 0x49, 0x40, 0x3F, 0x4A, 0x56, 0x63, 0x72, 
  0x83, 0x92, 0x9B, 0xA3, 0xAC, 0xB5, 0xBC, 0xC4, 0xCB, 0xCD, 0xC3, 0xB6, 0xAF, 0xA6, 0x9A, 0x8E, 
  0x82, 0x76, 0x69, 0x5C, 0x4F, 0x44, 0x3B, 0x32, 0x32, 0x3C, 0x48, 0x54, 0x63, 0x73, 0x83, 0x8D, 
  0x95, 0x9E, 0xA7, 0xAF, 0xB7, 0xBE, 0xC1, 0xB8, 0xAA, 0xA2, 0x9A, 0x8E, 0x83, 0x77, 0x6C, 0x5F, 
  0x53, 0x46, 0x3A, 0x31, 0x2A, 0x29, 0x33, 0x3F, 0x4B, 0x59, 0x69, 0x78, 0x85, 0x8D, 0x95, 0x9E, 
  0xA6, 0xAE, 0xB6, 0xB9, 0xB1, 0xA4, 0x99, 0x91, 0x87, 0x7C, 0x70, 0x65, 0x59, 0x4D, 0x41, 0x34, 
  0x2B, 0x24, 0x24, 0x2E, 0x3A, 0x46, 0x54, 0x63, 0x72, 0x80, 0x88, 0x90, 0x99, 0xA1, 0xA9, 0xB1, 
  0xB4, 0xAD, 0xA0, 0x94, 0x8C, 0x82, 0x78, 0x6D, 0x61, 0x56, 0x4A, 0x3E, 0x32, 0x28, 0x21, 0x22, 
  0x2C, 0x3A, 0x48, 0x58, 0x68, 0x70, 0x7A, 0x85, 0x92, 0x9B, 0xA5, 0xAC, 0xB1, 0xB1, 0xA7, 0x95, 
  0x86, 0x7E, 0x76, 0x6B, 0x5F, 0x53, 0x44, 0x3B, 0x32, 0x29, 0x20, 0x26, 0x35, 0x44, 0x4D, 0x5A, 
  0x66, 0x74, 0x80, 0x8D, 0x95, 0x9C, 0xA5, 0xAE, 0xAF, 0xA4, 0x9B, 0x95, 0x8A, 0x7D, 0x6D, 0x60, 
  0x56, 0x4E, 0x43, 0x39, 0x2F, 0x21, 0x23, 0x2D, 0x37, 0x44, 0x52, 0x60, 0x70, 0x79, 0x83, 0x8E, 
  0x98, 0xA1, 0xAB, 0xB1, 0xB0, 0xA8, 0x9A, 0x8D, 0x7E, 0x73, 0x6C, 0x61, 0x56, 0x47, 0x3C, 0x32, 
  0x2A, 0x22, 0x22, 0x30, 0x46, 0x51, 0x5B, 0x66, 0x72, 0x7E, 0x89, 0x96, 0x9D, 0xA5, 0xAD, 0xB2, 
  0xAB, 0x9F, 0x95, 0x8C, 0x81, 0x73, 0x67, 0x59, 0x4D, 0x46, 0x3D, 0x33, 0x26, 0x26, 0x33, 0x3B, 
  0x44, 0x50, 0x5F, 0x72, 0x7E, 0x86, 0x8F, 0x99, 0xA1, 0xAA, 0xB3, 0xB2, 0xAA, 0xA2, 0x95, 0x88, 
  0x7A, 0x6E, 0x65, 0x5A, 0x4E, 0x43, 0x37, 0x2B, 0x25, 0x25, 0x30, 0x44, 0x51, 0x63, 0x6A, 0x73, 
  0x7F, 0x8A, 0x98, 0xA1, 0xA8, 0xAF, 0xB5, 0xB3, 0xA8, 0x97, 0x8E, 0x84, 0x7A, 0x6E, 0x62, 0x55, 
  0x49, 0x41, 0x37, 0x2C, 0x27, 0x31, 0x41, 0x47, 0x51, 0x60, 0x71, 0x7E, 0x8B, 0x93, 0x9B, 0xA3, 
  0xAC, 0xB5, 0xB3, 0xAB, 0xA5, 0x9B, 0x8F, 0x82, 0x71, 0x67, 0x5E, 0x54, 0x49, 0x3E, 0x33, 0x28, 
  0x29, 0x32, 0x3F, 0x4E, 0x5E, 0x6E, 0x77, 0x81, 0x8C, 0x99, 0xA2, 0xAC, 0xB3, 0xB8, 0xB8, 0xAF, 
  0x9D, 0x8F, 0x85, 0x7E, 0x73, 0x68, 0x5C, 0x4C, 0x43, 0x3B, 0x31, 0x28, 0x2E, 0x3B, 0x4C, 0x55, 
  0x63, 0x76, 0x82, 0x8C, 0x95, 0x9F, 0xAB, 0xB4, 0xB9, 0xB7, 0xAC, 0x9B, 0x92, 0x89, 0x7A, 0x6E, 
  0x61, 0x58, 0x4D, 0x3F, 0x34, 0x2C, 0x2C, 0x3A, 0x4F, 0x5A, 0x64, 0x74, 0x80, 0x8F, 0x97, 0xA0, 
  0xAC, 0xB4, 0xBB, 0xBA, 0xB1, 0x9F, 0x91, 0x8B, 0x80, 0x73, 0x62, 0x59, 0x50, 0x43, 0x38, 0x2E, 
  0x2E, 0x39, 0x4D, 0x5B, 0x67, 0x72, 0x7F, 0x8F, 0x9A, 0xA1, 0xAA, 0xB3, 0xBB, 0xBB, 0xB3, 0xA4, 
  0x98, 0x8B, 0x82, 0x77, 0x66, 0x59, 0x52, 0x48, 0x3C, 0x2F, 0x30, 0x39, 0x49, 0x56, 0x69, 0x73, 
  0x7E, 0x8E, 0x99, 0xA2, 0xAA, 0xB3, 0xBC, 0xBA, 0xB5, 0xAA, 0x9D, 0x8B, 0x83, 0x79, 0x6A, 0x5E, 
  0x52, 0x4A, 0x3F, 0x32, 0x32, 0x3B, 0x45, 0x53, 0x6B, 0x76, 0x7E, 0x8C, 0x97, 0xA3, 0xAA, 0xB3, 
  0xBC, 0xBC, 0xB5, 0xAD, 0xA2, 0x8E, 0x82, 0x7B, 0x70, 0x62, 0x53, 0x4A, 0x42, 0x35, 0x32, 0x3E, 
  0x46, 0x52, 0x68, 0x76, 0x80, 0x8A, 0x96, 0xA3, 0xAC, 0xB3, 0xBB, 0xBE, 0xB3, 0xAD, 0xA4, 0x93, 
  0x87, 0x7B, 0x71, 0x66, 0x56, 0x4A, 0x43, 0x39, 0x31, 0x42, 0x4A, 0x51, 0x62, 0x71, 0x81, 0x8A, 
  0x95, 0xA3, 0xAC, 0xB4, 0xBB, 0xC1, 0xB5, 0xAA, 0xA5, 0x99, 0x8B, 0x7B, 0x72, 0x68, 0x5A, 0x4F, 
  0x43, 0x3A, 0x31, 0x3D, 0x4C, 0x53, 0x5D, 0x6F, 0x82, 0x8C, 0x94, 0xA0, 0xAA, 0xB4, 0xBB, 0xC1, 
  0xBA, 0xAE, 0xA5, 0x9C, 0x8F, 0x7D, 0x71, 0x69, 0x5E, 0x52, 0x44, 0x3A, 0x33, 0x38, 0x46, 0x55, 
  0x5E, 0x6D, 0x80, 0x8C, 0x95, 0x9E, 0xA9, 0xB4, 0xBC, 0xC1, 0xBF, 0xAC, 0xA3, 0x9C, 0x8E, 0x7C, 
  0x72, 0x6A, 0x5D, 0x4E, 0x44, 0x3C, 0x34, 0x45, 0x4A, 0x54, 0x64, 0x7A, 0x82, 0x8D, 0x9D, 0xA7, 
  0xAE, 0xB6, 0xC0, 0xBE, 0xB9, 0xAE, 0x9B, 0x8E, 0x88, 0x7B, 0x6A, 0x61, 0x57, 0x4B, 0x3C, 0x34, 
  0x34, 0x4A, 0x58, 0x60, 0x6D, 0x81, 0x8E, 0x96, 0xA0, 0xAC, 0xB6, 0xBC, 0xC3, 0xB8, 0xAF, 0xA7, 
  0x9B, 0x88, 0x7E, 0x74, 0x64, 0x58, 0x4E, 0x45, 0x37, 0x36, 0x40, 0x4B, 0x5E, 0x6F, 0x79, 0x84, 
  0x94, 0x9F, 0xA7, 0xB0, 0xBB, 0xC2, 0xC1, 0xB3, 0xA8, 0x9C, 0x92, 0x83, 0x76, 0x6A, 0x61, 0x52, 
  0x47, 0x3C, 0x34, 0x3C, 0x4D, 0x56, 0x61, 0x76, 0x84, 0x8D, 0x9A, 0xA4, 0xAF, 0xB6, 0xBF, 0xC1, 
  0xB7, 0xB1, 0xA2, 0x95, 0x88, 0x7E, 0x70, 0x61, 0x57, 0x4F, 0x41, 0x35, 0x36, 0x42, 0x50, 0x63, 
  0x6F, 0x7B, 0x89, 0x97, 0xA0, 0xAA, 0xB3, 0xBD, 0xC3, 0xBF, 0xAD, 0xA5, 0x9E, 0x8F, 0x7D, 0x74, 
  0x6B, 0x5E, 0x4F, 0x45, 0x3D, 0x35, 0x46, 0x4B, 0x56, 0x66, 0x7B, 0x84, 0x8F, 0x9F, 0xA9, 0xAF, 
  0xB8, 0xC2, 0xC0, 0xBA, 0xAF, 0x9C, 0x90, 0x89, 0x7C, 0x6B, 0x62, 0x58, 0x4C, 0x3D, 0x35, 0x35, 
  0x4C, 0x5A, 0x61, 0x6E, 0x83, 0x90, 0x97, 0xA1, 0xAE, 0xB8, 0xBD, 0xC4, 0xB8, 0xB0, 0xA8, 0x9C, 
  0x89, 0x7F, 0x75, 0x65, 0x59, 0x4F, 0x46, 0x38, 0x38, 0x40, 0x4C, 0x60, 0x71, 0x7A, 0x85, 0x96, 
  0xA0, 0xA8, 0xB1, 0xBC, 0xC2, 0xC2, 0xB4, 0xA8, 0x9D, 0x93, 0x83, 0x77, 0x6B, 0x61, 0x53, 0x48, 
  0x3D, 0x35, 0x3E, 0x4E, 0x56, 0x62, 0x78, 0x85, 0x8E, 0x9B, 0xA6, 0xAF, 0xB7, 0xC0, 0xC2, 0xB8, 
  0xB2, 0xA2, 0x96, 0x88, 0x7F, 0x70, 0x62, 0x58, 0x4F, 0x42, 0x36, 0x36, 0x43, 0x51, 0x63, 0x6F, 
  0x7D, 0x8A, 0x98, 0xA0, 0xAB, 0xB4, 0xBE, 0xC3, 0xBF, 0xAE, 0xA6, 0x9E, 0x8F, 0x7E, 0x74, 0x6B, 
  0x5E, 0x4F, 0x46, 0x3D, 0x36, 0x46, 0x4B, 0x57, 0x67, 0x7B, 0x84, 0x90, 0xA0, 0xA9, 0xB0, 0xB9, 
  0xC2, 0xC1, 0xBB, 0xAF, 0x9C, 0x91, 0x8A, 0x7C, 0x6B, 0x62, 0x58, 0x4C, 0x3D, 0x36, 0x35, 0x4D, 
  0x5B, 0x61, 0x6F, 0x84, 0x90, 0x98, 0xA2, 0xAF, 0xB8, 0xBE, 0xC4, 0xB8, 0xB1, 0xA8, 0x9C, 0x89, 
  0x80, 0x76, 0x65, 0x59, 0x50, 0x46, 0x38, 0x38, 0x41, 0x4C, 0x61, 0x72, 0x7A, 0x86, 0x96, 0xA0, 
  0xA9, 0xB1, 0xBC, 0xC3, 0xC3, 0xB3, 0xA8, 0x9D, 0x93, 0x82, 0x76, 0x6B, 0x61, 0x53, 0x47, 0x3E, 
  0x35, 0x3F, 0x4E, 0x56, 0x62, 0x78, 0x85, 0x8F, 0x9C, 0xA6, 0xB0, 0xB7, 0xC0, 0xC2, 0xB9, 0xB2, 
  0xA2, 0x95, 0x89, 0x7F, 0x70, 0x62, 0x59, 0x4F, 0x41, 0x36, 0x36, 0x44, 0x52, 0x63, 0x6F, 0x7D, 
  0x8B, 0x98, 0xA1, 0xAB, 0xB4, 0xBE, 0xC3, 0xBF, 0xAE, 0xA6, 0x9E, 0x8F, 0x7E, 0x75, 0x6B, 0x5E, 
  0x50, 0x46, 0x3D, 0x36, 0x45, 0x4B, 0x58, 0x68, 0x7C, 0x85, 0x91, 0xA0, 0xA9, 0xB0, 0xB9, 0xC3, 
  0xC1, 0xBB, 0xAF, 0x9C, 0x91, 0x8A, 0x7C, 0x6B, 0x62, 0x58, 0x4C, 0x3D, 0x36, 0x36, 0x4D, 0x5B, 
  0x61, 0x6F, 0x84, 0x90, 0x98, 0xA2, 0xAF, 0xB8, 0xBE, 0xC4, 0xB8, 0xB1, 0xA9, 0x9B, 0x89, 0x80, 
  0x76, 0x64, 0x58, 0x50, 0x46, 0x38, 0x38, 0x41, 0x4C, 0x61, 0x73, 0x7A, 0x86, 0x96, 0xA0, 0xA9, 
  0xB1, 0xBD, 0xC3, 0xC3, 0xB3, 0xA7, 0x9D, 0x93, 0x82, 0x76, 0x6B, 0x61, 0x52, 0x47, 0x3E, 0x35, 
  0x40, 0x4D, 0x56, 0x62, 0x79, 0x85, 0x8F, 0x9C, 0xA7, 0xB0, 0xB7, 0xC0, 0xC1, 0xB9, 0xB2, 0xA1, 
  0x94, 0x89, 0x7F, 0x6F, 0x62, 0x59, 0x4F, 0x41, 0x36, 0x36, 0x45, 0x52, 0x63, 0x6F, 0x7E, 0x8B, 
  0x98, 0xA1, 0xAC, 0xB5, 0xBE, 0xC4, 0xBE, 0xAE, 0xA7, 0x9E, 0x8E, 0x7E, 0x75, 0x6A, 0x5E, 0x50, 
  0x46, 0x3C, 0x36, 0x45, 0x4B, 0x59, 0x69, 0x7B, 0x85, 0x91, 0xA1, 0xA9, 0xB0, 0xBA, 0xC3, 0xC1, 
  0xBB, 0xAE, 0x9B, 0x91, 0x8A, 0x7C, 0x6B, 0x62, 0x58, 0x4C, 0x3D, 0x36, 0x37, 0x4E, 0x5A, 0x61, 
  0x70, 0x85, 0x90, 0x98, 0xA3, 0xAF, 0xB8, 0xBE, 0xC4, 0xB7, 0xB1, 0xA9, 0x9B, 0x89, 0x80, 0x76, 
  0x64, 0x58, 0x50, 0x46, 0x37, 0x38, 0x40, 0x4D, 0x62, 0x74, 0x7A, 0x86, 0x97, 0xA0, 0xA9, 0xB2, 
  0xBD, 0xC3, 0xC3, 0xB2, 0xA7, 0x9D, 0x93, 0x82, 0x75, 0x6B, 0x61, 0x52, 0x47, 0x3E, 0x35, 0x41, 
  0x4D, 0x56, 0x63, 0x79, 0x85, 0x8F, 0x9D, 0xA7, 0xB0, 0xB8, 0xC1, 0xC1, 0xBA, 0xB1, 0xA0, 0x94, 
  0x89, 0x7F, 0x6F, 0x62, 0x59, 0x4F, 0x40, 0x36, 0x36, 0x46, 0x53, 0x63, 0x6F, 0x7F, 0x8C, 0x98, 
  0xA1, 0xAC, 0xB5, 0xBE, 0xC4, 0xBE, 0xAF, 0xA7, 0x9E, 0x8D, 0x7F, 0x76, 0x6B, 0x60, 0x55, 0x4E, 
  0x46, 0x43, 0x50, 0x56, 0x63, 0x6F, 0x7D, 0x83, 0x8C, 0x95, 0x99, 0x9D, 0xA1, 0xA5, 0xA3, 0x9E, 
  0x96, 0x8D, 0x88, 0x83, 0x7E, 0x78, 0x70, 0x6C, 0x6B, 0x6B, 0x6B, 0x6C, 0x6D, 0x6E, 0x70, 0x72, 
  0x74, 0x76, 0x78, 0x7A, 0x7C
};
const unsigned int os14_len = 1349;

// os15 - SFX2 (1336 bytes)
PROGMEM const uint8_t os15[] = {
  0x80, 0xDA, 0xEF, 0xF6, 0xF8, 0xF4, 0xE8, 0xDC, 0xD0, 0xC7, 0xBF, 0xB8, 0xAC, 0xA6, 0x9F, 0x98, 
  0x90, 0x88, 0x82, 0x7B, 0x74, 0x6E, 0x73, 0x84, 0x94, 0xA0, 0xA7, 0xAF, 0xB7, 0xC1, 0xC6, 0xCB, 
  0xD0, 0xD5, 0xD8, 0xDB, 0xDE, 0xE0, 0xE1, 0xDC, 0xCF, 0xC1, 0xB9, 0xB1, 0xA9, 0xA1, 0x95, 0x8F, 
  0x86, 0x7D, 0x76, 0x6F, 0x68, 0x62, 0x5B, 0x56, 0x5B, 0x6E, 0x7A, 0x84, 0x8C, 0x94, 0x9F, 0xAB, 
  0xB0, 0xB7, 0xBD, 0xC2, 0xC6, 0xC8, 0xCC, 0xCF, 0xD0, 0xCA, 0xBC, 0xB3, 0xAB, 0xA2, 0x9A, 0x8E, 
  0x85, 0x7C, 0x73, 0x6B, 0x64, 0x5D, 0x57, 0x51, 0x4A, 0x46, 0x4C, 0x5B, 0x65, 0x6F, 0x78, 0x83, 
  0x91, 0x9A, 0xA3, 0xA9, 0xAF, 0xB4, 0xB8, 0xBC, 0xC0, 0xC2, 0xC4, 0xBD, 0xB4, 0xAB, 0xA2, 0x99, 
  0x8D, 0x81, 0x78, 0x6F, 0x67, 0x60, 0x59, 0x52, 0x4C, 0x45, 0x41, 0x3B, 0x41, 0x4B, 0x56, 0x60, 
  0x6D, 0x79, 0x87, 0x90, 0x99, 0xA0, 0xA6, 0xAB, 0xB0, 0xB4, 0xB7, 0xB9, 0xBB, 0xB7, 0xB0, 0xA7, 
  0x9C, 0x90, 0x84, 0x79, 0x71, 0x68, 0x60, 0x58, 0x51, 0x4A, 0x44, 0x41, 0x3D, 0x36, 0x38, 0x3F, 
  0x4A, 0x59, 0x67, 0x72, 0x7F, 0x8A, 0x92, 0x9A, 0xA0, 0xA6, 0xAB, 0xAE, 0xB0, 0xB2, 0xB5, 0xB4, 
  0xAF, 0xA4, 0x97, 0x8B, 0x80, 0x75, 0x6C, 0x64, 0x5B, 0x54, 0x4C, 0x46, 0x42, 0x3F, 0x3B, 0x35, 
  0x34, 0x38, 0x48, 0x56, 0x63, 0x6E, 0x7C, 0x86, 0x8F, 0x97, 0x9E, 0xA4, 0xA7, 0xAA, 0xAC, 0xAE, 
  0xB2, 0xB2, 0xAE, 0xA0, 0x94, 0x89, 0x7D, 0x72, 0x69, 0x61, 0x59, 0x50, 0x4B, 0x46, 0x43, 0x3F, 
  0x3B, 0x34, 0x31, 0x36, 0x46, 0x54, 0x60, 0x6C, 0x7A, 0x86, 0x8E, 0x96, 0x9D, 0xA1, 0xA4, 0xA7, 
  0xA9, 0xAD, 0xB0, 0xAE, 0x9A, 0x86, 0x73, 0x61, 0x50, 0x45, 0x3B, 0x32, 0x35, 0x51, 0x6C, 0x82, 
  0x90, 0x9C, 0xA5, 0xAD, 0xB3, 0xA0, 0x8C, 0x79, 0x69, 0x5A, 0x4A, 0x3E, 0x35, 0x31, 0x45, 0x5D, 
  0x79, 0x8D, 0x98, 0xA2, 0xA9, 0xB0, 0xAD, 0x92, 0x7F, 0x6E, 0x60, 0x53, 0x45, 0x38, 0x2F, 0x3D, 
  0x55, 0x6A, 0x83, 0x95, 0xA0, 0xA8, 0xAE, 0xB2, 0xA1, 0x88, 0x73, 0x64, 0x57, 0x4B, 0x40, 0x33, 
  0x35, 0x4E, 0x64, 0x79, 0x8B, 0x9B, 0xA6, 0xAD, 0xB2, 0xAC, 0x97, 0x7E, 0x69, 0x5C, 0x4F, 0x45, 
  0x3B, 0x30, 0x47, 0x5E, 0x73, 0x86, 0x94, 0xA1, 0xAB, 0xB2, 0xB1, 0x9F, 0x8B, 0x74, 0x62, 0x53, 
  0x48, 0x3F, 0x35, 0x36, 0x55, 0x6C, 0x81, 0x90, 0x9C, 0xA6, 0xAF, 0xB5, 0xA6, 0x92, 0x7E, 0x6D, 
  0x5B, 0x4C, 0x42, 0x39, 0x33, 0x45, 0x61, 0x7D, 0x8D, 0x99, 0xA3, 0xAB, 0xB3, 0xAF, 0x98, 0x85, 
  0x73, 0x65, 0x54, 0x46, 0x3C, 0x33, 0x3C, 0x54, 0x6D, 0x87, 0x96, 0xA1, 0xA9, 0xB0, 0xB5, 0xA3, 
  0x8C, 0x79, 0x6A, 0x5C, 0x4F, 0x42, 0x36, 0x36, 0x4D, 0x64, 0x7B, 0x90, 0x9F, 0xA8, 0xAF, 0xB4, 
  0xB1, 0x98, 0x80, 0x6F, 0x61, 0x54, 0x49, 0x3D, 0x32, 0x46, 0x5E, 0x73, 0x86, 0x98, 0xA5, 0xAD, 
  0xB4, 0xB5, 0xA5, 0x8E, 0x76, 0x66, 0x59, 0x4D, 0x43, 0x39, 0x39, 0x58, 0x6C, 0x81, 0x91, 0x9E, 
  0xAA, 0xB3, 0xB7, 0xAD, 0x98, 0x84, 0x6F, 0x5D, 0x51, 0x47, 0x3D, 0x35, 0x4A, 0x66, 0x7D, 0x8D, 
  0x9B, 0xA5, 0xAE, 0xB7, 0xB3, 0x9F, 0x8C, 0x79, 0x68, 0x56, 0x4A, 0x41, 0x38, 0x3C, 0x57, 0x72, 
  0x8A, 0x97, 0xA2, 0xAB, 0xB3, 0xB9, 0xA6, 0x92, 0x80, 0x6F, 0x61, 0x51, 0x44, 0x3B, 0x38, 0x4D, 
  0x64, 0x80, 0x94, 0xA0, 0xA9, 0xB0, 0xB8, 0xA4, 0x85, 0x6F, 0x59, 0x47, 0x39, 0x49, 0x6D, 0x89, 
  0x9F, 0xAD, 0xB6, 0xB0, 0x8F, 0x78, 0x60, 0x4C, 0x40, 0x3C, 0x62, 0x7F, 0x98, 0xAA, 0xB5, 0xB8, 
  0x9A, 0x7B, 0x67, 0x53, 0x42, 0x36, 0x56, 0x7A, 0x91, 0xA5, 0xB2, 0xB9, 0xA5, 0x86, 0x70, 0x5A, 
  0x48, 0x3A, 0x4A, 0x6E, 0x8A, 0xA0, 0xAE, 0xB7, 0xB1, 0x91, 0x79, 0x61, 0x4D, 0x41, 0x3C, 0x63, 
  0x80, 0x99, 0xAA, 0xB6, 0xB9, 0x9B, 0x7C, 0x68, 0x54, 0x43, 0x37, 0x56, 0x7A, 0x91, 0xA6, 0xB3, 
  0xBA, 0xA6, 0x87, 0x71, 0x5B, 0x49, 0x3A, 0x4A, 0x6F, 0x8A, 0xA1, 0xAF, 0xB8, 0xB2, 0x92, 0x7A, 
  0x62, 0x4E, 0x42, 0x3D, 0x63, 0x81, 0x9A, 0xAB, 0xB6, 0xBA, 0x9C, 0x7D, 0x69, 0x55, 0x44, 0x37, 
  0x56, 0x7B, 0x92, 0xA7, 0xB3, 0xBA, 0xA7, 0x88, 0x71, 0x5C, 0x49, 0x3B, 0x4A, 0x6F, 0x8B, 0xA1, 
  0xB0, 0xB8, 0xB3, 0x93, 0x7B, 0x63, 0x4F, 0x42, 0x3D, 0x64, 0x82, 0x9A, 0xAC, 0xB7, 0xBA, 0x9D, 
  0x7E, 0x6A, 0x56, 0x44, 0x38, 0x57, 0x7B, 0x92, 0xA7, 0xB4, 0xBB, 0xA7, 0x89, 0x72, 0x5D, 0x4A, 
  0x3C, 0x4A, 0x70, 0x8B, 0xA2, 0xB0, 0xB8, 0xB4, 0x93, 0x7C, 0x64, 0x50, 0x43, 0x3E, 0x64, 0x83, 
  0x9B, 0xAC, 0xB7, 0xBB, 0x9D, 0x7F, 0x6B, 0x56, 0x45, 0x39, 0x57, 0x7B, 0x92, 0xA7, 0xB4, 0xBB, 
  0xA8, 0x8A, 0x72, 0x5D, 0x4A, 0x3C, 0x4A, 0x70, 0x8B, 0xA2, 0xB0, 0xB9, 0xB4, 0x94, 0x7C, 0x64, 
  0x50, 0x43, 0x3E, 0x64, 0x83, 0x9B, 0xAC, 0xB8, 0xBB, 0x9E, 0x7F, 0x6B, 0x57, 0x45, 0x39, 0x57, 
  0x7B, 0x93, 0xA8, 0xB4, 0xBC, 0xA9, 0x8A, 0x73, 0x5D, 0x4B, 0x3D, 0x4A, 0x70, 0x8B, 0xA2, 0xB1, 
  0xB9, 0xB5, 0x95, 0x7D, 0x65, 0x50, 0x44, 0x3E, 0x64, 0x8F, 0xA8, 0xB9, 0xAA, 0x80, 0x5F, 0x48, 
  0x3F, 0x6D, 0x97, 0xB0, 0xBE, 0x9D, 0x79, 0x5C, 0x43, 0x4F, 0x81, 0xA2, 0xB3, 0xBB, 0x93, 0x6E, 
  0x51, 0x3B, 0x5B, 0x87, 0xA6, 0xB9, 0xAF, 0x83, 0x65, 0x4E, 0x3B, 0x6C, 0x96, 0xAF, 0xBC, 0xA6, 
  0x7D, 0x5D, 0x44, 0x48, 0x79, 0x9B, 0xB1, 0xBE, 0x96, 0x6F, 0x55, 0x40, 0x54, 0x85, 0xA5, 0xB8, 
  0xB4, 0x8D, 0x6B, 0x4F, 0x39, 0x67, 0x93, 0xAA, 0xB9, 0xAA, 0x7F, 0x5F, 0x46, 0x42, 0x6D, 0x98, 
  0xB0, 0xBE, 0x99, 0x76, 0x5B, 0x43, 0x51, 0x82, 0xA3, 0xB5, 0xBA, 0x93, 0x6D, 0x50, 0x3A, 0x60, 
  0x8A, 0xA7, 0xB9, 0xAD, 0x82, 0x63, 0x4C, 0x3C, 0x6C, 0x97, 0xAF, 0xBD, 0xA3, 0x7D, 0x5C, 0x44, 
  0x4B, 0x7E, 0x9E, 0xB1, 0xBD, 0x94, 0x6F, 0x52, 0x3E, 0x55, 0x86, 0xA5, 0xB8, 0xB2, 0x89, 0x6A, 
  0x4F, 0x39, 0x69, 0x95, 0xAC, 0xBA, 0xA9, 0x7E, 0x5E, 0x45, 0x44, 0x72, 0x99, 0xB1, 0xBE, 0x98, 
  0x73, 0x58, 0x42, 0x52, 0x84, 0xA4, 0xB6, 0xB8, 0x92, 0x6C, 0x50, 0x3A, 0x64, 0x8D, 0xA7, 0xB9, 
  0xAB, 0x81, 0x60, 0x4A, 0x3D, 0x6D, 0x97, 0xB0, 0xBE, 0x9F, 0x7B, 0x5C, 0x43, 0x4D, 0x80, 0xA0, 
  0xB3, 0xBC, 0x94, 0x6E, 0x51, 0x3C, 0x59, 0x87, 0xA6, 0xB8, 0xB0, 0x85, 0x67, 0x4E, 0x3A, 0x6B, 
  0x96, 0xAE, 0xBB, 0xA8, 0x7E, 0x5D, 0x45, 0x47, 0x76, 0x9A, 0xB1, 0xBE, 0x97, 0x70, 0x56, 0x41, 
  0x53, 0x85, 0xA5, 0xB7, 0xB5, 0x8F, 0x6C, 0x4F, 0x39, 0x66, 0x91, 0xA9, 0xB9, 0xAA, 0x80, 0x5F, 
  0x48, 0x40, 0x6D, 0x98, 0xB0, 0xBE, 0x9B, 0x78, 0x5C, 0x43, 0x50, 0x82, 0xA3, 0xB4, 0xBB, 0x93, 
  0x6D, 0x51, 0x3A, 0x5D, 0x88, 0xA6, 0xB9, 0xAE, 0x82, 0x64, 0x4D, 0x3B, 0x6C, 0x96, 0xAF, 0xBC, 
  0xA5, 0x7D, 0x5D, 0x44, 0x4A, 0x7B, 0x9C, 0xB1, 0xBD, 0x95, 0x6F, 0x54, 0x3F, 0x54, 0x86, 0xA5, 
  0xB8, 0xB3, 0x8B, 0x6B, 0x4F, 0x39, 0x68, 0x94, 0xAB, 0xBA, 0xA9, 0x7F, 0x5E, 0x46, 0x43, 0x6F, 
  0x99, 0xB0, 0xBE, 0x99, 0x75, 0x5A, 0x42, 0x51, 0x83, 0xA4, 0xB6, 0xB9, 0x92, 0x6D, 0x50, 0x3A, 
  0x62, 0x8B, 0xA7, 0xB9, 0xAC, 0x81, 0x61, 0x4B, 0x3C, 0x6C, 0x97, 0xB0, 0xBE, 0xA1, 0x7D, 0x5C, 
  0x44, 0x4C, 0x80, 0x9F, 0xB2, 0xBC, 0x94, 0x6F, 0x52, 0x3D, 0x57, 0x86, 0xA6, 0xB8, 0xB1, 0x87, 
  0x69, 0x4F, 0x3A, 0x6A, 0x95, 0xAD, 0xBB, 0xA8, 0x7E, 0x5E, 0x45, 0x45, 0x74, 0x99, 0xB1, 0xBE, 
  0x97, 0x71, 0x57, 0x42, 0x52, 0x84, 0xA4, 0xB7, 0xB7, 0x92, 0x6C, 0x50, 0x3A, 0x65, 0x8F, 0xA8, 
  0xB9, 0xAB, 0x80, 0x60, 0x49, 0x3E, 0x6D, 0x98, 0xB0, 0xBE, 0x9D, 0x7A, 0x5C, 0x43, 0x4E, 0x81, 
  0xA1, 0xB3, 0xBC, 0x93, 0x6E, 0x51, 0x3B, 0x5B, 0x87, 0xA6, 0xB9, 0xAF, 0x83, 0x66, 0x4E, 0x3B, 
  0x6C, 0x96, 0xAF, 0xBC, 0xA7, 0x7E, 0x5D, 0x45, 0x48, 0x79, 0x9B, 0xB1, 0xBE, 0x96, 0x70, 0x55, 
  0x40, 0x53, 0x85, 0xA5, 0xB8, 0xB4, 0x8E, 0x6B, 0x4F, 0x39, 0x67, 0x92, 0xAA, 0xB9, 0xAA, 0x7F, 
  0x5F, 0x47, 0x41, 0x6D, 0x98, 0xB0, 0xBE, 0x9A, 0x76, 0x5B, 0x43, 0x51, 0x82, 0xA3, 0xB5, 0xBA, 
  0x93, 0x6D, 0x51, 0x3A, 0x5F, 0x89, 0xA7, 0xB9, 0xAD, 0x82, 0x63, 0x4C, 0x3C, 0x6C, 0x97, 0xAF, 
  0xBD, 0xA3, 0x7D, 0x5D, 0x44, 0x4B, 0x7D, 0x9D, 0xB1, 0xBD, 0x94, 0x6F, 0x52, 0x3E, 0x55, 0x86, 
  0xA5, 0xB8, 0xB2, 0x8A, 0x6A, 0x4F, 0x39, 0x69, 0x95, 0xAC, 0xBA, 0xA9, 0x7E, 0x5E, 0x45, 0x44, 
  0x71, 0x99, 0xB1, 0xBE, 0x98, 0x73, 0x59, 0x42, 0x52, 0x84, 0xA4, 0xB6, 0xB8, 0x92, 0x6C, 0x50, 
  0x3A, 0x64, 0x8D, 0xA7, 0xB9, 0xAB, 0x81, 0x60, 0x4A, 0x3D, 0x6D, 0x97, 0xB0, 0xBE, 0xA0, 0x7B, 
  0x5C, 0x43, 0x4D, 0x80, 0xA0, 0xB2, 0xBC, 0x94, 0x6E, 0x52, 0x3C, 0x59, 0x86, 0xA6, 0xB8, 0xB0, 
  0x86, 0x67, 0x4E, 0x3A, 0x6B, 0x95, 0xAE, 0xBB, 0xA8, 0x7E, 0x5D, 0x45, 0x47, 0x76, 0x99, 0xB1, 
  0xBE, 0x97, 0x70, 0x56, 0x42, 0x53, 0x85, 0xA5, 0xB7, 0xB6, 0x90, 0x6C, 0x4F, 0x39, 0x66, 0x90, 
  0xA9, 0xB9, 0xAA, 0x80, 0x5F, 0x48, 0x40, 0x6D, 0x98, 0xB0, 0xBE, 0x9C, 0x78, 0x5C, 0x43, 0x4F, 
  0x82, 0xA2, 0xB4, 0xBB, 0x93, 0x6D, 0x51, 0x3B, 0x5D, 0x87, 0xA4, 0xB2, 0xA6, 0x82, 0x6D, 0x60, 
  0x59, 0x76, 0x89, 0x91, 0x92, 0x89, 0x78, 0x78
};
const unsigned int os15_len = 1336;

// os16 - STAB (1431 bytes)
PROGMEM const uint8_t os16[] = {
  0x8D, 0x99, 0x9A, 0x26, 0x2C, 0x2A, 0x2A, 0x29, 0x28, 0x9F, 0xAB, 0xAB, 0xAB, 0xAB, 0xAB, 0x26, 
  0x1E, 0x1E, 0x1D, 0x1C, 0x1B, 0x1A, 0x19, 0x17, 0x16, 0x15, 0x14, 0x12, 0x11, 0x10, 0x2A, 0xBE, 
  0xC2, 0xC1, 0xC0, 0xBF, 0xBE, 0xBD, 0xBC, 0xBB, 0xB9, 0xB8, 0xB7, 0xB6, 0xB6, 0xB5, 0xB4, 0xB3, 
  0xB2, 0x0C, 0x07, 0x0A, 0x0C, 0x0E, 0x10, 0x13, 0x15, 0x17, 0x19, 0x1C, 0x1E, 0x20, 0x22, 0x24, 
  0x26, 0x28, 0x29, 0xC5, 0xC7, 0xC5, 0xC4, 0xC3, 0xC2, 0xC1, 0xC0, 0xC0, 0xBF, 0xBE, 0xBD, 0xBC, 
  0xBB, 0xBB, 0xBA, 0xB9, 0xB8, 0xB2, 0x23, 0x26, 0x28, 0x29, 0x2B, 0x2D, 0x2E, 0x30, 0x31, 0x33, 
  0x34, 0x35, 0x37, 0x38, 0x39, 0x3B, 0x3C, 0x3E, 0xC8, 0xCB, 0xCA, 0xC9, 0xC8, 0xC7, 0xC6, 0xC5, 
  0xC4, 0xC3, 0xC3, 0xC2, 0xC1, 0xC0, 0xBF, 0xBF, 0xBE, 0xBD, 0x4F, 0x30, 0x34, 0x36, 0x37, 0x38, 
  0x39, 0x3B, 0x3C, 0x3D, 0x3E, 0x3F, 0x40, 0x41, 0x42, 0x43, 0x44, 0x45, 0x43, 0xD3, 0xCD, 0xCD, 
  0xCC, 0xCB, 0xCA, 0xC9, 0xC8, 0xC8, 0xC7, 0xC6, 0xC5, 0xC4, 0xC3, 0xC3, 0xC2, 0xC1, 0xC0, 0x34, 
  0x3C, 0x3B, 0x3C, 0x3D, 0x3E, 0x40, 0x41, 0x42, 0x43, 0x44, 0x45, 0x46, 0x47, 0x48, 0x49, 0x4A, 
  0x4A, 0x92, 0xCF, 0xD0, 0xCF, 0xCE, 0xCD, 0xCC, 0xCB, 0xCA, 0xC9, 0xC8, 0xC7, 0xC7, 0xC6, 0xC5, 
  0xC4, 0xC3, 0xC2, 0xC3, 0x3C, 0x3E, 0x3F, 0x40, 0x41, 0x42, 0x43, 0x44, 0x45, 0x46, 0x47, 0x47, 
  0x48, 0x49, 0x4A, 0x4B, 0x4C, 0x4D, 0xDA, 0xD0, 0xD0, 0xCF, 0xCE, 0xCD, 0xCC, 0xCB, 0xCA, 0xCA, 
  0xC9, 0xC8, 0xC7, 0xC6, 0xC5, 0xC4, 0xC3, 0xC3, 0xA6, 0x40, 0x3E, 0x40, 0x41, 0x42, 0x43, 0x44, 
  0x45, 0x46, 0x47, 0x48, 0x49, 0x4A, 0x4A, 0x4B, 0x4C, 0x4D, 0x4E, 0xD0, 0xD2, 0xD0, 0xCF, 0xCE, 
  0xCD, 0xCC, 0xCB, 0xCA, 0xC9, 0xC8, 0xC7, 0xC6, 0xC5, 0xC5, 0xC4, 0xC3, 0xC2, 0x31, 0x3E, 0x40, 
  0x41, 0x42, 0x43, 0x43, 0x44, 0x45, 0x46, 0x47, 0x48, 0x49, 0x4A, 0x4B, 0x4B, 0x4C, 0x4D, 0x52, 
  0xD0, 0xCF, 0xCF, 0xCE, 0xCD, 0xCC, 0xCB, 0xCA, 0xC9, 0xC8, 0xC7, 0xC6, 0xC5, 0xC4, 0xC3, 0xC3, 
  0xC2, 0xC1, 0x43, 0x3E, 0x40, 0x40, 0x41, 0x42, 0x43, 0x44, 0x45, 0x46, 0x47, 0x48, 0x48, 0x49, 
  0x4A, 0x4B, 0x4C, 0x4D, 0xC9, 0xD0, 0xCD, 0xCD, 0xCC, 0xCB, 0xCA, 0xC9, 0xC9, 0xC8, 0xC7, 0xC6, 
  0xC5, 0xC4, 0xC3, 0x37, 0x40, 0x41, 0x42, 0x43, 0x44, 0x45, 0x46, 0x47, 0x47, 0x48, 0x49, 0x67, 
  0xCB, 0xCC, 0xCA, 0xC9, 0xC8, 0xC7, 0xC7, 0xC6, 0xC5, 0xC4, 0xC3, 0xC2, 0x3F, 0x40, 0x41, 0x42, 
  0x43, 0x44, 0x44, 0x45, 0x46, 0x47, 0x48, 0x49, 0xD0, 0xCA, 0xCA, 0xC9, 0xC8, 0xC7, 0xC6, 0xC5, 
  0xC5, 0xC4, 0xC3, 0xC2, 0x70, 0x40, 0x40, 0x41, 0x41, 0x42, 0x43, 0x44, 0x45, 0x46, 0x47, 0x48, 
  0x44, 0xCC, 0xC9, 0xC9, 0xC8, 0xC7, 0xC6, 0xC5, 0xC4, 0xC4, 0xC3, 0xC2, 0xC1, 0x40, 0x3F, 0x3F, 
  0x40, 0x41, 0x42, 0x43, 0x44, 0x45, 0x45, 0x46, 0x47, 0xC8, 0xCC, 0xC9, 0xC8, 0xC7, 0xC6, 0xC5, 
  0xC4, 0xC3, 0xC3, 0xC2, 0xC1, 0xBE, 0x3D, 0x3E, 0x3F, 0x40, 0x41, 0x42, 0x43, 0x43, 0x44, 0x45, 
  0x46, 0x47, 0xC8, 0xCA, 0xC8, 0xC7, 0xC6, 0xC5, 0xC4, 0xC3, 0xC3, 0xC2, 0xC1, 0xC0, 0x32, 0x3D, 
  0x3D, 0x3F, 0x40, 0x41, 0x41, 0x42, 0x43, 0x44, 0x45, 0x46, 0x6A, 0xC8, 0xC9, 0xC7, 0xC6, 0xC5, 
  0xC4, 0xC3, 0xC3, 0xC2, 0xC1, 0xC0, 0xC0, 0x3B, 0x3C, 0x3E, 0x3F, 0x3F, 0x40, 0x41, 0x42, 0x43, 
  0x44, 0x45, 0x46, 0xCC, 0xC7, 0xC7, 0xC6, 0xC5, 0xC4, 0xC4, 0xC3, 0xC2, 0xC1, 0xC0, 0xBF, 0x63, 
  0x3C, 0x3D, 0x3D, 0x3E, 0x3F, 0x40, 0x41, 0x42, 0x43, 0x44, 0x44, 0x42, 0xC9, 0xC6, 0xC7, 0xC5, 
  0xC5, 0xC4, 0xC3, 0xC2, 0xC1, 0xC0, 0xBF, 0xBE, 0x3E, 0x3C, 0x3D, 0x3D, 0x3E, 0x3F, 0x40, 0x41, 
  0x42, 0x43, 0x44, 0x44, 0xCC, 0xC9, 0xC6, 0xC6, 0xC5, 0xC4, 0xC3, 0xC2, 0xC1, 0xC0, 0xBF, 0xBE, 
  0xBA, 0x3B, 0x3B, 0x3C, 0x3D, 0x3E, 0x3F, 0x40, 0x41, 0x42, 0x43, 0x44, 0x44, 0xC6, 0xC8, 0xC6, 
  0xC5, 0xC4, 0xC3, 0xC2, 0xC1, 0xC0, 0xC0, 0xBF, 0xBE, 0x2F, 0x3B, 0x3B, 0x3C, 0x3D, 0x3E, 0x3F, 
  0x40, 0x41, 0x42, 0x43, 0x44, 0x6F, 0xC6, 0xC7, 0xC5, 0xC4, 0xC3, 0xC3, 0xC2, 0xC1, 0xC0, 0xBF, 
  0xBE, 0xBE, 0x38, 0x3B, 0x3C, 0x3D, 0x3D, 0x3E, 0x3F, 0x40, 0x41, 0x42, 0x43, 0x44, 0xC8, 0xC5, 
  0xC6, 0xC5, 0xC4, 0xC3, 0xC2, 0xC1, 0xC0, 0xBF, 0xBE, 0xBE, 0x58, 0x3A, 0x3C, 0x3C, 0x3D, 0x3E, 
  0x3E, 0x3F, 0x40, 0x41, 0x42, 0x43, 0x41, 0xC8, 0xC5, 0xC5, 0xC4, 0xC3, 0xC2, 0xC1, 0xC1, 0xBF, 
  0x3E, 0x3C, 0x3D, 0x3E, 0x3F, 0x40, 0x41, 0x42, 0x43, 0xD3, 0xC7, 0xC5, 0xC4, 0xC3, 0xC2, 0xC1, 
  0xC1, 0xC0, 0x66, 0x39, 0x3D, 0x3E, 0x3F, 0x3F, 0x40, 0x41, 0x42, 0x4C, 0xC6, 0xC6, 0xC4, 0xC3, 
  0xC2, 0xC1, 0xC1, 0xC0, 0xC2, 0x37, 0x3D, 0x3D, 0x3E, 0x3F, 0x40, 0x41, 0x41, 0x42, 0xC3, 0xC6, 
  0xC4, 0xC3, 0xC2, 0xC2, 0xC1, 0xC0, 0xBF, 0x32, 0x3D, 0x3C, 0x3E, 0x3E, 0x3F, 0x40, 0x41, 0x42, 
  0xCF, 0xC6, 0xC4, 0xC4, 0xC3, 0xC2, 0xC1, 0xC0, 0xBF, 0x88, 0x3E, 0x3C, 0x3D, 0x3E, 0x3F, 0x40, 
  0x40, 0x41, 0x45, 0xC5, 0xC4, 0xC4, 0xC3, 0xC2, 0xC1, 0xC0, 0xBF, 0xBF, 0x3C, 0x3B, 0x3C, 0x3D, 
  0x3E, 0x3F, 0x40, 0x41, 0x42, 0xBE, 0xC5, 0xC4, 0xC3, 0xC2, 0xC1, 0xC0, 0xBF, 0xBE, 0x32, 0x3C, 
  0x3C, 0x3D, 0x3E, 0x3F, 0x3F, 0x40, 0x41, 0xA2, 0xC6, 0xC4, 0xC3, 0xC2, 0xC1, 0xC0, 0xC0, 0xBF, 
  0xAB, 0x3C, 0x3B, 0x3C, 0x3D, 0x3E, 0x3F, 0x40, 0x41, 0x40, 0xCA, 0xC4, 0xC4, 0xC3, 0xC2, 0xC1, 
  0xC0, 0xBF, 0xBD, 0x3D, 0x3A, 0x3C, 0x3D, 0x3E, 0x3F, 0x40, 0x40, 0x41, 0xCC, 0xC4, 0xC4, 0xC3, 
  0xC2, 0xC1, 0xC0, 0xBF, 0xBE, 0x36, 0x39, 0x3C, 0x3C, 0x3D, 0x3E, 0x3F, 0x40, 0x41, 0x7D, 0xC5, 
  0xC4, 0xC3, 0xC2, 0xC1, 0xC0, 0xBF, 0xBF, 0xC1, 0x3A, 0x3C, 0x3C, 0x3D, 0x3E, 0x3F, 0x40, 0x41, 
  0x40, 0xC6, 0xC4, 0xC3, 0xC2, 0xC2, 0xC1, 0xC0, 0xBF, 0xBE, 0x3D, 0x3B, 0x3C, 0x3D, 0x3D, 0x3E, 
  0x3F, 0x40, 0x41, 0xD2, 0xC3, 0xC4, 0xC3, 0xC2, 0xC1, 0xC0, 0xBF, 0xBE, 0x4E, 0x3A, 0x3C, 0x3C, 
  0x3D, 0x3E, 0x3F, 0x40, 0x41, 0x5E, 0xC1, 0xC4, 0xC3, 0xC2, 0xC1, 0xC0, 0xBF, 0xBF, 0xBF, 0x38, 
  0x3C, 0x3C, 0x3D, 0x3E, 0x3F, 0x3F, 0x40, 0x42, 0xC0, 0xC5, 0xC3, 0xC2, 0xC2, 0xC1, 0xC0, 0xBF, 
  0xBE, 0x3A, 0x3B, 0x3B, 0x3C, 0x3D, 0x3E, 0x3F, 0x40, 0x41, 0xC6, 0xC6, 0xC4, 0xC3, 0xC2, 0xC1, 
  0xC0, 0xBF, 0xBE, 0x7E, 0x3A, 0x3A, 0x3C, 0x3D, 0x3E, 0x3F, 0x40, 0x41, 0x46, 0xC6, 0xC4, 0xC3, 
  0xC2, 0xC1, 0xC0, 0xBF, 0xBF, 0xBF, 0x36, 0x3B, 0x3C, 0x3D, 0x3E, 0x3E, 0x3F, 0x40, 0x41, 0xC3, 
  0xC5, 0xC3, 0xC3, 0xC2, 0xC1, 0xC0, 0x38, 0x3D, 0x3D, 0x3E, 0x3F, 0x40, 0xD3, 0xC3, 0xC3, 0xC2, 
  0xC1, 0xC0, 0x2D, 0x3D, 0x3D, 0x3E, 0x3F, 0x40, 0xC6, 0xC4, 0xC2, 0xC2, 0xC1, 0xC0, 0x4F, 0x3A, 
  0x3D, 0x3E, 0x3F, 0x40, 0x98, 0xC6, 0xC3, 0xC2, 0xC1, 0xC0, 0x83, 0x3E, 0x3D, 0x3E, 0x3F, 0x3F, 
  0x63, 0xC0, 0xC3, 0xC2, 0xC1, 0xC0, 0xB1, 0x3D, 0x3C, 0x3E, 0x3E, 0x3F, 0x41, 0xC6, 0xC3, 0xC2, 
  0xC1, 0xC0, 0xC3, 0x39, 0x3D, 0x3D, 0x3E, 0x3F, 0x3D, 0xC5, 0xC2, 0xC2, 0xC1, 0xC0, 0xBF, 0x3C, 
  0x3C, 0x3D, 0x3E, 0x3F, 0x40, 0xC2, 0xC4, 0xC2, 0xC1, 0xC0, 0xBF, 0x3E, 0x3C, 0x3D, 0x3E, 0x3F, 
  0x40, 0xC1, 0xC3, 0xC2, 0xC1, 0xC0, 0xBF, 0x3A, 0x3D, 0x3D, 0x3E, 0x3F, 0x40, 0xCD, 0xC3, 0xC3, 
  0xC1, 0xC1, 0xC0, 0x29, 0x3C, 0x3D, 0x3E, 0x3F, 0x40, 0xD2, 0xC4, 0xC2, 0xC2, 0xC1, 0xC0, 0x48, 
  0x3B, 0x3E, 0x3E, 0x3F, 0x3F, 0x96, 0xC4, 0xC3, 0xC2, 0xC1, 0xC0, 0x87, 0x3B, 0x3C, 0x3E, 0x3E, 
  0x3F, 0x61, 0xC1, 0xC3, 0xC2, 0xC1, 0xC0, 0xAF, 0x3F, 0x3D, 0x3E, 0x3E, 0x3F, 0x45, 0xC4, 0xC3, 
  0xC2, 0xC1, 0xC0, 0xC0, 0x36, 0x3D, 0x3D, 0x3E, 0x3F, 0x3D, 0xC8, 0xC2, 0xC2, 0xC1, 0xC0, 0xC0, 
  0x3C, 0x3C, 0x3D, 0x3E, 0x3F, 0x40, 0xBF, 0xC4, 0xC2, 0xC1, 0xC0, 0xBF, 0x40, 0x3B, 0x3D, 0x3E, 
  0x3F, 0x40, 0xC3, 0xC3, 0xC2, 0xC1, 0xC0, 0xBF, 0x37, 0x3D, 0x3D, 0x3E, 0x3F, 0x40, 0xCB, 0xC1, 
  0xC2, 0xC1, 0xC0, 0xC0, 0x34, 0x3C, 0x3D, 0x3E, 0x3F, 0x40, 0xC7, 0xC5, 0xC2, 0xC2, 0xC1, 0xC0, 
  0x47, 0x3A, 0x3D, 0x3E, 0x3F, 0x3F, 0x9C, 0xC3, 0xC2, 0xC2, 0xC1, 0xC0, 0x86, 0x3D, 0x3C, 0x3E, 
  0x3E, 0x3F, 0x5A, 0xC3, 0xC4, 0xC2, 0xC1, 0xC0, 0xB6, 0x3C, 0x3C, 0x3D, 0x3E, 0x3F, 0x42, 0xC3, 
  0xC2, 0xC2, 0xC1, 0xC0, 0xBF, 0x39, 0x3D, 0x3D, 0x3E, 0x3F, 0x3F, 0xC8, 0xC3, 0xC2, 0xC1, 0xC0, 
  0xC0, 0x39, 0x3C, 0x3D, 0x3E, 0x3F, 0x3F, 0xBF, 0xC3, 0xC2, 0xC1, 0xC0, 0xBF, 0x44, 0x3C, 0x3D, 
  0x3E, 0x3F, 0x40, 0xC0, 0xC3, 0xC2, 0xC1, 0xC0, 0xBF, 0x36, 0x3C, 0x3C, 0x3E, 0x3F, 0x40, 0xD1, 
  0xC2, 0xC2, 0xC1, 0xC0, 0xC0, 0x31, 0x3D, 0x3D, 0x3E, 0x3F, 0x40, 0xC3, 0xC4, 0xC2, 0xC2, 0xC1, 
  0xC0, 0x4E, 0x38, 0x3D, 0x3D, 0x3F, 0x3F, 0x9A, 0xC5, 0xC2, 0xC2, 0xC1, 0xC0, 0x81, 0x3E, 0x3D, 
  0x3E, 0x3E, 0x3F, 0x62, 0xC1, 0xC3, 0xC1, 0xB8, 0xB8, 0xAC, 0x3C, 0x3C, 0x3E, 0x3F, 0x40, 0x3F, 
  0xBD, 0xBA, 0xBA, 0xB9, 0xB8, 0xBC, 0x3B, 0x3F, 0x3E, 0x3F, 0x40, 0x3F, 0xBE, 0xBB, 0xBB, 0xBA, 
  0xB9, 0xB9, 0x3C, 0x3D, 0x3F, 0x40, 0x40, 0x41, 0xBC, 0xBD, 0xBB, 0xBB, 0xBA, 0xB9, 0x41, 0x3E, 
  0x3F, 0x40, 0x41, 0x42, 0xB9, 0xBD, 0xBC, 0xBB, 0xBB, 0xBA, 0x3D, 0x3F, 0x3F, 0x40, 0x41, 0x42, 
  0xCB, 0xBD, 0xBD, 0xBC, 0xBB, 0xBA, 0x2C, 0x3F, 0x40, 0x40, 0x41, 0x42, 0xC6, 0xBE, 0xBD, 0xBC, 
  0xBC, 0xBB, 0x4F, 0x3E, 0x40, 0x41, 0x42, 0x42, 0x94, 0xC0, 0xBE, 0xBD, 0xBC, 0xBB, 0x83, 0x3F, 
  0x40, 0x41, 0x42, 0x43, 0x64, 0xBB, 0xBE, 0xBD, 0xBD, 0xBC, 0xAC, 0x42, 0x40, 0x41, 0x42, 0x43, 
  0x47, 0xC1, 0xBF, 0xBC, 0xB8, 0xB5, 0xB3, 0x4A, 0x51, 0x55, 0x58, 0x5C, 0x5E, 0xA0, 0x9B, 0x98, 
  0x95, 0x91, 0x8E, 0x8B, 0x88, 0x85, 0x82
};
const unsigned int os16_len = 1431;

// os17 - HIT1 (3169 bytes)
PROGMEM const uint8_t os17[] = {
  0x80, 0x82, 0x85, 0x96, 0x8B, 0x68, 0x4E, 0x58, 0x41, 0x37, 0x2D, 0x26, 0x21, 0x37, 0xBA, 0xB2, 
  0xAD, 0xA3, 0x9F, 0x8C, 0x6C, 0x5B, 0x53, 0x4D, 0x49, 0x3C, 0x35, 0x2E, 0x23, 0x20, 0x32, 0x70, 
  0xA3, 0x8F, 0x87, 0x7E, 0x61, 0x5A, 0x59, 0x63, 0x7F, 0x80, 0x85, 0x89, 0x82, 0x77, 0x63, 0x59, 
  0x7F, 0x85, 0x73, 0x60, 0x57, 0x53, 0x45, 0x43, 0x49, 0x62, 0x54, 0x48, 0x3A, 0x31, 0x29, 0x2E, 
  0x43, 0x8B, 0xA5, 0xCC, 0xE9, 0xDC, 0xCB, 0xB7, 0xA9, 0x98, 0x86, 0x76, 0x6C, 0x78, 0x91, 0x82, 
  0x86, 0x74, 0x5B, 0x4D, 0x4C, 0x59, 0x93, 0x80, 0x75, 0x66, 0x50, 0x41, 0x36, 0x3D, 0x49, 0x3A, 
  0x4A, 0x88, 0xAA, 0xA1, 0x9E, 0x9F, 0x89, 0x78, 0x6F, 0x5C, 0x4F, 0x45, 0x43, 0x5B, 0x80, 0x76, 
  0x65, 0x50, 0x46, 0x43, 0x4C, 0x5B, 0x4C, 0x39, 0x30, 0x39, 0x2C, 0x22, 0x2D, 0x74, 0xA0, 0xC2, 
  0xBB, 0xAC, 0x9E, 0xA1, 0x95, 0x8A, 0x78, 0x73, 0x6B, 0x77, 0x81, 0x82, 0x6C, 0x69, 0x89, 0x79, 
  0x71, 0x5E, 0x75, 0x61, 0x55, 0x44, 0x40, 0x3C, 0x5C, 0x76, 0x61, 0x55, 0x65, 0xB3, 0x97, 0x8F, 
  0xA4, 0x90, 0x9B, 0xB6, 0xA9, 0x9D, 0x88, 0x7E, 0x7D, 0x6E, 0x64, 0x69, 0x51, 0x43, 0x31, 0x2D, 
  0x26, 0x26, 0x31, 0x29, 0x57, 0x79, 0x62, 0x5A, 0x45, 0x3D, 0x35, 0x39, 0x62, 0x71, 0x54, 0x4F, 
  0x4C, 0x3F, 0x65, 0xA3, 0x94, 0x79, 0x6F, 0x59, 0x4D, 0x67, 0x5F, 0x58, 0x57, 0x8B, 0x65, 0x63, 
  0x52, 0x5B, 0x9F, 0x97, 0x8A, 0x7E, 0x76, 0x83, 0x87, 0x76, 0x61, 0x59, 0x5C, 0x4B, 0x50, 0x72, 
  0x96, 0x97, 0x9D, 0x8F, 0x89, 0x78, 0x89, 0x9B, 0x89, 0x73, 0x66, 0x98, 0x90, 0x83, 0x71, 0x57, 
  0x4F, 0x8F, 0x51, 0x4E, 0x42, 0x3A, 0x3B, 0x44, 0x9B, 0x74, 0x64, 0x7D, 0x6B, 0x50, 0x4A, 0x49, 
  0x3D, 0x32, 0x48, 0x4A, 0x3A, 0x32, 0x43, 0x5B, 0x42, 0x47, 0x3D, 0x5F, 0xAD, 0x9F, 0x9E, 0x91, 
  0x73, 0x63, 0x5A, 0x4F, 0x3F, 0x57, 0x81, 0x81, 0x85, 0x7D, 0xB2, 0x9A, 0x8E, 0x7F, 0x70, 0x6A, 
  0x59, 0x68, 0x52, 0x42, 0x59, 0x78, 0x6A, 0x67, 0x4A, 0x3A, 0x2C, 0x1C, 0x11, 0x07, 0x28, 0x8C, 
  0xBD, 0xB6, 0xB0, 0x98, 0x96, 0x7C, 0x73, 0x6C, 0x73, 0x75, 0x9E, 0x89, 0x7D, 0x69, 0x54, 0x4F, 
  0x3F, 0x3B, 0x36, 0x62, 0x67, 0x77, 0x66, 0x57, 0x41, 0x48, 0x90, 0x5B, 0x5F, 0x4F, 0x45, 0x3E, 
  0x37, 0x2E, 0x1D, 0x32, 0x6D, 0x7A, 0x5D, 0x33, 0x77, 0xA5, 0x98, 0x88, 0x9C, 0xA4, 0x98, 0xA1, 
  0x91, 0xA2, 0x94, 0x81, 0x73, 0x63, 0x6A, 0x71, 0x93, 0x6E, 0x6E, 0x5C, 0x4A, 0x4E, 0x88, 0x86, 
  0x6D, 0xA6, 0x80, 0x6A, 0x8E, 0x6E, 0x79, 0x96, 0x86, 0x78, 0x69, 0x62, 0xA7, 0x96, 0x9B, 0x8F, 
  0xBF, 0xAD, 0xB2, 0x90, 0x8D, 0x82, 0x7B, 0x67, 0x80, 0x46, 0xAE, 0x81, 0x8E, 0x76, 0x82, 0x6D, 
  0x57, 0x5F, 0x3D, 0x3D, 0x34, 0x38, 0x6F, 0x6A, 0x55, 0x45, 0x3E, 0x8D, 0xA7, 0x96, 0x72, 0x6A, 
  0x58, 0x44, 0x39, 0x65, 0x5F, 0x56, 0x58, 0x71, 0x99, 0x9F, 0x98, 0x89, 0x89, 0x80, 0x6F, 0x6F, 
  0x60, 0x61, 0x46, 0x6E, 0x61, 0x58, 0x40, 0x4B, 0x45, 0x9F, 0xB2, 0xA1, 0x99, 0x82, 0x75, 0x71, 
  0x72, 0x6B, 0x68, 0x5A, 0x69, 0x5F, 0x7E, 0x99, 0xA4, 0x94, 0x84, 0x7F, 0x75, 0x5E, 0x5A, 0x53, 
  0x55, 0x99, 0x76, 0x64, 0x69, 0x96, 0x8A, 0x74, 0x5A, 0x4E, 0x55, 0x4A, 0x45, 0x31, 0x29, 0x38, 
  0x2F, 0x47, 0x59, 0x47, 0x43, 0x2E, 0x36, 0x62, 0x93, 0x9E, 0x87, 0x98, 0x87, 0x7E, 0x7D, 0x71, 
  0x64, 0x62, 0x4B, 0x50, 0x60, 0xAE, 0x9D, 0x90, 0x84, 0x71, 0x75, 0x71, 0x69, 0x59, 0x68, 0x89, 
  0x5A, 0x60, 0x49, 0x2D, 0x20, 0x1C, 0x15, 0x34, 0x27, 0x15, 0x2C, 0x4D, 0x9E, 0xA4, 0x94, 0x86, 
  0x77, 0x63, 0x7E, 0x8F, 0x86, 0x9F, 0x8A, 0x80, 0x78, 0x84, 0x73, 0x63, 0x54, 0x47, 0x42, 0x55, 
  0x4B, 0x3E, 0x35, 0x2B, 0x3A, 0x83, 0x70, 0x68, 0x52, 0x44, 0x36, 0x2B, 0x53, 0x52, 0x45, 0x4D, 
  0x53, 0x4F, 0x43, 0xA5, 0xA5, 0x9A, 0xB8, 0xA2, 0x97, 0x89, 0x81, 0x7A, 0x6B, 0x5F, 0x4D, 0x3E, 
  0x2D, 0x26, 0x25, 0x1F, 0x51, 0x52, 0x62, 0x57, 0x34, 0x2D, 0x18, 0x17, 0x57, 0x86, 0x97, 0x93, 
  0x85, 0x73, 0x73, 0x76, 0x84, 0x75, 0x62, 0x65, 0x85, 0x8E, 0x7C, 0x6C, 0x6F, 0xA7, 0xB0, 0x9E, 
  0x95, 0x8B, 0x76, 0x6D, 0x64, 0x57, 0x4B, 0x3C, 0x3D, 0x4D, 0x56, 0x50, 0x47, 0x35, 0x27, 0x2D, 
  0x3D, 0x69, 0x87, 0x93, 0x9F, 0x99, 0x87, 0x96, 0x84, 0x72, 0x5C, 0x59, 0x58, 0x5F, 0x5D, 0x85, 
  0x76, 0x65, 0x70, 0x67, 0x7B, 0xB3, 0xAC, 0x95, 0x81, 0x72, 0x77, 0x7F, 0x6C, 0x70, 0x85, 0x79, 
  0x6C, 0x53, 0x57, 0x62, 0x55, 0x4B, 0x41, 0x55, 0x57, 0x4B, 0x43, 0x46, 0x54, 0x75, 0xAB, 0x96, 
  0x86, 0x79, 0x6A, 0x61, 0x56, 0x75, 0x71, 0x6E, 0x63, 0x51, 0x61, 0xA0, 0xC5, 0xBD, 0xC2, 0xAC, 
  0xA7, 0xA0, 0x9B, 0x8F, 0x80, 0x74, 0x5D, 0x4E, 0x3B, 0x2E, 0x20, 0x15, 0x17, 0x22, 0x3E, 0x46, 
  0x3D, 0x41, 0x73, 0x97, 0x7F, 0x71, 0x64, 0x6A, 0xAF, 0xB3, 0xA3, 0x86, 0x79, 0x7C, 0x8C, 0x88, 
  0x78, 0x6A, 0x74, 0x89, 0x7A, 0x6A, 0x5B, 0x64, 0x75, 0x9D, 0x90, 0x79, 0x71, 0x60, 0x55, 0x53, 
  0x67, 0x46, 0x44, 0x2E, 0x34, 0x4E, 0x37, 0x2B, 0x22, 0x2F, 0x8E, 0xCB, 0xDA, 0xCE, 0xBC, 0xB0, 
  0x9C, 0x8A, 0x71, 0x6D, 0x63, 0x4C, 0x3F, 0x3E, 0x39, 0x46, 0x32, 0x33, 0x58, 0x46, 0x3B, 0x6C, 
  0x8D, 0x7D, 0x70, 0x63, 0x5B, 0x55, 0x62, 0x58, 0x43, 0x37, 0x46, 0x61, 0x58, 0x95, 0xA5, 0x93, 
  0x8A, 0x83, 0x84, 0x94, 0x83, 0xA2, 0x9D, 0x8E, 0x7B, 0x6F, 0x59, 0x47, 0x4C, 0x4D, 0x48, 0x36, 
  0x2B, 0x1F, 0x24, 0x3B, 0x41, 0x1D, 0x15, 0x3B, 0x89, 0xAF, 0xAA, 0x8F, 0x7C, 0x68, 0x8B, 0x8F, 
  0x6B, 0x64, 0x55, 0x3E, 0x42, 0x61, 0x7B, 0x74, 0x70, 0x5D, 0x67, 0x77, 0x68, 0x76, 0x92, 0x85, 
  0x72, 0x65, 0x5C, 0x62, 0x5A, 0x49, 0x3B, 0x3C, 0x52, 0x42, 0x3D, 0x5E, 0x55, 0x59, 0x8D, 0x89, 
  0x96, 0x81, 0x76, 0x69, 0x67, 0x8A, 0x79, 0x6A, 0x4E, 0x4C, 0x6E, 0x5A, 0x61, 0x72, 0x5E, 0x54, 
  0x5F, 0x5D, 0x69, 0x54, 0x65, 0x96, 0xA3, 0x99, 0x85, 0x87, 0x88, 0x8D, 0x75, 0x66, 0x5B, 0x57, 
  0x43, 0x55, 0x51, 0x42, 0x2E, 0x35, 0x78, 0xA4, 0x9B, 0xA4, 0x97, 0x8C, 0x8B, 0x7D, 0x96, 0x83, 
  0x76, 0x70, 0x62, 0x6F, 0x83, 0x8D, 0x90, 0x82, 0x75, 0x5F, 0x60, 0x86, 0x7E, 0x6C, 0x73, 0x6D, 
  0x6A, 0x59, 0x4B, 0x41, 0x5D, 0x58, 0x40, 0x39, 0x4E, 0x49, 0x47, 0x3E, 0x6B, 0x8E, 0xA0, 0xB7, 
  0xBD, 0xC2, 0xCA, 0xBD, 0xA5, 0x98, 0x89, 0x85, 0x9F, 0x8E, 0x7D, 0x6F, 0x65, 0x5C, 0x69, 0x6D, 
  0x5E, 0x5B, 0x6C, 0x5D, 0x4B, 0x51, 0x54, 0x65, 0x4C, 0x40, 0x3F, 0x5F, 0x58, 0x53, 0x52, 0x47, 
  0x3B, 0x30, 0x2E, 0x3C, 0x5C, 0x9F, 0xC6, 0xC1, 0xC3, 0xBC, 0xB1, 0xA3, 0x97, 0x89, 0xA1, 0x94, 
  0x83, 0x73, 0x63, 0x5A, 0x52, 0x6A, 0x62, 0x5D, 0x69, 0x68, 0x5F, 0x63, 0x7B, 0x6C, 0x5E, 0x50, 
  0x71, 0x6D, 0x61, 0x65, 0x6B, 0x61, 0x5C, 0x64, 0x83, 0x97, 0x96, 0x87, 0x7A, 0x70, 0x89, 0x87, 
  0x7B, 0x84, 0x8C, 0x7C, 0x80, 0x7A, 0x6D, 0x65, 0x62, 0x5A, 0x4D, 0x5B, 0x5F, 0x52, 0x40, 0x3E, 
  0x5A, 0x93, 0x84, 0x7E, 0x84, 0x97, 0x92, 0x93, 0x87, 0x7A, 0x68, 0x61, 0x55, 0x48, 0x3F, 0x4A, 
  0x49, 0x49, 0x3E, 0x6A, 0x90, 0xC1, 0xC0, 0xB1, 0xA3, 0x91, 0x81, 0x72, 0x73, 0x77, 0x78, 0x72, 
  0x79, 0x8A, 0x7D, 0x71, 0x88, 0x86, 0x81, 0x7E, 0x84, 0x79, 0x62, 0x55, 0x49, 0x50, 0x60, 0x59, 
  0x60, 0x72, 0x62, 0x57, 0x44, 0x48, 0x5E, 0x61, 0x51, 0x50, 0x57, 0x49, 0x3E, 0x45, 0x73, 0xB0, 
  0xC8, 0xBE, 0xB6, 0xA8, 0x9E, 0x97, 0x93, 0x7F, 0x7B, 0x5E, 0x5A, 0x5E, 0x5F, 0x5E, 0x57, 0x49, 
  0x5C, 0x66, 0x6E, 0x8A, 0x99, 0x9A, 0x8B, 0x81, 0x79, 0x69, 0x6F, 0x7D, 0x70, 0x6C, 0x83, 0x86, 
  0x96, 0xB2, 0xA6, 0xA3, 0x9D, 0x8A, 0x77, 0x69, 0x60, 0x51, 0x53, 0x67, 0x5D, 0x4E, 0x44, 0x4B, 
  0x58, 0x54, 0x54, 0x64, 0x66, 0x6D, 0x61, 0x59, 0x4D, 0x4A, 0x64, 0x9B, 0xBF, 0xC4, 0xBD, 0xB6, 
  0xA2, 0x95, 0x89, 0x89, 0x7F, 0x6D, 0x5F, 0x63, 0x5A, 0x4E, 0x57, 0x59, 0x4B, 0x48, 0x62, 0x7D, 
  0xA7, 0xA7, 0x9D, 0x89, 0x7C, 0x77, 0x6F, 0x60, 0x69, 0x72, 0x71, 0x5E, 0x65, 0x7F, 0x98, 0x93, 
  0x93, 0x8F, 0x89, 0x7E, 0x71, 0x69, 0x66, 0x6D, 0x68, 0x59, 0x59, 0x4A, 0x45, 0x51, 0x67, 0x74, 
  0x68, 0x63, 0x5B, 0x4E, 0x4B, 0x45, 0x38, 0x4A, 0x68, 0xA0, 0xD4, 0xC9, 0xBD, 0xAD, 0xA3, 0x96, 
  0x90, 0x89, 0x84, 0x81, 0x79, 0x6E, 0x73, 0x71, 0x66, 0x5F, 0x6C, 0x73, 0x88, 0x97, 0x8E, 0x88, 
  0x81, 0x7A, 0x6D, 0x6E, 0x79, 0x69, 0x60, 0x58, 0x4A, 0x41, 0x3E, 0x48, 0x58, 0x7C, 0x95, 0x90, 
  0x84, 0x7C, 0x75, 0x67, 0x5A, 0x5D, 0x56, 0x4E, 0x40, 0x37, 0x3A, 0x50, 0x70, 0x8B, 0x8C, 0x86, 
  0x7C, 0x71, 0x8A, 0xA6, 0xA1, 0xAA, 0xB9, 0xD4, 0xC1, 0xAF, 0x9C, 0x91, 0x81, 0x70, 0x62, 0x64, 
  0x57, 0x50, 0x5B, 0x53, 0x51, 0x56, 0x61, 0x5F, 0x6C, 0x85, 0xA5, 0xA1, 0x9A, 0x92, 0x8F, 0x87, 
  0x89, 0x80, 0x87, 0x78, 0x6B, 0x66, 0x6A, 0x6C, 0x84, 0xA1, 0x91, 0x95, 0x91, 0x80, 0x7A, 0x74, 
  0x6B, 0x64, 0x55, 0x47, 0x3B, 0x33, 0x2C, 0x27, 0x1F, 0x18, 0x21, 0x44, 0x5C, 0x5A, 0x5D, 0x63, 
  0x7D, 0x85, 0x8E, 0xAD, 0xCF, 0xCA, 0xC1, 0xBA, 0xB5, 0xB0, 0xA5, 0xA1, 0x9B, 0x97, 0x94, 0x8C, 
  0x86, 0x76, 0x71, 0x6C, 0x6E, 0x78, 0x84, 0x8F, 0x92, 0x92, 0x95, 0x87, 0x85, 0x82, 0x80, 0x71, 
  0x6A, 0x60, 0x52, 0x49, 0x41, 0x45, 0x55, 0x6A, 0x81, 0x85, 0x83, 0x7A, 0x6E, 0x6C, 0x62, 0x5D, 
  0x51, 0x47, 0x3A, 0x3B, 0x39, 0x3B, 0x4E, 0x7D, 0x99, 0x91, 0x86, 0x82, 0x7A, 0x70, 0x75, 0x7B, 
  0x87, 0xA5, 0xC0, 0xCA, 0xBE, 0xAE, 0x9C, 0x8F, 0x86, 0x75, 0x6B, 0x60, 0x60, 0x6B, 0x6B, 0x68, 
  0x68, 0x6C, 0x71, 0x76, 0x8D, 0x9B, 0xAB, 0xA1, 0x9E, 0x9E, 0x9B, 0x96, 0x85, 0x76, 0x6E, 0x6D, 
  0x67, 0x62, 0x63, 0x5F, 0x75, 0x85, 0x8F, 0x85, 0x7D, 0x75, 0x6D, 0x67, 0x5E, 0x57, 0x4B, 0x41, 
  0x36, 0x36, 0x3D, 0x45, 0x5E, 0x6F, 0x70, 0x78, 0x76, 0x73, 0x73, 0x7C, 0x76, 0x81, 0xAB, 0xC4, 
  0xC4, 0xB9, 0xAF, 0xAF, 0xAD, 0xA1, 0x99, 0x97, 0x95, 0x94, 0x88, 0x80, 0x73, 0x68, 0x63, 0x69, 
  0x6F, 0x76, 0x87, 0x8C, 0x93, 0x91, 0x8F, 0x86, 0x86, 0x77, 0x71, 0x5F, 0x5F, 0x4B, 0x46, 0x4E, 
  0x5A, 0x67, 0x6F, 0x6F, 0x74, 0x80, 0x81, 0x73, 0x76, 0x6F, 0x65, 0x64, 0x5B, 0x5A, 0x59, 0x59, 
  0x6B, 0x82, 0x96, 0xA2, 0x99, 0x92, 0x97, 0x90, 0x8A, 0x82, 0x7F, 0x86, 0x98, 0xA6, 0xA6, 0xA0, 
  0x93, 0x98, 0x99, 0x8F, 0x81, 0x76, 0x71, 0x65, 0x5F, 0x60, 0x5A, 0x5B, 0x60, 0x6F, 0x85, 0x99, 
  0x9A, 0x9F, 0xA1, 0xA3, 0xA5, 0x97, 0x97, 0x8B, 0x7C, 0x70, 0x6F, 0x74, 0x69, 0x5E, 0x70, 0x78, 
  0x81, 0x80, 0x7C, 0x76, 0x6E, 0x67, 0x5D, 0x51, 0x4F, 0x41, 0x39, 0x3A, 0x3A, 0x3F, 0x47, 0x5A, 
  0x6D, 0x84, 0x8A, 0x8C, 0x85, 0x8D, 0x85, 0x8D, 0xA6, 0xAF, 0xB9, 0xBB, 0xB0, 0xBB, 0xB9, 0xB9, 
  0xAE, 0xAA, 0xAA, 0x99, 0x94, 0x86, 0x7F, 0x7A, 0x75, 0x78, 0x6C, 0x66, 0x74, 0x82, 0x7E, 0x7E, 
  0x7D, 0x7A, 0x72, 0x75, 0x71, 0x6C, 0x67, 0x5C, 0x5A, 0x61, 0x61, 0x5E, 0x57, 0x57, 0x5A, 0x5D, 
  0x6A, 0x6A, 0x66, 0x6B, 0x69, 0x6A, 0x65, 0x5D, 0x5A, 0x5C, 0x54, 0x63, 0x7F, 0x94, 0x9E, 0x9E, 
  0x9B, 0x99, 0x98, 0x90, 0x8D, 0x88, 0x97, 0xA1, 0xAB, 0xA9, 0xA4, 0xAA, 0xA4, 0xA7, 0x9E, 0x95, 
  0x90, 0x85, 0x78, 0x72, 0x72, 0x74, 0x7C, 0x7B, 0x7F, 0x8E, 0x93, 0x90, 0x97, 0x92, 0x87, 0x88, 
  0x84, 0x7E, 0x7A, 0x6D, 0x6E, 0x63, 0x5F, 0x63, 0x56, 0x4F, 0x55, 0x5D, 0x64, 0x6A, 0x6F, 0x68, 
  0x67, 0x63, 0x63, 0x55, 0x53, 0x55, 0x56, 0x5C, 0x63, 0x73, 0x7B, 0x84, 0x94, 0x96, 0x8C, 0x8A, 
  0x8D, 0x8D, 0x97, 0x9C, 0x9C, 0x9D, 0x9E, 0x9F, 0xA2, 0x9F, 0xA3, 0xA2, 0x99, 0x90, 0x8B, 0x88, 
  0x83, 0x81, 0x82, 0x84, 0x84, 0x80, 0x80, 0x83, 0x8B, 0x8C, 0x95, 0x8E, 0x8F, 0x8A, 0x84, 0x77, 
  0x79, 0x74, 0x6A, 0x68, 0x66, 0x62, 0x5D, 0x57, 0x56, 0x55, 0x5E, 0x61, 0x68, 0x63, 0x5A, 0x5E, 
  0x58, 0x53, 0x53, 0x57, 0x5D, 0x63, 0x6A, 0x72, 0x83, 0x93, 0x9B, 0x9D, 0x9D, 0xA2, 0xA4, 0xA3, 
  0x9B, 0x98, 0x9B, 0x98, 0x99, 0x92, 0x8F, 0x93, 0x94, 0x99, 0x96, 0x99, 0x90, 0x8E, 0x86, 0x81, 
  0x80, 0x7E, 0x7E, 0x87, 0x85, 0x82, 0x8A, 0x86, 0x86, 0x81, 0x7F, 0x84, 0x7F, 0x7A, 0x79, 0x7C, 
  0x74, 0x6B, 0x6B, 0x65, 0x6D, 0x6C, 0x72, 0x76, 0x72, 0x70, 0x71, 0x70, 0x68, 0x64, 0x62, 0x63, 
  0x65, 0x5E, 0x5F, 0x5F, 0x64, 0x65, 0x6D, 0x7A, 0x83, 0x8C, 0x8C, 0x89, 0x86, 0x8B, 0x8D, 0x8B, 
  0x8F, 0x9C, 0x9C, 0x9D, 0xA5, 0xAB, 0xAB, 0xA8, 0xA5, 0xA6, 0xA3, 0x97, 0x96, 0x90, 0x91, 0x93, 
  0x91, 0x92, 0x8D, 0x87, 0x82, 0x85, 0x7A, 0x74, 0x71, 0x6B, 0x67, 0x63, 0x60, 0x59, 0x55, 0x56, 
  0x54, 0x4E, 0x48, 0x4E, 0x4E, 0x4E, 0x50, 0x5C, 0x60, 0x5C, 0x60, 0x69, 0x6F, 0x74, 0x7E, 0x91, 
  0x9B, 0xA2, 0xA4, 0xA8, 0xA8, 0xA1, 0xA0, 0x9E, 0x9B, 0x9D, 0x9E, 0x9A, 0x90, 0x89, 0x87, 0x80, 
  0x79, 0x7A, 0x79, 0x7D, 0x82, 0x82, 0x84, 0x81, 0x81, 0x85, 0x81, 0x76, 0x70, 0x76, 0x72, 0x7C, 
  0x80, 0x86, 0x8B, 0x8D, 0x89, 0x84, 0x7F, 0x79, 0x7C, 0x7C, 0x83, 0x7C, 0x7A, 0x76, 0x6E, 0x6D, 
  0x6D, 0x71, 0x6A, 0x6D, 0x69, 0x67, 0x64, 0x64, 0x64, 0x61, 0x5E, 0x61, 0x5C, 0x62, 0x66, 0x66, 
  0x6B, 0x6F, 0x76, 0x85, 0x93, 0x9E, 0xA3, 0xA2, 0xA1, 0x9D, 0x9D, 0x96, 0x96, 0x96, 0x96, 0x96, 
  0x97, 0x98, 0x97, 0x9C, 0x9B, 0x94, 0x94, 0x8E, 0x8C, 0x8C, 0x89, 0x85, 0x86, 0x82, 0x80, 0x77, 
  0x7A, 0x7A, 0x76, 0x6E, 0x6D, 0x70, 0x69, 0x64, 0x5F, 0x63, 0x63, 0x66, 0x65, 0x68, 0x68, 0x69, 
  0x66, 0x68, 0x6A, 0x68, 0x6F, 0x72, 0x74, 0x75, 0x7C, 0x7F, 0x81, 0x84, 0x8A, 0x8B, 0x8D, 0x90, 
  0x8E, 0x8C, 0x8C, 0x8E, 0x91, 0x8E, 0x8D, 0x8C, 0x8A, 0x86, 0x82, 0x83, 0x85, 0x8A, 0x8C, 0x94, 
  0x94, 0x99, 0x96, 0x91, 0x8C, 0x8F, 0x8E, 0x8C, 0x8D, 0x8D, 0x8D, 0x8A, 0x88, 0x84, 0x7B, 0x7C, 
  0x7A, 0x74, 0x70, 0x6F, 0x71, 0x75, 0x6F, 0x6F, 0x6C, 0x69, 0x6B, 0x68, 0x63, 0x62, 0x66, 0x61, 
  0x63, 0x63, 0x67, 0x63, 0x64, 0x6A, 0x72, 0x78, 0x77, 0x7D, 0x83, 0x89, 0x8E, 0x8F, 0x8D, 0x92, 
  0x93, 0x91, 0x92, 0x96, 0x97, 0x91, 0x88, 0x8C, 0x88, 0x85, 0x86, 0x87, 0x88, 0x8A, 0x8B, 0x8E, 
  0x91, 0x8C, 0x8A, 0x84, 0x89, 0x84, 0x85, 0x88, 0x84, 0x83, 0x7A, 0x7A, 0x7B, 0x72, 0x77, 0x76, 
  0x72, 0x72, 0x6E, 0x6D, 0x6F, 0x6D, 0x6E, 0x6F, 0x6D, 0x6A, 0x6A, 0x66, 0x66, 0x67, 0x6A, 0x6D, 
  0x6C, 0x6F, 0x73, 0x77, 0x81, 0x86, 0x8B, 0x92, 0x95, 0x94, 0x90, 0x8E, 0x8D, 0x8B, 0x8A, 0x8E, 
  0x8D, 0x8F, 0x8A, 0x8C, 0x89, 0x88, 0x8A, 0x83, 0x84, 0x89, 0x8C, 0x8B, 0x8D, 0x87, 0x82, 0x7F, 
  0x7D, 0x7E, 0x7F, 0x81, 0x83, 0x82, 0x85, 0x82, 0x84, 0x82, 0x7A, 0x79, 0x7A, 0x76, 0x76, 0x77, 
  0x7B, 0x77, 0x80, 0x80, 0x82, 0x86, 0x83, 0x7F, 0x77, 0x7A, 0x76, 0x73, 0x71, 0x6A, 0x69, 0x68, 
  0x6C, 0x73, 0x7A, 0x7B, 0x78, 0x7B, 0x7A, 0x7D, 0x80, 0x7C, 0x7D, 0x80, 0x81, 0x83, 0x87, 0x86, 
  0x8D, 0x8C, 0x8C, 0x8D, 0x8C, 0x90, 0x91, 0x93, 0x93, 0x95, 0x97, 0x96, 0x90, 0x90, 0x8C, 0x89, 
  0x8A, 0x8E, 0x8B, 0x8A, 0x89, 0x83, 0x7E, 0x75, 0x72, 0x6A, 0x66, 0x69, 0x65, 0x60, 0x63, 0x68, 
  0x68, 0x6A, 0x6D, 0x70, 0x74, 0x77, 0x79, 0x76, 0x74, 0x72, 0x76, 0x74, 0x79, 0x7D, 0x88, 0x8E, 
  0x97, 0x9B, 0x9A, 0x96, 0x91, 0x8D, 0x89, 0x82, 0x84, 0x83, 0x84, 0x85, 0x84, 0x84, 0x83, 0x7D, 
  0x7C, 0x79, 0x7D, 0x7F, 0x7B, 0x78, 0x7A, 0x7B, 0x78, 0x7D, 0x7E, 0x81, 0x82, 0x82, 0x84, 0x88, 
  0x88, 0x8A, 0x8C, 0x8F, 0x8B, 0x86, 0x81, 0x7E, 0x7C, 0x7D, 0x7B, 0x78, 0x77, 0x78, 0x7A, 0x76, 
  0x77, 0x72, 0x6F, 0x6F, 0x6C, 0x6C, 0x6A, 0x68, 0x67, 0x67, 0x6C, 0x73, 0x79, 0x7F, 0x83, 0x83, 
  0x85, 0x85, 0x84, 0x84, 0x84, 0x84, 0x83, 0x8C, 0x8D, 0x8C, 0x8E, 0x8F, 0x90, 0x93, 0x96, 0x92, 
  0x91, 0x8E, 0x8A, 0x87, 0x81, 0x82, 0x7F, 0x80, 0x7E, 0x7C, 0x7D, 0x7D, 0x79, 0x76, 0x76, 0x77, 
  0x76, 0x78, 0x77, 0x76, 0x73, 0x6D, 0x6B, 0x6D, 0x6C, 0x6F, 0x73, 0x7D, 0x7D, 0x80, 0x7D, 0x7F, 
  0x7C, 0x7F, 0x7D, 0x7C, 0x7C, 0x79, 0x79, 0x79, 0x7B, 0x81, 0x87, 0x87, 0x88, 0x88, 0x82, 0x80, 
  0x7D, 0x75, 0x73, 0x72, 0x70, 0x6D, 0x70, 0x73, 0x77, 0x7A, 0x7F, 0x84, 0x87, 0x88, 0x89, 0x8A, 
  0x88, 0x86, 0x86, 0x86, 0x8B, 0x8C, 0x90, 0x93, 0x94, 0x90, 0x8E, 0x8E, 0x8E, 0x88, 0x85, 0x84, 
  0x81, 0x7D, 0x77, 0x77, 0x75, 0x70, 0x71, 0x75, 0x78, 0x7B, 0x7D, 0x7C, 0x7A, 0x75, 0x74, 0x74, 
  0x70, 0x6D, 0x6E, 0x6C, 0x71, 0x77, 0x7B, 0x80, 0x82, 0x85, 0x86, 0x87, 0x84, 0x82, 0x7E, 0x79, 
  0x77, 0x79, 0x7D, 0x85, 0x88, 0x8A, 0x8B, 0x89, 0x8A, 0x89, 0x89, 0x86, 0x84, 0x87, 0x86, 0x82, 
  0x83, 0x83, 0x80, 0x7F, 0x81, 0x84, 0x84, 0x87, 0x88, 0x86, 0x86, 0x84, 0x80, 0x7E, 0x79, 0x78, 
  0x78, 0x78, 0x77, 0x78, 0x78, 0x79, 0x7A, 0x7B, 0x7F, 0x7F, 0x7E, 0x7D, 0x7E, 0x7C, 0x7B, 0x7A, 
  0x78, 0x76, 0x77, 0x79, 0x7F, 0x82, 0x83, 0x84, 0x83, 0x82, 0x7F, 0x7C, 0x7A, 0x78, 0x79, 0x7D, 
  0x82, 0x84, 0x86, 0x88, 0x8A, 0x8A, 0x8C, 0x88, 0x86, 0x85, 0x81, 0x7F, 0x7D, 0x77, 0x77, 0x7A, 
  0x7C, 0x7E, 0x7F, 0x80, 0x84, 0x85, 0x85, 0x85, 0x86, 0x86, 0x83, 0x80, 0x7C, 0x7B, 0x79, 0x78, 
  0x79, 0x7A, 0x7C, 0x7F, 0x80, 0x84, 0x84, 0x84, 0x83, 0x82, 0x81, 0x80, 0x7F, 0x80, 0x7F, 0x80, 
  0x80, 0x82, 0x82, 0x81, 0x83, 0x82, 0x80, 0x7B, 0x79, 0x77, 0x73, 0x73, 0x73, 0x75, 0x76, 0x7A, 
  0x7C, 0x80, 0x83, 0x83, 0x83, 0x82, 0x82, 0x80, 0x7F, 0x7E, 0x7D, 0x7E, 0x7E, 0x7F, 0x7F, 0x80, 
  0x82, 0x85, 0x86, 0x85, 0x86, 0x85, 0x86, 0x85, 0x82, 0x80, 0x7B, 0x79, 0x76, 0x74, 0x75, 0x76, 
  0x76, 0x76, 0x76, 0x75, 0x76, 0x76, 0x78, 0x79, 0x7A, 0x7C, 0x7D, 0x7D, 0x7E, 0x7F, 0x7E, 0x82, 
  0x84, 0x85, 0x86, 0x84, 0x82, 0x80, 0x7F, 0x7B, 0x79, 0x7A, 0x7E, 0x81, 0x85, 0x84, 0x87, 0x88, 
  0x8B, 0x8D, 0x8D, 0x8A, 0x87, 0x85, 0x82, 0x81, 0x7F, 0x81, 0x82, 0x81, 0x80, 0x7F, 0x80, 0x81, 
  0x82, 0x82, 0x80, 0x80, 0x80, 0x7F, 0x7E, 0x7B, 0x79, 0x77, 0x75, 0x76, 0x75, 0x76, 0x76, 0x78, 
  0x7A, 0x79, 0x78, 0x77, 0x76, 0x76, 0x77, 0x7A, 0x7B, 0x79, 0x7A, 0x7C, 0x7F, 0x82, 0x82, 0x82, 
  0x80, 0x7F, 0x7D, 0x7E, 0x7F, 0x7D, 0x7E, 0x80, 0x83, 0x86, 0x87, 0x85, 0x85, 0x84, 0x84, 0x86, 
  0x86, 0x83, 0x81, 0x7E, 0x7C, 0x7B, 0x7A, 0x78, 0x76, 0x77, 0x78, 0x7C, 0x81, 0x82, 0x82, 0x82, 
  0x82, 0x82, 0x81, 0x7D, 0x78, 0x76, 0x76, 0x76, 0x78, 0x78, 0x78, 0x7B, 0x7D, 0x80, 0x81, 0x80, 
  0x80, 0x7F, 0x7F, 0x7F, 0x7F, 0x81, 0x82, 0x82, 0x82, 0x82, 0x82, 0x82, 0x82, 0x80, 0x7F, 0x7E, 
  0x7D, 0x7B, 0x7B, 0x7B, 0x7B, 0x7D, 0x7D, 0x7F, 0x81, 0x83, 0x84, 0x85, 0x86, 0x84, 0x83, 0x82, 
  0x80, 0x7F, 0x7C, 0x7A, 0x79, 0x79, 0x79, 0x79, 0x7C, 0x7F, 0x82, 0x86, 0x88, 0x88, 0x88, 0x87, 
  0x85, 0x83, 0x82, 0x82, 0x82, 0x82, 0x82, 0x82, 0x80, 0x7E, 0x7D, 0x7D, 0x7D, 0x7D, 0x7D, 0x7D, 
  0x7D, 0x7D, 0x7C, 0x7B, 0x7B, 0x7D, 0x7F, 0x81, 0x81, 0x82, 0x82, 0x82, 0x80, 0x7E, 0x7C, 0x7B, 
  0x7B, 0x7B, 0x7D, 0x7D, 0x7D, 0x7D, 0x7D, 0x7D, 0x7E, 0x7F, 0x7F, 0x7F, 0x7E, 0x7C, 0x7C, 0x7C, 
  0x7C, 0x7C, 0x7C, 0x7C, 0x7C, 0x7D, 0x7F, 0x7F, 0x80, 0x82, 0x83, 0x83, 0x83, 0x81, 0x7F, 0x7D, 
  0x7C, 0x7C, 0x7C, 0x7C, 0x7C, 0x7D, 0x7E, 0x7E, 0x7E, 0x7E, 0x7E, 0x7E, 0x7E, 0x7E, 0x7E, 0x7E, 
  0x7E, 0x7E, 0x7E, 0x7F, 0x81, 0x81, 0x81, 0x80, 0x7E, 0x7E, 0x7E, 0x7D, 0x7C, 0x7B, 0x7A, 0x7A, 
  0x7A, 0x7A, 0x7A, 0x7A, 0x7B, 0x7D, 0x7E, 0x7E, 0x7E, 0x7E, 0x7E, 0x7E, 0x7E, 0x7E, 0x7E, 0x7E, 
  0x7E, 0x7E, 0x7E, 0x7E, 0x7E, 0x7E, 0x7E, 0x7E, 0x7E, 0x7E, 0x7E, 0x7D, 0x7C, 0x7C, 0x7C, 0x7C, 
  0x7C, 0x7D, 0x7E, 0x7E, 0x7E, 0x7E, 0x7E, 0x7E, 0x7E, 0x7E, 0x7E, 0x7E, 0x7E, 0x7E, 0x7E, 0x7E, 
  0x7E, 0x80, 0x81, 0x81, 0x81, 0x81, 0x81, 0x81, 0x81, 0x81, 0x81, 0x81, 0x81, 0x81, 0x81, 0x81, 
  0x81, 0x81, 0x81, 0x81, 0x81, 0x81, 0x81, 0x81, 0x81, 0x81, 0x81, 0x81, 0x81, 0x81, 0x81, 0x81, 
  0x81, 0x81, 0x81, 0x81, 0x81, 0x81, 0x80, 0x80, 0x80, 0x80, 0x80, 0x80, 0x80, 0x7F, 0x7E, 0x7E, 
  0x7E, 0x7E, 0x7F, 0x7F, 0x7F, 0x7F, 0x7F, 0x7F, 0x80, 0x80, 0x80, 0x81, 0x81, 0x81, 0x81, 0x81, 
  0x81, 0x81, 0x81, 0x81, 0x81, 0x81, 0x81, 0x81, 0x81, 0x81, 0x81, 0x81, 0x81, 0x81, 0x81, 0x81, 
  0x81, 0x81, 0x81, 0x81, 0x80, 0x7F, 0x7E, 0x7D, 0x7D, 0x7D, 0x7D, 0x7D, 0x7D, 0x7D, 0x7E, 0x7E, 
  0x7E, 0x7F, 0x7F, 0x7F, 0x7F, 0x7F, 0x7F, 0x7F, 0x7F, 0x7F, 0x7F, 0x7F, 0x7F, 0x7F, 0x7F, 0x7F, 
  0x7F, 0x7F, 0x7F, 0x7F, 0x7F, 0x7F, 0x7F, 0x7F, 0x7F, 0x7F, 0x7F, 0x80, 0x80, 0x80, 0x80, 0x80, 
  0x80, 0x80, 0x80, 0x80, 0x7F, 0x7F, 0x7F, 0x7F, 0x7F, 0x7F, 0x7F, 0x7F, 0x7F, 0x7F, 0x7F, 0x7F, 
  0x7F, 0x7F, 0x7F, 0x7F, 0x7F, 0x7F, 0x7F, 0x7F, 0x7F, 0x7F, 0x7F, 0x7F, 0x7F, 0x7F, 0x7F, 0x7F, 
  0x7F, 0x7F, 0x7F, 0x7F, 0x7F, 0x7E, 0x7E, 0x7E, 0x7F, 0x7F, 0x7F, 0x7F, 0x7F, 0x7F, 0x80, 0x80, 
  0x80, 0x80, 0x80, 0x80, 0x80, 0x80, 0x80, 0x80, 0x80, 0x80, 0x80, 0x80, 0x80, 0x80, 0x80, 0x80, 
  0x80, 0x80, 0x80, 0x80, 0x80, 0x80, 0x80, 0x80, 0x80, 0x80, 0x80, 0x80, 0x80, 0x80, 0x80, 0x80, 
  0x80, 0x80, 0x80, 0x80, 0x80, 0x80, 0x80, 0x80, 0x80, 0x80, 0x80, 0x80, 0x80, 0x80, 0x80, 0x80, 
  0x80, 0x80, 0x80, 0x80, 0x80, 0x80, 0x80, 0x80, 0x80, 0x80, 0x80, 0x80, 0x80, 0x80, 0x80, 0x80, 
  0x80, 0x80, 0x80, 0x80, 0x80, 0x80, 0x80, 0x80, 0x80, 0x80, 0x80, 0x80, 0x80, 0x80, 0x80, 0x80, 
  0x80
};
const unsigned int os17_len = 3169;

// os18 - STK1 (1072 bytes)
PROGMEM const uint8_t os18[] = {
  0x80, 0x7D, 0x46, 0x45, 0x62, 0x77, 0xB0, 0xC3, 0xCE, 0xCE, 0xCC, 0xD7, 0xD6, 0xE1, 0xE2, 0xED, 
  0xEF, 0xEF, 0xEB, 0xEB, 0xE1, 0xE6, 0xE1, 0xEB, 0xF8, 0xF0, 0xDF, 0xE4, 0xF0, 0xE3, 0xE8, 0xCB, 
  0xAE, 0xB7, 0xA6, 0x8D, 0x76, 0x8D, 0x96, 0x95, 0x90, 0x8D, 0x8A, 0x88, 0x87, 0x89, 0x9A, 0xBC, 
  0xD0, 0xC9, 0xBE, 0xA1, 0x8C, 0xA3, 0x91, 0x73, 0x65, 0x6E, 0x78, 0x83, 0x94, 0xAE, 0xBF, 0xD1, 
  0xCF, 0xCC, 0xDC, 0xEA, 0xE5, 0xDD, 0xD2, 0xB9, 0xAF, 0xA8, 0xBA, 0xCE, 0xDF, 0xDD, 0xC1, 0xB0, 
  0xA3, 0x9F, 0xAF, 0xC2, 0xC6, 0xBE, 0xA2, 0x94, 0x93, 0x8E, 0x7A, 0x7E, 0x81, 0x72, 0x6A, 0x70, 
  0x75, 0x89, 0x9F, 0x90, 0x92, 0x8A, 0x78, 0x8C, 0xA8, 0xBB, 0xAB, 0x9F, 0x9D, 0x97, 0x97, 0x9C, 
  0xA9, 0xAA, 0xA3, 0xB0, 0xAE, 0x98, 0x8F, 0x83, 0x7D, 0x7A, 0x80, 0x72, 0x73, 0x7A, 0x81, 0x82, 
  0x86, 0x7B, 0x86, 0x9A, 0x99, 0x9B, 0x8A, 0x77, 0x64, 0x67, 0x6B, 0x74, 0x6A, 0x5F, 0x56, 0x5B, 
  0x67, 0x72, 0x6B, 0x62, 0x69, 0x6B, 0x69, 0x81, 0x93, 0x9E, 0xB2, 0xB3, 0xC0, 0xC2, 0xC0, 0xB4, 
  0xAC, 0xB8, 0xBA, 0xBA, 0xC5, 0xC2, 0xBB, 0xB6, 0xA4, 0xA6, 0xB2, 0xBC, 0xB4, 0xB8, 0xB7, 0xB2, 
  0xA0, 0x93, 0x8A, 0x8E, 0x9B, 0xA8, 0xA1, 0x8E, 0x88, 0x7A, 0x76, 0x77, 0x72, 0x65, 0x5A, 0x5C, 
  0x62, 0x69, 0x7C, 0x7F, 0x85, 0x95, 0xA1, 0xAB, 0xA9, 0x96, 0x8E, 0x96, 0x8F, 0x7C, 0x7D, 0x89, 
  0x8F, 0x84, 0x74, 0x77, 0x7F, 0x7E, 0x85, 0x82, 0x7D, 0x78, 0x74, 0x7A, 0x70, 0x61, 0x64, 0x70, 
  0x77, 0x6D, 0x5F, 0x5D, 0x5F, 0x6B, 0x76, 0x75, 0x70, 0x75, 0x7E, 0x82, 0x7D, 0x74, 0x6F, 0x6C, 
  0x70, 0x6D, 0x69, 0x65, 0x64, 0x62, 0x69, 0x71, 0x6E, 0x6D, 0x6E, 0x6B, 0x66, 0x62, 0x54, 0x47, 
  0x43, 0x41, 0x3B, 0x42, 0x4A, 0x46, 0x43, 0x45, 0x40, 0x3C, 0x43, 0x50, 0x56, 0x5A, 0x5D, 0x63, 
  0x6A, 0x64, 0x5B, 0x56, 0x5D, 0x68, 0x75, 0x7E, 0x7A, 0x6E, 0x6D, 0x75, 0x7D, 0x78, 0x6F, 0x71, 
  0x75, 0x6D, 0x68, 0x69, 0x6D, 0x71, 0x6A, 0x67, 0x6E, 0x73, 0x75, 0x7D, 0x82, 0x80, 0x79, 0x6D, 
  0x68, 0x66, 0x65, 0x6A, 0x6F, 0x68, 0x66, 0x65, 0x63, 0x5C, 0x5B, 0x5C, 0x5B, 0x58, 0x60, 0x69, 
  0x70, 0x70, 0x70, 0x74, 0x7A, 0x7B, 0x73, 0x6D, 0x69, 0x68, 0x68, 0x6D, 0x6D, 0x69, 0x68, 0x68, 
  0x62, 0x5E, 0x5E, 0x64, 0x68, 0x69, 0x68, 0x68, 0x6D, 0x6E, 0x67, 0x60, 0x5E, 0x60, 0x66, 0x69, 
  0x65, 0x66, 0x67, 0x68, 0x64, 0x65, 0x68, 0x69, 0x6E, 0x74, 0x6E, 0x67, 0x62, 0x60, 0x67, 0x6C, 
  0x70, 0x71, 0x77, 0x79, 0x7A, 0x79, 0x7D, 0x7B, 0x7F, 0x7E, 0x7C, 0x7F, 0x7E, 0x79, 0x73, 0x71, 
  0x72, 0x77, 0x76, 0x73, 0x73, 0x77, 0x77, 0x7A, 0x7E, 0x7F, 0x7B, 0x74, 0x70, 0x6E, 0x68, 0x62, 
  0x61, 0x66, 0x69, 0x69, 0x6C, 0x70, 0x6F, 0x72, 0x73, 0x75, 0x77, 0x76, 0x74, 0x74, 0x76, 0x79, 
  0x74, 0x6F, 0x71, 0x71, 0x6C, 0x6C, 0x6B, 0x6C, 0x6E, 0x6A, 0x65, 0x65, 0x6A, 0x6C, 0x6F, 0x72, 
  0x78, 0x79, 0x7E, 0x7D, 0x7D, 0x79, 0x74, 0x70, 0x72, 0x6F, 0x71, 0x73, 0x74, 0x72, 0x75, 0x7A, 
  0x7B, 0x79, 0x74, 0x71, 0x71, 0x74, 0x75, 0x7A, 0x7C, 0x7E, 0x7E, 0x7C, 0x7C, 0x7E, 0x7E, 0x7E, 
  0x7A, 0x76, 0x78, 0x79, 0x7B, 0x7F, 0x84, 0x83, 0x84, 0x84, 0x83, 0x85, 0x81, 0x7B, 0x76, 0x76, 
  0x77, 0x77, 0x7B, 0x7D, 0x7E, 0x7D, 0x7C, 0x7E, 0x7E, 0x80, 0x84, 0x87, 0x87, 0x87, 0x87, 0x89, 
  0x8A, 0x8C, 0x88, 0x82, 0x7F, 0x7C, 0x7A, 0x7C, 0x7D, 0x7D, 0x79, 0x78, 0x7B, 0x7F, 0x7F, 0x7F, 
  0x7E, 0x81, 0x7F, 0x81, 0x84, 0x86, 0x82, 0x7E, 0x7E, 0x81, 0x83, 0x82, 0x7F, 0x7B, 0x79, 0x79, 
  0x77, 0x74, 0x71, 0x71, 0x73, 0x77, 0x78, 0x7C, 0x7D, 0x7A, 0x7A, 0x7E, 0x7D, 0x7B, 0x7D, 0x7A, 
  0x78, 0x79, 0x7A, 0x7C, 0x7A, 0x7A, 0x78, 0x78, 0x7A, 0x7B, 0x7D, 0x80, 0x80, 0x7E, 0x7F, 0x81, 
  0x84, 0x84, 0x80, 0x7F, 0x7D, 0x7A, 0x7A, 0x7D, 0x80, 0x7F, 0x7C, 0x7B, 0x7D, 0x7F, 0x82, 0x83, 
  0x86, 0x89, 0x8A, 0x8A, 0x8B, 0x8C, 0x8A, 0x8A, 0x89, 0x89, 0x89, 0x8B, 0x8C, 0x8A, 0x89, 0x85, 
  0x81, 0x7E, 0x7D, 0x7B, 0x7A, 0x7A, 0x7D, 0x80, 0x82, 0x81, 0x80, 0x7E, 0x7D, 0x7D, 0x7B, 0x7C, 
  0x7D, 0x80, 0x81, 0x82, 0x83, 0x83, 0x85, 0x85, 0x83, 0x84, 0x86, 0x87, 0x87, 0x87, 0x87, 0x87, 
  0x87, 0x87, 0x86, 0x87, 0x86, 0x85, 0x88, 0x89, 0x8A, 0x8A, 0x88, 0x87, 0x86, 0x87, 0x88, 0x88, 
  0x8A, 0x8B, 0x89, 0x89, 0x89, 0x8C, 0x8E, 0x8F, 0x8C, 0x8B, 0x8A, 0x8A, 0x8A, 0x88, 0x89, 0x8A, 
  0x8B, 0x89, 0x88, 0x86, 0x84, 0x83, 0x84, 0x85, 0x83, 0x82, 0x82, 0x82, 0x82, 0x82, 0x81, 0x80, 
  0x80, 0x80, 0x82, 0x85, 0x87, 0x87, 0x88, 0x89, 0x8A, 0x89, 0x88, 0x88, 0x88, 0x86, 0x84, 0x84, 
  0x85, 0x85, 0x83, 0x83, 0x82, 0x83, 0x84, 0x85, 0x87, 0x89, 0x8A, 0x8A, 0x8A, 0x8C, 0x8E, 0x8E, 
  0x8E, 0x8E, 0x8D, 0x8D, 0x8C, 0x8B, 0x8B, 0x8C, 0x8D, 0x8D, 0x8D, 0x8D, 0x8F, 0x90, 0x90, 0x90, 
  0x92, 0x92, 0x92, 0x8F, 0x8E, 0x8B, 0x8C, 0x8C, 0x8A, 0x88, 0x88, 0x88, 0x86, 0x85, 0x85, 0x87, 
  0x88, 0x88, 0x8A, 0x8A, 0x89, 0x8A, 0x8A, 0x8A, 0x87, 0x87, 0x86, 0x87, 0x87, 0x87, 0x86, 0x85, 
  0x85, 0x85, 0x86, 0x86, 0x85, 0x85, 0x85, 0x85, 0x85, 0x85, 0x87, 0x89, 0x8A, 0x8B, 0x8B, 0x8B, 
  0x8B, 0x8A, 0x89, 0x87, 0x84, 0x83, 0x82, 0x82, 0x84, 0x84, 0x83, 0x83, 0x82, 0x82, 0x82, 0x84, 
  0x85, 0x85, 0x86, 0x88, 0x87, 0x87, 0x88, 0x87, 0x86, 0x85, 0x85, 0x87, 0x88, 0x87, 0x87, 0x89, 
  0x8A, 0x8B, 0x8B, 0x89, 0x88, 0x88, 0x88, 0x87, 0x86, 0x85, 0x85, 0x85, 0x86, 0x88, 0x88, 0x88, 
  0x88, 0x88, 0x89, 0x8B, 0x8B, 0x8A, 0x89, 0x88, 0x88, 0x88, 0x87, 0x86, 0x85, 0x87, 0x8A, 0x89, 
  0x89, 0x88, 0x88, 0x88, 0x8B, 0x8C, 0x8D, 0x8D, 0x8E, 0x8E, 0x8E, 0x8E, 0x8E, 0x8E, 0x8E, 0x8E, 
  0x8F, 0x8E, 0x8E, 0x8E, 0x8E, 0x8E, 0x8C, 0x8B, 0x8B, 0x8B, 0x8B, 0x8B, 0x8B, 0x8B, 0x8B, 0x8B, 
  0x8B, 0x8A, 0x89, 0x88, 0x88, 0x88, 0x88, 0x88, 0x88, 0x88, 0x88, 0x88, 0x88, 0x88, 0x88, 0x88, 
  0x88, 0x86, 0x86, 0x85, 0x85, 0x85, 0x86, 0x88, 0x88, 0x88, 0x88, 0x88, 0x88, 0x88, 0x88, 0x88, 
  0x88, 0x88, 0x88, 0x88, 0x87, 0x86, 0x85, 0x85, 0x85, 0x83, 0x83, 0x82, 0x82, 0x82, 0x82, 0x82, 
  0x83, 0x85, 0x84, 0x85, 0x85, 0x87, 0x88, 0x88, 0x88, 0x88, 0x88, 0x88, 0x88, 0x88, 0x88, 0x88, 
  0x88, 0x88, 0x88, 0x88, 0x88, 0x88, 0x86, 0x86, 0x86, 0x85, 0x85, 0x85, 0x85, 0x86, 0x88, 0x88, 
  0x88, 0x88, 0x88, 0x86, 0x86, 0x86, 0x85, 0x85, 0x85, 0x85, 0x85, 0x85, 0x83, 0x83, 0x83, 0x83, 
  0x83, 0x83, 0x83, 0x83, 0x83, 0x83, 0x83, 0x82, 0x80, 0x80, 0x80, 0x80, 0x80, 0x80, 0x80, 0x80, 
  0x80, 0x80, 0x7E, 0x7F, 0x7F, 0x7F, 0x7F, 0x7F, 0x7F, 0x81, 0x82, 0x83, 0x83, 0x83, 0x83, 0x83, 
  0x83, 0x83, 0x81, 0x80, 0x80, 0x80, 0x80, 0x80, 0x80, 0x80, 0x80, 0x80, 0x80, 0x80, 0x80, 0x82, 
  0x82, 0x83, 0x83, 0x83, 0x83, 0x83, 0x83, 0x83, 0x83, 0x83, 0x83, 0x83, 0x83, 0x83, 0x82, 0x82, 
  0x82, 0x82, 0x82, 0x82, 0x82, 0x82, 0x82, 0x82, 0x82, 0x82, 0x82, 0x82, 0x82, 0x82, 0x82, 0x82, 
  0x81, 0x81, 0x81, 0x81, 0x81, 0x81, 0x81, 0x81, 0x81, 0x81, 0x81, 0x81, 0x81, 0x81, 0x81, 0x81, 
  0x81, 0x80, 0x80, 0x80, 0x80, 0x80, 0x80, 0x80, 0x80, 0x80, 0x80, 0x80, 0x80, 0x80, 0x80, 0x80
};
const unsigned int os18_len = 1072;

// os19 - STK2 (3016 bytes)
PROGMEM const uint8_t os19[] = {
  0x80, 0xB3, 0xB0, 0xE1, 0xF8, 0xF4, 0xEF, 0xEB, 0x85, 0xAA, 0xAC, 0xC0, 0xE7, 0xE6, 0xE0, 0x8B, 
  0x5A, 0x3F, 0x48, 0xE2, 0xEB, 0xE8, 0xD2, 0x97, 0x93, 0x4B, 0x37, 0x3C, 0x42, 0xD4, 0x50, 0x49, 
  0xA5, 0xCA, 0xF2, 0xEF, 0xEA, 0xA6, 0x8D, 0xDD, 0xE3, 0xDF, 0xDA, 0xD7, 0x5F, 0x38, 0x88, 0x80, 
  0x2F, 0x30, 0x38, 0xAB, 0x9A, 0x3F, 0x3D, 0x41, 0x45, 0x48, 0x5A, 0xBA, 0xA3, 0xC4, 0xEC, 0xE7, 
  0xE0, 0x60, 0xCD, 0xD8, 0x91, 0x8D, 0xCF, 0xCA, 0x94, 0x5E, 0x59, 0x44, 0x2D, 0x32, 0x38, 0x3C, 
  0x7B, 0xAD, 0x7E, 0x70, 0xA5, 0xAA, 0xA7, 0x73, 0x71, 0x94, 0xA5, 0xA3, 0xA1, 0x9F, 0x8D, 0x3D, 
  0x67, 0x6A, 0x3A, 0x3B, 0x3F, 0x76, 0x50, 0x46, 0x49, 0xA5, 0xB6, 0xB2, 0xAE, 0x67, 0x74, 0x72, 
  0x42, 0x42, 0x46, 0x49, 0x79, 0xB8, 0x8F, 0x7D, 0x4F, 0x48, 0x4B, 0x63, 0x80, 0x64, 0x4F, 0x51, 
  0x53, 0x55, 0x5F, 0xBD, 0x93, 0x8D, 0x55, 0x51, 0x54, 0x7D, 0x9E, 0xC0, 0xBD, 0xB9, 0xB5, 0xB2, 
  0xAF, 0x6B, 0x6E, 0x7A, 0x4A, 0x46, 0x4A, 0x4D, 0x70, 0xBB, 0xB9, 0x87, 0x4D, 0x4C, 0x4F, 0x69, 
  0x8D, 0x8B, 0x55, 0x53, 0x56, 0x58, 0x5C, 0xBC, 0xA4, 0x8A, 0x5E, 0x54, 0x56, 0x61, 0x91, 0x61, 
  0x59, 0x5B, 0x5D, 0x5E, 0x60, 0x98, 0xA9, 0x94, 0x65, 0x5B, 0x5C, 0x5E, 0x7D, 0x61, 0x61, 0x77, 
  0xA8, 0xA7, 0xA4, 0x9A, 0x76, 0x7B, 0x5B, 0x5C, 0x5E, 0x60, 0x62, 0xA0, 0xA8, 0x89, 0x9A, 0xA4, 
  0xA2, 0x9F, 0x83, 0x6C, 0x57, 0x59, 0x5C, 0x5E, 0x60, 0x7C, 0xA2, 0x84, 0xA2, 0xA5, 0xA3, 0xA1, 
  0x81, 0x9C, 0x9D, 0x9C, 0x9A, 0x99, 0x98, 0x93, 0x5B, 0x74, 0x56, 0x54, 0x57, 0x5A, 0x5C, 0x97, 
  0xA6, 0x84, 0x5B, 0x5B, 0x5D, 0x5F, 0x88, 0x87, 0x63, 0x61, 0x63, 0x64, 0x65, 0x89, 0xAD, 0x8D, 
  0x69, 0x61, 0x63, 0x64, 0x85, 0x69, 0x67, 0x68, 0x69, 0x6A, 0x6A, 0x6C, 0xAB, 0x95, 0xA5, 0xAE, 
  0xAB, 0xA8, 0xA6, 0x6F, 0x5B, 0x5D, 0x9A, 0xA8, 0xA6, 0xA4, 0x82, 0x78, 0x5B, 0x5C, 0x5F, 0x61, 
  0x63, 0x7E, 0xAC, 0xA1, 0x64, 0x61, 0x63, 0x65, 0x72, 0x6A, 0x68, 0x69, 0x6A, 0x6B, 0x6C, 0x6D, 
  0xA6, 0x8B, 0x95, 0x97, 0x95, 0x94, 0x8E, 0x83, 0x91, 0x91, 0x90, 0x8F, 0x8E, 0x8E, 0x73, 0x69, 
  0x8D, 0x8F, 0x8E, 0x8E, 0x8D, 0x81, 0x5E, 0x5E, 0x84, 0x91, 0x90, 0x8F, 0x8D, 0x62, 0x5F, 0x61, 
  0x63, 0x65, 0x66, 0x68, 0x8D, 0x98, 0x6D, 0x67, 0x68, 0x69, 0x6A, 0x7A, 0x6C, 0x6C, 0x6C, 0x6D, 
  0x6E, 0x6F, 0x83, 0x9E, 0x77, 0x6C, 0x6D, 0x6E, 0x6E, 0x75, 0x9E, 0x9F, 0x9C, 0x9A, 0x98, 0x97, 
  0x92, 0x91, 0x94, 0x93, 0x92, 0x91, 0x91, 0x90, 0x6E, 0x60, 0x62, 0x64, 0x66, 0x68, 0x6D, 0x7A, 
  0x6A, 0x6B, 0x6C, 0x6D, 0x6E, 0x6E, 0x7D, 0x9F, 0x9E, 0x9C, 0x9A, 0x98, 0x96, 0x6D, 0x92, 0x96, 
  0x95, 0x93, 0x92, 0x92, 0x91, 0x69, 0x60, 0x62, 0x64, 0x66, 0x68, 0x69, 0x87, 0x9B, 0x9A, 0x98, 
  0x96, 0x95, 0x93, 0x82, 0x92, 0x84, 0x7F, 0x7F, 0x80, 0x80, 0x7A, 0x62, 0x63, 0x65, 0x66, 0x68, 
  0x69, 0x80, 0x6E, 0x6B, 0x6C, 0x6D, 0x6D, 0x6E, 0x6F, 0x87, 0x8F, 0x8E, 0x8C, 0x8B, 0x8A, 0x89, 
  0x73, 0x69, 0x6A, 0x6B, 0x6D, 0x6E, 0x6E, 0x76, 0x70, 0x70, 0x71, 0x71, 0x72, 0x72, 0x76, 0x91, 
  0x93, 0x91, 0x90, 0x8E, 0x8D, 0x78, 0x87, 0x8C, 0x8C, 0x8B, 0x8A, 0x8A, 0x89, 0x6F, 0x69, 0x6A, 
  0x6C, 0x6D, 0x6E, 0x77, 0x7D, 0x70, 0x70, 0x71, 0x72, 0x72, 0x73, 0x7B, 0x74, 0x74, 0x74, 0x75, 
  0x75, 0x75, 0x77, 0x94, 0x96, 0x94, 0x93, 0x91, 0x90, 0x86, 0x88, 0x8E, 0x8E, 0x8D, 0x8D, 0x8C, 
  0x8B, 0x73, 0x6A, 0x6C, 0x6D, 0x6E, 0x70, 0x74, 0x82, 0x72, 0x71, 0x72, 0x73, 0x73, 0x74, 0x79, 
  0x94, 0x95, 0x93, 0x92, 0x91, 0x90, 0x8E, 0x71, 0x6D, 0x6E, 0x70, 0x71, 0x72, 0x73, 0x75, 0x74, 
  0x74, 0x75, 0x75, 0x75, 0x76, 0x83, 0x8B, 0x8B, 0x8A, 0x89, 0x88, 0x86, 0x7A, 0x87, 0x87, 0x87, 
  0x86, 0x86, 0x86, 0x84, 0x71, 0x70, 0x71, 0x72, 0x73, 0x74, 0x74, 0x87, 0x8B, 0x8A, 0x89, 0x88, 
  0x88, 0x87, 0x84, 0x86, 0x86, 0x86, 0x86, 0x85, 0x85, 0x7A, 0x6F, 0x70, 0x71, 0x72, 0x73, 0x74, 
  0x81, 0x75, 0x74, 0x75, 0x75, 0x76, 0x76, 0x77, 0x8B, 0x8D, 0x8C, 0x8B, 0x8A, 0x89, 0x84, 0x86, 
  0x88, 0x88, 0x87, 0x87, 0x87, 0x86, 0x77, 0x70, 0x71, 0x72, 0x73, 0x74, 0x74, 0x7D, 0x8B, 0x8B, 
  0x8A, 0x89, 0x89, 0x88, 0x7A, 0x86, 0x88, 0x87, 0x87, 0x86, 0x86, 0x86, 0x72, 0x6F, 0x70, 0x72, 
  0x72, 0x73, 0x77, 0x78, 0x75, 0x75, 0x76, 0x76, 0x76, 0x77, 0x84, 0x8E, 0x8D, 0x8C, 0x84, 0x82, 
  0x82, 0x7E, 0x74, 0x74, 0x74, 0x75, 0x76, 0x76, 0x7C, 0x78, 0x77, 0x77, 0x78, 0x78, 0x78, 0x79, 
  0x86, 0x87, 0x87, 0x86, 0x85, 0x85, 0x81, 0x81, 0x84, 0x84, 0x84, 0x84, 0x83, 0x83, 0x7C, 0x74, 
  0x75, 0x76, 0x76, 0x77, 0x77, 0x7A, 0x86, 0x87, 0x86, 0x86, 0x85, 0x85, 0x83, 0x83, 0x84, 0x84, 
  0x84, 0x83, 0x83, 0x83, 0x76, 0x74, 0x75, 0x76, 0x76, 0x77, 0x77, 0x7B, 0x78, 0x78, 0x78, 0x79, 
  0x79, 0x79, 0x7E, 0x88, 0x88, 0x88, 0x87, 0x86, 0x86, 0x80, 0x84, 0x85, 0x85, 0x85, 0x84, 0x84, 
  0x83, 0x76, 0x75, 0x75, 0x76, 0x77, 0x77, 0x78, 0x84, 0x88, 0x87, 0x87, 0x86, 0x86, 0x85, 0x80, 
  0x85, 0x85, 0x84, 0x84, 0x84, 0x84, 0x80, 0x74, 0x74, 0x75, 0x76, 0x77, 0x77, 0x7E, 0x79, 0x78, 
  0x78, 0x79, 0x79, 0x79, 0x7A, 0x82, 0x84, 0x83, 0x83, 0x82, 0x82, 0x82, 0x7B, 0x78, 0x78, 0x79, 
  0x79, 0x79, 0x7A, 0x7C, 0x7A, 0x7A, 0x7A, 0x7B, 0x7B, 0x7B, 0x7C, 0x85, 0x85, 0x85, 0x84, 0x84, 
  0x83, 0x82, 0x83, 0x83, 0x83, 0x83, 0x82, 0x82, 0x82, 0x7A, 0x78, 0x78, 0x79, 0x79, 0x7A, 0x7A, 
  0x7C, 0x7B, 0x7B, 0x7B, 0x7B, 0x7B, 0x7B, 0x7E, 0x7C, 0x7C, 0x7C, 0x7C, 0x7C, 0x7C, 0x7E, 0x86, 
  0x86, 0x86, 0x85, 0x85, 0x85, 0x81, 0x83, 0x84, 0x84, 0x84, 0x83, 0x83, 0x83, 0x7B, 0x79, 0x79, 
  0x79, 0x7A, 0x7A, 0x7B, 0x7E, 0x7B, 0x7B, 0x7B, 0x7B, 0x7C, 0x7C, 0x7E, 0x7C, 0x7C, 0x7C, 0x7C, 
  0x7C, 0x7C, 0x7E, 0x87, 0x87, 0x86, 0x86, 0x85, 0x85, 0x84, 0x84, 0x84, 0x84, 0x84, 0x84, 0x84, 
  0x83, 0x7C, 0x79, 0x79, 0x7A, 0x7A, 0x7A, 0x7B, 0x7E, 0x7B, 0x7B, 0x7C, 0x7C, 0x7C, 0x7C, 0x7E, 
  0x83, 0x83, 0x83, 0x82, 0x82, 0x82, 0x81, 0x7B, 0x7B, 0x7B, 0x7B, 0x7C, 0x7C, 0x7C, 0x7D, 0x7C, 
  0x7C, 0x7D, 0x7D, 0x7D, 0x7D, 0x81, 0x84, 0x84, 0x83, 0x83, 0x83, 0x83, 0x7F, 0x82, 0x82, 0x82, 
  0x82, 0x82, 0x82, 0x81, 0x7B, 0x7B, 0x7B, 0x7B, 0x7C, 0x7C, 0x7D, 0x7D, 0x7C, 0x7D, 0x7D, 0x7D, 
  0x7D, 0x7D, 0x7E, 0x7D, 0x7D, 0x7D, 0x7D, 0x7D, 0x7D, 0x80, 0x85, 0x84, 0x84, 0x84, 0x83, 0x83, 
  0x81, 0x83, 0x83, 0x82, 0x82, 0x82, 0x82, 0x81, 0x7B, 0x7B, 0x7B, 0x7C, 0x7C, 0x7C, 0x7D, 0x7D, 
  0x7D, 0x7D, 0x7D, 0x7D, 0x7D, 0x7D, 0x82, 0x84, 0x84, 0x84, 0x83, 0x83, 0x83, 0x81, 0x7C, 0x7C, 
  0x7C, 0x7C, 0x7C, 0x7D, 0x7E, 0x84, 0x84, 0x84, 0x83, 0x83, 0x83, 0x81, 0x7C, 0x7B, 0x7C, 0x7C, 
  0x7C, 0x7C, 0x7D, 0x7D, 0x7D, 0x7D, 0x7D, 0x7D, 0x7D, 0x7D, 0x80, 0x82, 0x82, 0x82, 0x82, 0x81, 
  0x81, 0x7F, 0x7C, 0x7D, 0x7D, 0x7D, 0x7D, 0x7D, 0x7E, 0x7E, 0x7D, 0x7E, 0x7E, 0x7E, 0x7E, 0x7E, 
  0x82, 0x83, 0x82, 0x82, 0x82, 0x82, 0x82, 0x81, 0x81, 0x81, 0x81, 0x81, 0x81, 0x81, 0x7E, 0x7C, 
  0x7C, 0x7D, 0x7D, 0x7D, 0x7D, 0x7E, 0x7D, 0x7D, 0x7E, 0x7E, 0x7E, 0x7E, 0x7E, 0x7E, 0x7E, 0x7E, 
  0x7E, 0x7E, 0x7E, 0x7E, 0x82, 0x83, 0x83, 0x82, 0x82, 0x82, 0x82, 0x81, 0x82, 0x82, 0x82, 0x81, 
  0x81, 0x81, 0x7F, 0x7C, 0x7D, 0x7D, 0x7D, 0x7D, 0x7D, 0x7E, 0x7E, 0x7E, 0x7E, 0x7E, 0x7E, 0x7E, 
  0x7E, 0x82, 0x83, 0x83, 0x82, 0x82, 0x82, 0x82, 0x7E, 0x7D, 0x7D, 0x7D, 0x7D, 0x7D, 0x7E, 0x81, 
  0x81, 0x81, 0x81, 0x81, 0x80, 0x80, 0x7F, 0x7D, 0x7D, 0x7D, 0x7E, 0x7E, 0x7E, 0x7E, 0x7E, 0x7E, 
  0x7E, 0x7E, 0x7E, 0x7E, 0x7E, 0x81, 0x81, 0x81, 0x81, 0x81, 0x81, 0x81, 0x7F, 0x7E, 0x7E, 0x7E, 
  0x7E, 0x7E, 0x7E, 0x80, 0x81, 0x81, 0x81, 0x81, 0x81, 0x81, 0x80, 0x7E, 0x7E, 0x7E, 0x7E, 0x7E, 
  0x7E, 0x7E, 0x7E, 0x7E, 0x7E, 0x7E, 0x7E, 0x7E, 0x7E, 0x81, 0x82, 0x82, 0x81, 0x81, 0x81, 0x81, 
  0x7F, 0x7E, 0x7E, 0x7E, 0x7E, 0x7E, 0x7E, 0x80, 0x82, 0x81, 0x81, 0x81, 0x81, 0x81, 0x81, 0x7E, 
  0x7E, 0x7E, 0x7E, 0x7E, 0x7E, 0x7E, 0x7E, 0x7E, 0x7E, 0x7E, 0x7E, 0x7E, 0x7F, 0x81, 0x82, 0x82, 
  0x82, 0x81, 0x81, 0x81, 0x7F, 0x7E, 0x7E, 0x7E, 0x7E, 0x7E, 0x7E, 0x7F, 0x82, 0x82, 0x81, 0x81, 
  0x81, 0x81, 0x81, 0x7E, 0x7E, 0x7E, 0x7E, 0x7E, 0x7E, 0x7E, 0x7E, 0x7E, 0x7E, 0x7E, 0x7E, 0x7F, 
  0x7F, 0x80, 0x81, 0x81, 0x81, 0x80, 0x80, 0x80, 0x80, 0x80, 0x80, 0x80, 0x80, 0x80, 0x80, 0x80, 
  0x7E, 0x7E, 0x7E, 0x7E, 0x7E, 0x7E, 0x7F, 0x7F, 0x7E, 0x7F, 0x7F, 0x7F, 0x7F, 0x7F, 0x7F, 0x7F, 
  0x7F, 0x7F, 0x7F, 0x7F, 0x7F, 0x80, 0x81, 0x81, 0x81, 0x81, 0x81, 0x81, 0x80, 0x80, 0x80, 0x80, 
  0x80, 0x80, 0x80, 0x80, 0x7E, 0x7E, 0x7E, 0x7E, 0x7E, 0x7E, 0x7F, 0x7F, 0x7F, 0x7F, 0x7F, 0x7F, 
  0x7F, 0x7F, 0x81, 0x81, 0x81, 0x81, 0x81, 0x81, 0x81, 0x7F, 0x7E, 0x7E, 0x7E, 0x7E, 0x7F, 0x7F, 
  0x7F, 0x7F, 0x7F, 0x7F, 0x7F, 0x7F, 0x7F, 0x7F, 0x81, 0x81, 0x81, 0x81, 0x81, 0x81, 0x81, 0x7F, 
  0x7E, 0x7E, 0x7E, 0x7F, 0x7F, 0x7F, 0x80, 0x81, 0x81, 0x80, 0x80, 0x80, 0x80, 0x7F, 0x7E, 0x7E, 
  0x7F, 0x7F, 0x7F, 0x7F, 0x7F, 0x7F, 0x7F, 0x7F, 0x7F, 0x7F, 0x7F, 0x7F, 0x80, 0x80, 0x80, 0x80, 
  0x80, 0x80, 0x80, 0x7F, 0x7F, 0x7F, 0x7F, 0x7F, 0x7F, 0x7F, 0x80, 0x80, 0x80, 0x80, 0x80, 0x80, 
  0x80, 0x80, 0x80, 0x80, 0x80, 0x80, 0x80, 0x80, 0x80, 0x80, 0x80, 0x80, 0x80, 0x80, 0x80, 0x80, 
  0x7F, 0x7E, 0x7F, 0x7F, 0x7F, 0x7F, 0x7F, 0x7F, 0x7F, 0x7F, 0x7F, 0x7F, 0x7F, 0x7F, 0x80, 0x80, 
  0x80, 0x80, 0x80, 0x80, 0x80, 0x80, 0x80, 0x80, 0x80, 0x80, 0x80, 0x80, 0x80, 0x80, 0x80, 0x80, 
  0x80, 0x80, 0x80, 0x80, 0x7F, 0x7E, 0x7E, 0x7F, 0x7F, 0x7F, 0x7F, 0x7F, 0x7F, 0x7F, 0x7F, 0x7F, 
  0x7F, 0x7F, 0x7F, 0x80, 0x80, 0x80, 0x80, 0x80, 0x80, 0x80, 0x80, 0x80, 0x80, 0x80, 0x7F, 0x7F, 
  0x7F, 0x7F, 0x7F, 0x7F, 0x7F, 0x7F, 0x7F, 0x7F, 0x80, 0x80, 0x80, 0x80, 0x80, 0x80, 0x80, 0x80, 
  0x80, 0x80, 0x80, 0x80, 0x80, 0x80, 0x7F, 0x7F, 0x7F, 0x7F, 0x7F, 0x7F, 0x7F, 0x7F, 0x7F, 0x7F, 
  0x7F, 0x7F, 0x7F, 0x7F, 0x7F, 0x80, 0x80, 0x80, 0x80, 0x80, 0x80, 0x80, 0x80, 0x80, 0x80, 0x80, 
  0x80, 0x80, 0x80, 0x80, 0x80, 0x80, 0x80, 0x80, 0x80, 0x80, 0x80, 0x7F, 0x7F, 0x7F, 0x7F, 0x7F, 
  0x7F, 0x7F, 0x80, 0x80, 0x80, 0x80, 0x80, 0x80, 0x80, 0x7F, 0x7F, 0x7F, 0x7F, 0x7F, 0x7F, 0x7F, 
  0x7F, 0x7F, 0x7F, 0x7F, 0x7F, 0x7F, 0x7F, 0x7F, 0x80, 0x80, 0x80, 0x80, 0x80, 0x80, 0x80, 0x7F, 
  0x7F, 0x7F, 0x7F, 0x7F, 0x7F, 0x7F, 0x80, 0x80, 0x80, 0x80, 0x80, 0x80, 0x80, 0x7F, 0x7F, 0x7F, 
  0x7F, 0x7F, 0x7F, 0x7F, 0x7F, 0x7F, 0x7F, 0x7F, 0x7F, 0x7F, 0x7F, 0x7F, 0x80, 0x80, 0x80, 0x80, 
  0x80, 0x80, 0x80, 0x7F, 0x7F, 0x7F, 0x7F, 0x7F, 0x7F, 0x7F, 0x7F, 0x7F, 0x7F, 0x7F, 0x7F, 0x7F, 
  0x7F, 0x80, 0x80, 0x80, 0x80, 0x80, 0x80, 0x80, 0x80, 0x80, 0x80, 0x80, 0x80, 0x80, 0x80, 0x7F, 
  0x7F, 0x7F, 0x7F, 0x7F, 0x7F, 0x7F, 0x7F, 0x7F, 0x7F, 0x7F, 0x7F, 0x7F, 0x7F, 0x7F, 0x7F, 0x7F, 
  0x7F, 0x7F, 0x7F, 0x7F, 0x7F, 0x80, 0x80, 0x80, 0x80, 0x80, 0x80, 0x80, 0x80, 0x80, 0x80, 0x80, 
  0x80, 0x80, 0x80, 0x80, 0x7F, 0x7F, 0x7F, 0x7F, 0x7F, 0x7F, 0x7F, 0x7F, 0x7F, 0x7F, 0x7F, 0x7F, 
  0x7F, 0x7F, 0x80, 0x80, 0x80, 0x80, 0x80, 0x80, 0x80, 0x7F, 0x7F, 0x7F, 0x7F, 0x7F, 0x7F, 0x7F, 
  0x7F, 0x80, 0x80, 0x80, 0x80, 0x80, 0x80, 0x80, 0x7F, 0x7F, 0x7F, 0x7F, 0x7F, 0x7F, 0x7F, 0x7F, 
  0x7F, 0x7F, 0x7F, 0x7F, 0x7F, 0x7F, 0x80, 0x80, 0x80, 0x80, 0x80, 0x80, 0x80, 0x80, 0x7F, 0x7F, 
  0x7F, 0x7F, 0x7F, 0x7F, 0x7F, 0x80, 0x80, 0x80, 0x80, 0x80, 0x80, 0x80, 0x7F, 0x7F, 0x7F, 0x7F, 
  0x7F, 0x7F, 0x7F, 0x7F, 0x7F, 0x7F, 0x7F, 0x7F, 0x7F, 0x7F, 0x80, 0x80, 0x80, 0x80, 0x80, 0x80, 
  0x80, 0x7F, 0x7F, 0x7F, 0x7F, 0x7F, 0x7F, 0x7F, 0x7F, 0x80, 0x80, 0x80, 0x80, 0x80, 0x80, 0x80, 
  0x7F, 0x7F, 0x7F, 0x7F, 0x7F, 0x7F, 0x7F, 0x7F, 0x7F, 0x7F, 0x7F, 0x7F, 0x7F, 0x7F, 0x80, 0x80, 
  0x80, 0x80, 0x80, 0x80, 0x80, 0x80, 0x7F, 0x7F, 0x7F, 0x7F, 0x7F, 0x7F, 0x7F, 0x80, 0x80, 0x80, 
  0x80, 0x80, 0x80, 0x80, 0x7F, 0x7F, 0x7F, 0x7F, 0x7F, 0x7F, 0x7F, 0x7F, 0x7F, 0x7F, 0x7F, 0x7F, 
  0x7F, 0x7F, 0x80, 0x80, 0x80, 0x80, 0x80, 0x80, 0x80, 0x80, 0x80, 0x80, 0x80, 0x80, 0x80, 0x80, 
  0x80, 0x7F, 0x7F, 0x7F, 0x7F, 0x7F, 0x7F, 0x7F, 0x7F, 0x7F, 0x7F, 0x7F, 0x7F, 0x7F, 0x7F, 0x7F, 
  0x7F, 0x7F, 0x7F, 0x7F, 0x7F, 0x7F, 0x80, 0x80, 0x80, 0x80, 0x80, 0x80, 0x80, 0x80, 0x80, 0x80, 
  0x80, 0x80, 0x80, 0x80, 0x80, 0x7F, 0x7F, 0x7F, 0x7F, 0x7F, 0x7F, 0x7F, 0x7F, 0x7F, 0x7F, 0x7F, 
  0x7F, 0x7F, 0x7F, 0x80, 0x80, 0x80, 0x80, 0x80, 0x80, 0x80, 0x80, 0x7F, 0x7F, 0x7F, 0x7F, 0x7F, 
  0x7F, 0x7F, 0x7F, 0x7F, 0x7F, 0x7F, 0x7F, 0x7F, 0x7F, 0x80, 0x80, 0x80, 0x80, 0x80, 0x80, 0x80, 
  0x7F, 0x7F, 0x7F, 0x7F, 0x7F, 0x7F, 0x7F, 0x80, 0x80, 0x80, 0x80, 0x80, 0x80, 0x80, 0x80, 0x7F, 
  0x7F, 0x7F, 0x7F, 0x7F, 0x7F, 0x7F, 0x7F, 0x7F, 0x7F, 0x7F, 0x7F, 0x7F, 0x7F, 0x80, 0x80, 0x80, 
  0x80, 0x80, 0x80, 0x80, 0x7F, 0x7F, 0x7F, 0x7F, 0x7F, 0x7F, 0x7F, 0x7F, 0x80, 0x80, 0x80, 0x80, 
  0x80, 0x80, 0x80, 0x80, 0x80, 0x80, 0x80, 0x80, 0x80, 0x80, 0x80, 0x80, 0x80, 0x80, 0x80, 0x80, 
  0x80, 0x7F, 0x7F, 0x7F, 0x7F, 0x7F, 0x7F, 0x7F, 0x7F, 0x7F, 0x7F, 0x7F, 0x7F, 0x7F, 0x7F, 0x7F, 
  0x80, 0x80, 0x80, 0x80, 0x80, 0x80, 0x80, 0x80, 0x80, 0x80, 0x80, 0x80, 0x80, 0x80, 0x7F, 0x7F, 
  0x7F, 0x7F, 0x7F, 0x7F, 0x7F, 0x80, 0x80, 0x80, 0x80, 0x80, 0x80, 0x80, 0x80, 0x80, 0x80, 0x80, 
  0x80, 0x80, 0x80, 0x80, 0x7F, 0x7F, 0x7F, 0x7F, 0x7F, 0x7F, 0x7F, 0x7F, 0x7F, 0x7F, 0x7F, 0x7F, 
  0x7F, 0x7F, 0x80, 0x80, 0x80, 0x80, 0x80, 0x80, 0x80, 0x7F, 0x7F, 0x7F, 0x7F, 0x7F, 0x7F, 0x7F, 
  0x7F, 0x7F, 0x7F, 0x7F, 0x7F, 0x7F, 0x7F, 0x7F, 0x80, 0x80, 0x80, 0x80, 0x80, 0x80, 0x80, 0x80, 
  0x80, 0x80, 0x80, 0x80, 0x80, 0x80, 0x7F, 0x7F, 0x7F, 0x7F, 0x7F, 0x7F, 0x7F, 0x7F, 0x7F, 0x7F, 
  0x7F, 0x7F, 0x7F, 0x7F, 0x7F, 0x7F, 0x7F, 0x7F, 0x7F, 0x7F, 0x7F, 0x7F, 0x80, 0x80, 0x80, 0x80, 
  0x80, 0x80, 0x80, 0x7F, 0x7F, 0x7F, 0x7F, 0x7F, 0x7F, 0x7F, 0x80, 0x80, 0x80, 0x80, 0x80, 0x80, 
  0x80, 0x80, 0x80, 0x80, 0x80, 0x80, 0x80, 0x80, 0x80, 0x7F, 0x7F, 0x7F, 0x7F, 0x7F, 0x7F, 0x7F, 
  0x80, 0x80, 0x80, 0x80, 0x80, 0x80, 0x80, 0x80, 0x80, 0x80, 0x80, 0x80, 0x80, 0x80, 0x7F, 0x7F, 
  0x7F, 0x7F, 0x7F, 0x7F, 0x7F, 0x7F, 0x7F, 0x7F, 0x7F, 0x7F, 0x7F, 0x7F, 0x7F, 0x80, 0x80, 0x80, 
  0x80, 0x80, 0x80, 0x80, 0x7F, 0x7F, 0x7F, 0x7F, 0x7F, 0x7F, 0x7F, 0x7F, 0x7F, 0x7F, 0x7F, 0x7F, 
  0x7F, 0x7F, 0x80, 0x80, 0x80, 0x80, 0x80, 0x80, 0x80, 0x80, 0x80, 0x80, 0x80, 0x80, 0x80, 0x80, 
  0x80, 0x7F, 0x7F, 0x7F, 0x7F, 0x7F, 0x7F, 0x7F, 0x7F, 0x7F, 0x7F, 0x7F, 0x7F, 0x7F, 0x7F, 0x7F, 
  0x7F, 0x7F, 0x7F, 0x7F, 0x7F, 0x7F, 0x7F, 0x80, 0x80, 0x80, 0x80, 0x80, 0x80, 0x80, 0x80, 0x80, 
  0x80, 0x80, 0x80, 0x80, 0x80, 0x7F, 0x7F, 0x7F, 0x7F, 0x7F, 0x7F, 0x7F, 0x7F, 0x7F, 0x7F, 0x7F, 
  0x7F, 0x7F, 0x7F, 0x80, 0x80, 0x80, 0x80, 0x80, 0x80, 0x80, 0x80, 0x7F, 0x7F, 0x7F, 0x7F, 0x7F, 
  0x7F, 0x7F, 0x80, 0x80, 0x80, 0x80, 0x80, 0x80, 0x80, 0x7F, 0x7F, 0x7F, 0x7F, 0x7F, 0x7F, 0x7F, 
  0x7F, 0x7F, 0x7F, 0x7F, 0x7F, 0x7F, 0x7F, 0x7F, 0x80, 0x80, 0x80, 0x80, 0x80, 0x80, 0x80, 0x80, 
  0x80, 0x80, 0x80, 0x80, 0x80, 0x80, 0x7F, 0x7F, 0x7F, 0x7F, 0x7F, 0x7F, 0x7F, 0x80, 0x80, 0x80, 
  0x80, 0x80, 0x80, 0x80, 0x80, 0x80, 0x80, 0x80, 0x80, 0x80, 0x80, 0x7F, 0x7F, 0x7F, 0x7F, 0x7F, 
  0x7F, 0x7F, 0x7F, 0x80, 0x80, 0x80, 0x80, 0x80, 0x80, 0x80, 0x7F, 0x7F, 0x7F, 0x7F, 0x7F, 0x7F, 
  0x7F, 0x80, 0x80, 0x80, 0x80, 0x80, 0x80, 0x80, 0x80, 0x80, 0x80, 0x80, 0x80, 0x80, 0x80, 0x80, 
  0x7F, 0x7F, 0x7F, 0x7F, 0x7F, 0x7F, 0x7F, 0x80, 0x80, 0x80, 0x80, 0x80, 0x80, 0x80, 0x7F, 0x7F, 
  0x7F, 0x7F, 0x7F, 0x7F, 0x7F, 0x80, 0x80, 0x80, 0x80, 0x80, 0x80, 0x80, 0x80, 0x80, 0x80, 0x80, 
  0x80, 0x7F, 0x7F, 0x7F, 0x7F, 0x7F, 0x7F, 0x7F, 0x7F, 0x7F, 0x7F, 0x7F, 0x7F, 0x7F, 0x7F, 0x7F, 
  0x7F, 0x7F, 0x80, 0x80, 0x80, 0x80, 0x80, 0x80, 0x80, 0x80, 0x80, 0x80, 0x80, 0x80, 0x80, 0x80, 
  0x7F, 0x7F, 0x7F, 0x7F, 0x7F, 0x7F, 0x7F, 0x7F, 0x80, 0x80, 0x80, 0x80, 0x80, 0x80, 0x80, 0x80, 
  0x80, 0x80, 0x80, 0x80, 0x80, 0x80, 0x7F, 0x7F, 0x7F, 0x7F, 0x7F, 0x7F, 0x7F, 0x7F, 0x7F, 0x7F, 
  0x7F, 0x7F, 0x7F, 0x7F, 0x7F, 0x80, 0x80, 0x80, 0x80, 0x80, 0x80, 0x80, 0x7F, 0x7F, 0x7F, 0x7F, 
  0x7F, 0x7F, 0x7F, 0x7F, 0x7F, 0x7F, 0x7F, 0x7F, 0x7F, 0x7F, 0x80, 0x80, 0x80, 0x80, 0x80, 0x80, 
  0x80, 0x7F, 0x7F, 0x7F, 0x7F, 0x7F, 0x7F, 0x7F, 0x7F, 0x80, 0x80, 0x80, 0x80, 0x80, 0x80, 0x80, 
  0x7F, 0x7F, 0x7F, 0x7F, 0x7F, 0x7F, 0x7F, 0x7F, 0x7F, 0x7F, 0x7F, 0x7F, 0x7F, 0x7F, 0x7F, 0x80, 
  0x80, 0x80, 0x80, 0x80, 0x80, 0x7F, 0x7F, 0x7F, 0x7F, 0x7F, 0x7F, 0x7F, 0x7F, 0x80, 0x80, 0x80, 
  0x80, 0x80, 0x80, 0x80, 0x80, 0x80, 0x80, 0x80, 0x80, 0x80, 0x80, 0x80, 0x80, 0x80, 0x80, 0x80, 
  0x80, 0x80, 0x7F, 0x7F, 0x7F, 0x7F, 0x7F, 0x7F, 0x7F, 0x7F, 0x7F, 0x7F, 0x7F, 0x7F, 0x7F, 0x7F, 
  0x7F, 0x80, 0x80, 0x80, 0x80, 0x80, 0x80, 0x80, 0x80, 0x80, 0x80, 0x80, 0x80, 0x80, 0x80, 0x7F, 
  0x7F, 0x7F, 0x7F, 0x7F, 0x7F, 0x7F, 0x7F, 0x80, 0x80, 0x80, 0x80, 0x80, 0x80, 0x80, 0x80, 0x80, 
  0x80, 0x80, 0x80, 0x80, 0x80, 0x7F, 0x7F, 0x7F, 0x7F, 0x7F, 0x7F, 0x7F, 0x7F, 0x7F, 0x7F, 0x7F, 
  0x7F, 0x7F, 0x7F, 0x80, 0x80, 0x80, 0x80, 0x80, 0x80, 0x80, 0x7F, 0x7F, 0x7F, 0x7F, 0x7F, 0x7F, 
  0x7F, 0x7F, 0x7F, 0x7F, 0x7F, 0x7F, 0x7F, 0x7F, 0x7F, 0x80, 0x80, 0x80, 0x80, 0x80, 0x80, 0x80, 
  0x80, 0x80, 0x80, 0x80, 0x80, 0x80, 0x80, 0x7F, 0x7F, 0x7F, 0x7F, 0x7F, 0x7F, 0x7F, 0x7F, 0x7F, 
  0x7F, 0x7F, 0x7F, 0x7F, 0x7F, 0x7F, 0x7F, 0x7F, 0x7F, 0x7F, 0x7F, 0x7F, 0x7F, 0x80, 0x80, 0x80, 
  0x80, 0x80, 0x80, 0x80, 0x7F, 0x7F, 0x7F, 0x7F, 0x7F, 0x7F, 0x7F, 0x7F, 0x80, 0x80, 0x80, 0x80, 
  0x80, 0x80, 0x80, 0x80, 0x80, 0x80, 0x80, 0x80, 0x80, 0x80, 0x7F, 0x7F, 0x7F, 0x7F, 0x7F, 0x7F, 
  0x7F, 0x80, 0x80, 0x80, 0x80, 0x80, 0x80, 0x80, 0x80, 0x80, 0x80, 0x80, 0x80, 0x80, 0x80, 0x80, 
  0x7F, 0x7F, 0x7F, 0x7F, 0x7F, 0x7F, 0x7F, 0x7F, 0x7F, 0x7F, 0x7F, 0x7F, 0x7F, 0x7F, 0x80, 0x80, 
  0x80, 0x80, 0x80, 0x80, 0x80, 0x7F, 0x7F, 0x7F, 0x7F, 0x7F, 0x7F, 0x7F, 0x7F, 0x7F, 0x7F, 0x7F, 
  0x7F, 0x7F, 0x7F, 0x7F, 0x80, 0x80, 0x80, 0x80, 0x80, 0x80, 0x80, 0x80, 0x80, 0x80, 0x80, 0x80, 
  0x80, 0x80, 0x7F, 0x7F, 0x7F, 0x7F, 0x7F, 0x7F, 0x7F, 0x7F, 0x7F, 0x7F, 0x7F, 0x7F, 0x7F, 0x7F, 
  0x7F, 0x80, 0x80, 0x80, 0x80, 0x80, 0x80, 0x80, 0x7F, 0x7F, 0x7F, 0x7F, 0x7F, 0x7F, 0x7F, 0x7F, 
  0x7F, 0x7F, 0x7F, 0x7F, 0x7F, 0x7F, 0x80, 0x80, 0x80, 0x80, 0x80, 0x80, 0x80, 0x80, 0x80, 0x80, 
  0x80, 0x80, 0x80, 0x80, 0x80, 0x7F, 0x7F, 0x7F, 0x7F, 0x7F, 0x7F, 0x7F, 0x80, 0x80, 0x80, 0x80, 
  0x80, 0x80, 0x80, 0x7F, 0x7F, 0x7F, 0x7F, 0x7F, 0x7F, 0x7F, 0x80, 0x80, 0x80, 0x80, 0x80, 0x80, 
  0x80, 0x80, 0x80, 0x80, 0x7F, 0x80, 0x80, 0x80, 0x7F, 0x7F, 0x7F, 0x7F, 0x7F, 0x7F, 0x7F, 0x7F, 
  0x7F, 0x7F, 0x7F, 0x7F, 0x7F, 0x7F, 0x7F, 0x80, 0x80, 0x80, 0x80, 0x80, 0x80, 0x80, 0x7F, 0x7F, 
  0x7F, 0x7F, 0x7F, 0x7F, 0x7F, 0x7F, 0x7F, 0x7F, 0x7F, 0x7F, 0x7F, 0x7F, 0x7F, 0x80, 0x80, 0x80, 
  0x80, 0x80, 0x80, 0x80, 0x7F, 0x7F, 0x7F, 0x7F, 0x7F, 0x7F, 0x7F, 0x80, 0x80, 0x80, 0x80, 0x80, 
  0x80, 0x80, 0x7F, 0x7F, 0x7F, 0x7F, 0x7F, 0x7F, 0x7F, 0x7F, 0x7F, 0x7F, 0x7F, 0x7F, 0x7F, 0x7F, 
  0x7F, 0x80, 0x80, 0x80, 0x80, 0x80, 0x80, 0x80, 0x7F, 0x7F, 0x7F, 0x7F, 0x7F, 0x7F, 0x7F, 0x80, 
  0x80, 0x80, 0x80, 0x80, 0x80, 0x80, 0x80, 0x7F, 0x7F, 0x7F, 0x7F, 0x7F, 0x7F, 0x7F, 0x7F, 0x7F, 
  0x7F, 0x7F, 0x7F, 0x7F, 0x7F, 0x80, 0x80, 0x80, 0x80, 0x80, 0x80, 0x80, 0x80, 0x80, 0x80, 0x80, 
  0x80, 0x80, 0x80, 0x7F, 0x7F, 0x7F, 0x7F, 0x7F, 0x7F, 0x7F, 0x7F, 0x7F, 0x7F, 0x7F, 0x7F, 0x7F, 
  0x7F, 0x7F, 0x80, 0x80, 0x80, 0x80, 0x80, 0x80
};
const unsigned int os19_len = 3016;

// os20 - VOC1 (1206 bytes)
PROGMEM const uint8_t os20[] = {
  0x80, 0x81, 0x84, 0x7F, 0x81, 0x7F, 0x83, 0x88, 0x87, 0x7E, 0x7C, 0x7D, 0x81, 0x86, 0x82, 0x94, 
  0x87, 0x79, 0x7B, 0x7E, 0x7C, 0x7D, 0x84, 0x7D, 0x80, 0x7F, 0x7D, 0x7F, 0x80, 0x7F, 0x8E, 0x89, 
  0x7A, 0x7D, 0x7D, 0x7E, 0x81, 0x87, 0x81, 0x78, 0x7F, 0x7C, 0x7E, 0x7E, 0x7F, 0x89, 0x99, 0xA4, 
  0xA7, 0x96, 0x6A, 0x85, 0x7F, 0x70, 0x78, 0x79, 0x7B, 0x98, 0xB9, 0x8D, 0x71, 0x71, 0x7A, 0x96, 
  0xAE, 0x99, 0x7F, 0x71, 0x81, 0x84, 0x77, 0x88, 0xA2, 0x90, 0x8D, 0x83, 0x87, 0x7E, 0x88, 0x7C, 
  0x70, 0x78, 0x76, 0x77, 0x7D, 0x96, 0x7B, 0x7A, 0x7E, 0x7A, 0x81, 0x83, 0x7C, 0x7E, 0x82, 0x8D, 
  0x9A, 0x9C, 0x98, 0x84, 0x8F, 0xB3, 0xAE, 0xB2, 0xB7, 0x89, 0x6B, 0x77, 0x80, 0x7F, 0x75, 0x76, 
  0x7D, 0x6A, 0x71, 0x8E, 0x8B, 0x7A, 0x79, 0x77, 0x79, 0x87, 0x82, 0x84, 0x84, 0x78, 0x7C, 0x7D, 
  0x80, 0x7C, 0x92, 0x7C, 0x7B, 0x87, 0x78, 0x89, 0x96, 0x8B, 0x75, 0x79, 0x85, 0xA7, 0x9A, 0x74, 
  0x99, 0xBC, 0xA3, 0x98, 0xB7, 0x9C, 0x75, 0x83, 0xB5, 0x71, 0x63, 0x74, 0x69, 0x6E, 0x73, 0x77, 
  0x79, 0x7B, 0x7C, 0x8C, 0x94, 0x82, 0x78, 0x7A, 0x9B, 0xA8, 0x85, 0xA4, 0x99, 0x8E, 0x73, 0x83, 
  0xAC, 0x80, 0x73, 0x7C, 0x6A, 0x74, 0x77, 0x77, 0x79, 0x7B, 0x9B, 0xBF, 0xBC, 0x95, 0xB1, 0xB3, 
  0xC5, 0xCA, 0xCA, 0xCC, 0xCC, 0x89, 0x45, 0x4F, 0x48, 0x55, 0x86, 0x95, 0xA9, 0xBD, 0xC9, 0xAF, 
  0xA0, 0x8D, 0xC7, 0xCE, 0xB1, 0x7B, 0x53, 0x52, 0x50, 0x5C, 0x65, 0x6C, 0x73, 0x7E, 0x86, 0x7E, 
  0x81, 0xAA, 0xCC, 0xD8, 0xC9, 0xC9, 0xBB, 0xB3, 0xA0, 0x7F, 0x4C, 0x4C, 0x55, 0x61, 0x77, 0x95, 
  0x98, 0x98, 0x9D, 0xB4, 0xA6, 0x93, 0x88, 0x94, 0x88, 0x84, 0x6E, 0x6F, 0x6C, 0x66, 0x6C, 0x71, 
  0x75, 0x7F, 0x9A, 0xAB, 0xB8, 0xAD, 0xB9, 0xCB, 0xBC, 0x94, 0x83, 0x84, 0x61, 0x4D, 0x67, 0x8F, 
  0xAB, 0xB1, 0xCA, 0xBB, 0xAD, 0xB3, 0xAB, 0x85, 0x5D, 0x64, 0x65, 0x5D, 0x61, 0x69, 0x74, 0x80, 
  0xA7, 0xC2, 0xD2, 0xC7, 0xBF, 0xAE, 0x9F, 0x9C, 0x83, 0x6D, 0x5B, 0x52, 0x66, 0x8B, 0xB3, 0xA9, 
  0xA3, 0x9C, 0xA5, 0xA6, 0x98, 0xA1, 0x93, 0x8A, 0x7A, 0x65, 0x5E, 0x5D, 0x64, 0x6E, 0x80, 0x9D, 
  0xCA, 0xDE, 0xCE, 0xBA, 0xA6, 0x92, 0x85, 0x77, 0x7C, 0x61, 0x52, 0x65, 0x97, 0xCD, 0xF4, 0xEF, 
  0xDD, 0xC5, 0xA2, 0x8B, 0x6B, 0x5A, 0x4F, 0x4F, 0x52, 0x6A, 0x8F, 0xAF, 0xDC, 0xEE, 0xDF, 0xB5, 
  0x97, 0x83, 0x80, 0x68, 0x57, 0x57, 0x55, 0x5D, 0x6B, 0x79, 0x92, 0xAD, 0xD8, 0xED, 0xE8, 0xCC, 
  0xBF, 0x92, 0x74, 0x57, 0x4D, 0x4A, 0x57, 0x71, 0x99, 0xC0, 0xE0, 0xE0, 0xC8, 0xA2, 0x8E, 0x7C, 
  0x5D, 0x50, 0x55, 0x5A, 0x6E, 0x89, 0x96, 0xA0, 0xAF, 0xB8, 0xBA, 0xBE, 0xC0, 0xB7, 0x9C, 0x88, 
  0x6C, 0x55, 0x49, 0x57, 0x71, 0x93, 0xBD, 0xEC, 0xD6, 0xAB, 0x93, 0x8B, 0x76, 0x59, 0x4E, 0x56, 
  0x64, 0x87, 0x98, 0x95, 0x93, 0x9C, 0x96, 0x8D, 0x95, 0xB0, 0xB0, 0x92, 0x84, 0x84, 0x71, 0x54, 
  0x60, 0x78, 0x9E, 0xC5, 0xE3, 0xDC, 0xAE, 0x85, 0x73, 0x69, 0x58, 0x5A, 0x5D, 0x6C, 0x94, 0xAB, 
  0xAC, 0xA7, 0x9A, 0x8A, 0x85, 0x88, 0x97, 0xB2, 0xA9, 0x92, 0x89, 0x79, 0x5C, 0x58, 0x6C, 0x95, 
  0xC6, 0xE9, 0xEA, 0xC9, 0xA5, 0x77, 0x68, 0x55, 0x56, 0x5A, 0x5F, 0x78, 0x9A, 0xA6, 0xA4, 0x9D, 
  0x84, 0x78, 0x7C, 0x80, 0x8E, 0x9A, 0xA2, 0x90, 0x83, 0x6C, 0x5D, 0x68, 0x77, 0x98, 0xE6, 0xF8, 
  0xD5, 0xB4, 0x96, 0x6D, 0x61, 0x50, 0x56, 0x5D, 0x7E, 0xB1, 0xC4, 0xB0, 0x93, 0x91, 0x70, 0x68, 
  0x71, 0x6C, 0x73, 0x77, 0x7D, 0x88, 0x77, 0x6F, 0x7F, 0xAA, 0xAC, 0xC7, 0xD4, 0x94, 0x8A, 0x8C, 
  0x8C, 0x66, 0x59, 0x62, 0x8A, 0xB2, 0xB1, 0x97, 0x85, 0x7C, 0x7A, 0x6D, 0x66, 0x6B, 0x73, 0x7D, 
  0x76, 0x7D, 0xAD, 0xAC, 0x8D, 0x69, 0x7B, 0x99, 0xAC, 0xA9, 0x7A, 0x72, 0x89, 0xB3, 0x8F, 0x6E, 
  0x6D, 0x68, 0x86, 0x8E, 0x75, 0x76, 0x80, 0x88, 0x9B, 0x91, 0x73, 0x6D, 0x73, 0x83, 0x72, 0xB0, 
  0xC4, 0x93, 0x68, 0x68, 0x9C, 0xBC, 0x98, 0x78, 0x73, 0x8B, 0xB4, 0xC2, 0x73, 0x53, 0x5A, 0x92, 
  0xAF, 0x87, 0x6F, 0x76, 0x89, 0x83, 0x8A, 0x88, 0x68, 0x75, 0x84, 0x7E, 0x71, 0x8B, 0x90, 0x71, 
  0x7B, 0x92, 0x94, 0x8C, 0x6F, 0x76, 0x83, 0xA0, 0xB6, 0x97, 0x72, 0x6C, 0x87, 0x81, 0x75, 0x73, 
  0x76, 0x83, 0x98, 0x93, 0x86, 0x74, 0x77, 0x82, 0x77, 0x81, 0xAF, 0xB5, 0x83, 0x68, 0x7E, 0x85, 
  0x7C, 0x7B, 0x73, 0x83, 0xB1, 0xAC, 0x92, 0x68, 0x6A, 0x7C, 0x8F, 0x72, 0x72, 0x7A, 0x7F, 0x9A, 
  0x98, 0x7B, 0x6F, 0x78, 0x82, 0x7A, 0x76, 0x88, 0x97, 0x7E, 0x74, 0x8C, 0x9A, 0x77, 0x72, 0x77, 
  0x78, 0x86, 0x8B, 0x8E, 0x77, 0x79, 0x8E, 0x83, 0x79, 0x78, 0x7B, 0x79, 0x7E, 0x99, 0x86, 0x79, 
  0x85, 0x8D, 0x76, 0x7A, 0x82, 0xB0, 0x8B, 0x6A, 0x8F, 0x97, 0x72, 0x74, 0x74, 0x78, 0x89, 0x9B, 
  0xA7, 0x81, 0x71, 0x84, 0x7B, 0x75, 0x77, 0x79, 0x7B, 0x8D, 0xA5, 0x8A, 0x70, 0x7B, 0x80, 0x7D, 
  0x77, 0x82, 0xA2, 0x8A, 0x76, 0x98, 0x85, 0x72, 0x73, 0x76, 0x79, 0x7E, 0x98, 0x8A, 0x6F, 0x81, 
  0x88, 0x7F, 0x77, 0x79, 0x7E, 0x7B, 0x83, 0x8D, 0x7E, 0x7E, 0x85, 0x81, 0x7E, 0x7A, 0x93, 0xA1, 
  0x67, 0x88, 0x8A, 0x7C, 0x76, 0x77, 0x7A, 0x7A, 0x94, 0xA7, 0x7B, 0x72, 0x83, 0x7B, 0x7B, 0x7A, 
  0x7D, 0x7B, 0x7E, 0x99, 0x8E, 0x76, 0x7D, 0x80, 0x81, 0x79, 0x82, 0xA7, 0x82, 0x82, 0x99, 0x8A, 
  0x74, 0x75, 0x76, 0x7C, 0x7D, 0x9B, 0x86, 0x74, 0x87, 0x83, 0x7F, 0x77, 0x7B, 0x83, 0x7A, 0x81, 
  0x92, 0x73, 0x81, 0x87, 0x8B, 0x82, 0x78, 0x8F, 0x8F, 0x6D, 0x91, 0x8C, 0x7D, 0x75, 0x78, 0x83, 
  0x7A, 0x92, 0x92, 0x78, 0x7C, 0x88, 0x7C, 0x81, 0x78, 0x7E, 0x7A, 0x83, 0xA0, 0x85, 0x77, 0x7C, 
  0x80, 0x7C, 0x7A, 0x86, 0x8B, 0x86, 0x78, 0x89, 0x85, 0x7E, 0x79, 0x7B, 0x7C, 0x80, 0x99, 0x84, 
  0x7B, 0x7E, 0x83, 0x7B, 0x7B, 0x7D, 0x7E, 0x7E, 0x88, 0x88, 0x7A, 0x7B, 0x81, 0x80, 0x7D, 0x7F, 
  0x80, 0x7F, 0x7D, 0x7E, 0x80, 0x7E, 0x7F, 0x7F, 0x7F, 0x84, 0x89, 0x7E, 0x7E, 0x7F, 0x7F, 0x7E, 
  0x7E, 0x7F, 0x7F, 0x81, 0x83, 0x80, 0x7E, 0x7F, 0x7F, 0x80, 0x81, 0x7F, 0x7F, 0x84, 0x88, 0x7C, 
  0x7D, 0x7D, 0x89, 0x82, 0x81, 0x8E, 0x7F, 0x7A, 0x7E, 0x7C, 0x7D, 0x81, 0x88, 0x85, 0x7B, 0x81, 
  0x82, 0x7D, 0x7D, 0x7D, 0x7E, 0x7E, 0x84, 0x86, 0x79, 0x81, 0x82, 0x82, 0x7E, 0x7D, 0x80, 0x7E, 
  0x7E, 0x7E, 0x83, 0x7F, 0x7F, 0x80, 0x7E, 0x80, 0x87, 0x82, 0x7F, 0x84, 0x87, 0x83, 0x7E, 0x7D, 
  0x7F, 0x7C, 0x7D, 0x7E, 0x80, 0x80, 0x7E, 0x7E, 0x81, 0x80, 0x80, 0x83, 0x85, 0x7D, 0x7D, 0x7E, 
  0x81, 0x7E, 0x81, 0x7D, 0x84, 0x80, 0x7E, 0x7E, 0x82, 0x7E, 0x7E, 0x80, 0x83, 0x7E, 0x82, 0x81, 
  0x7E, 0x7F, 0x82, 0x80, 0x7F, 0x81, 0x88, 0x7E, 0x7B, 0x7E, 0x81, 0x7F, 0x7E, 0x7F, 0x82, 0x7F, 
  0x7E, 0x7F, 0x85, 0x87, 0x7A, 0x81, 0x7E, 0x7E, 0x7F, 0x7E, 0x7F, 0x7F, 0x85, 0x86, 0x7D, 0x7E, 
  0x7F, 0x7F, 0x7F, 0x7F, 0x7F, 0x7F, 0x82, 0x86, 0x80, 0x7E, 0x7E, 0x7F, 0x7F, 0x7F, 0x81, 0x81, 
  0x7F, 0x82, 0x7F, 0x7F, 0x7F, 0x81, 0x7F, 0x7F, 0x81, 0x80, 0x7F, 0x83, 0x86, 0x7D, 0x7E, 0x7E, 
  0x7E, 0x7F, 0x81, 0x83, 0x7F, 0x80, 0x7E, 0x80, 0x81, 0x84, 0x84, 0x7E, 0x7D, 0x7E, 0x7E, 0x83, 
  0x83, 0x80, 0x7E, 0x7E, 0x7F, 0x7F, 0x82, 0x84, 0x7E, 0x7E, 0x7E, 0x7F, 0x80, 0x82, 0x83, 0x80, 
  0x7D, 0x7E, 0x7F, 0x7F, 0x7F, 0x7F, 0x7F, 0x80, 0x80, 0x80, 0x7F, 0x81, 0x80, 0x80, 0x7F, 0x80, 
  0x7F, 0x7F, 0x7F, 0x7F, 0x80, 0x80, 0x80, 0x7F, 0x7F, 0x7F, 0x7F, 0x7F, 0x7F, 0x7F, 0x80, 0x80, 
  0x80, 0x7F, 0x7F, 0x7F, 0x7F, 0x80, 0x80, 0x80, 0x80, 0x7F, 0x80, 0x80, 0x80, 0x80, 0x80, 0x7F, 
  0x7F, 0x7F, 0x7F, 0x7F, 0x7F, 0x7F, 0x80, 0x80, 0x80, 0x7F, 0x7F, 0x7F, 0x80, 0x80, 0x80, 0x80, 
  0x7F, 0x7F, 0x7F, 0x80, 0x80, 0x80, 0x7F, 0x7F, 0x7F, 0x7F, 0x7F, 0x7F, 0x80, 0x7F, 0x7F, 0x7F, 
  0x80, 0x80, 0x80, 0x80, 0x80, 0x7F, 0x7F, 0x7F, 0x7F, 0x7F, 0x80, 0x81, 0x82, 0x81, 0x81, 0x81, 
  0x81, 0x81, 0x80, 0x80, 0x80, 0x80, 0x80, 0x7E, 0x7F, 0x7F, 0x7F, 0x7F, 0x7F, 0x7F, 0x80, 0x80, 
  0x80, 0x80, 0x80, 0x80, 0x80, 0x80, 0x80, 0x80, 0x80, 0x80, 0x80, 0x80, 0x80, 0x80, 0x80, 0x80, 
  0x80, 0x80, 0x80, 0x80, 0x80, 0x80
};
const unsigned int os20_len = 1206;

// os21 - VOC2 (524 bytes)
PROGMEM const uint8_t os21[] = {
  0x80, 0x7C, 0x84, 0x84, 0x8D, 0x90, 0x93, 0x95, 0x96, 0x95, 0x8D, 0x8B, 0x8C, 0x80, 0x81, 0x78, 
  0x77, 0x6C, 0x6F, 0x66, 0x68, 0x6C, 0x64, 0x66, 0x67, 0x69, 0x65, 0x70, 0x70, 0x75, 0x80, 0x7A, 
  0x80, 0x9B, 0x93, 0x99, 0xA0, 0xA4, 0x9B, 0xA1, 0xA1, 0x9F, 0xB1, 0xB2, 0xB4, 0xB6, 0xB8, 0xB2, 
  0xA5, 0xA9, 0x8B, 0x92, 0x7E, 0x75, 0x72, 0x6C, 0x5F, 0x51, 0x63, 0x4F, 0x57, 0x55, 0x5D, 0x5E, 
  0x6B, 0x6C, 0x71, 0x8E, 0x9E, 0xA3, 0xB2, 0xA6, 0xB8, 0xAB, 0xAD, 0x90, 0xA3, 0x8D, 0x85, 0x73, 
  0x73, 0x64, 0x5E, 0x50, 0x41, 0x44, 0x3E, 0x3F, 0x39, 0x4E, 0x44, 0x5D, 0x69, 0x7B, 0x90, 0xAE, 
  0xBB, 0xD3, 0xDC, 0xDC, 0xD6, 0xCD, 0xBA, 0x9E, 0x6F, 0x56, 0x4A, 0x30, 0x1E, 0x1B, 0x19, 0x1C, 
  0x23, 0x30, 0x42, 0x59, 0x80, 0x93, 0xB8, 0xCE, 0xE6, 0xF0, 0xF3, 0xF8, 0xF3, 0xF0, 0xD9, 0xC4, 
  0x8D, 0x58, 0x34, 0x14, 0x0E, 0x08, 0x0C, 0x0A, 0x19, 0x2B, 0x53, 0x81, 0xA9, 0xD1, 0xE4, 0xEB, 
  0xEF, 0xF2, 0xEE, 0xE8, 0xCE, 0xB0, 0x83, 0x42, 0x2F, 0x18, 0x14, 0x11, 0x17, 0x1F, 0x32, 0x56, 
  0x84, 0xBC, 0xD9, 0xE5, 0xEA, 0xE6, 0xDF, 0xD0, 0xBF, 0x91, 0x63, 0x2B, 0x1F, 0x15, 0x18, 0x1B, 
  0x2D, 0x47, 0x6F, 0xA8, 0xC6, 0xD9, 0xDE, 0xE1, 0xD9, 0xCA, 0xAA, 0x7D, 0x6B, 0x5D, 0x55, 0x3B, 
  0x2E, 0x3C, 0x2F, 0x42, 0x52, 0x8A, 0x8B, 0xB5, 0xC1, 0xBA, 0xC1, 0xB5, 0xA9, 0x95, 0x8D, 0x77, 
  0x79, 0x91, 0xB9, 0x9A, 0x79, 0x78, 0x4F, 0x36, 0x39, 0x40, 0x3C, 0x5B, 0x92, 0x9F, 0xBA, 0xCD, 
  0xC3, 0xB5, 0xB1, 0x89, 0x63, 0x5A, 0x5A, 0x95, 0x90, 0x62, 0x7B, 0x77, 0x4F, 0x5F, 0x6C, 0x66, 
  0x69, 0x9A, 0x95, 0x97, 0xAF, 0xAA, 0x94, 0x94, 0x7F, 0x5E, 0x5D, 0x66, 0xC3, 0xBF, 0x8D, 0x9A, 
  0x8D, 0x42, 0x42, 0x4C, 0x46, 0x48, 0x8F, 0x9E, 0xA3, 0xC0, 0xC0, 0xA0, 0x90, 0x7B, 0x56, 0x4E, 
  0x61, 0xB7, 0xB9, 0x90, 0x8A, 0x70, 0x40, 0x48, 0x4C, 0x50, 0x66, 0x99, 0xAA, 0xB0, 0xBC, 0xA6, 
  0x89, 0x78, 0x63, 0x4F, 0x54, 0x6C, 0xBB, 0xDB, 0xB5, 0x8C, 0x88, 0x3B, 0x2D, 0x33, 0x41, 0x55, 
  0xA0, 0xC5, 0xC4, 0xCD, 0xBD, 0x8E, 0x59, 0x40, 0x36, 0x3F, 0x80, 0xC3, 0xE2, 0xD8, 0xA6, 0x7B, 
  0x34, 0x1F, 0x29, 0x37, 0x58, 0xA8, 0xD7, 0xD8, 0xCF, 0xB3, 0x6F, 0x3E, 0x34, 0x35, 0x43, 0x7E, 
  0xCF, 0xD7, 0xD4, 0xA8, 0x63, 0x31, 0x26, 0x2E, 0x39, 0x71, 0xB8, 0xD2, 0xD2, 0xC3, 0xA6, 0x54, 
  0x35, 0x30, 0x3A, 0x5E, 0xAB, 0xD6, 0xD6, 0xCF, 0xA0, 0x44, 0x2A, 0x26, 0x38, 0x5B, 0xA9, 0xD2, 
  0xD7, 0xD0, 0xA8, 0x66, 0x31, 0x2A, 0x34, 0x53, 0x98, 0xC2, 0xD5, 0xD5, 0xBD, 0x88, 0x3D, 0x2A, 
  0x28, 0x38, 0x7A, 0xAB, 0xD0, 0xD6, 0xC4, 0x85, 0x4E, 0x33, 0x31, 0x3E, 0x7B, 0xB8, 0xC9, 0xCC, 
  0xBB, 0x81, 0x59, 0x3C, 0x2E, 0x33, 0x85, 0xB1, 0xC0, 0xCB, 0xC2, 0x77, 0x45, 0x3C, 0x33, 0x41, 
  0x7E, 0xB9, 0xC7, 0xC3, 0xC0, 0x8D, 0x5C, 0x54, 0x46, 0x36, 0x41, 0x9B, 0xB7, 0xA5, 0xBE, 0xBB, 
  0x67, 0x49, 0x49, 0x4A, 0x5D, 0x92, 0xB8, 0xB7, 0xAA, 0xA1, 0x7C, 0x6F, 0x7B, 0x6D, 0x4A, 0x4E, 
  0x6A, 0x9A, 0x78, 0xA5, 0xB1, 0x7E, 0x71, 0x67, 0x64, 0x62, 0x72, 0x96, 0x97, 0x96, 0x9B, 0x8B, 
  0x8C, 0x83, 0x80, 0x62, 0x53, 0x5E, 0x88, 0x7F, 0x9E, 0x9F, 0x9B, 0x7F, 0x67, 0x6F, 0x65, 0x70, 
  0x8C, 0x92, 0x97, 0x92, 0x8C, 0x85, 0x7B, 0x82, 0x75, 0x65, 0x6B, 0x80, 0x87, 0x86, 0x8E, 0x91, 
  0x7C, 0x73, 0x7A, 0x75, 0x79, 0x82, 0x89, 0x8A, 0x86, 0x85, 0x80, 0x7E, 0x81, 0x81, 0x79, 0x76, 
  0x79, 0x83, 0x7F, 0x84, 0x85, 0x82, 0x7F, 0x7F, 0x80, 0x7F, 0x7F, 0x80
};
const unsigned int os21_len = 524;

// os22 - ZAP1 (1985 bytes)
PROGMEM const uint8_t os22[] = {
  0x80, 0x80, 0x7F, 0xCE, 0x87, 0x7C, 0xA7, 0x7C, 0x7A, 0x7E, 0x75, 0x7B, 0x66, 0x7C, 0x7B, 0x7E, 
  0x7D, 0x78, 0x87, 0x77, 0x87, 0x7A, 0x75, 0xAA, 0x73, 0x77, 0xCD, 0x71, 0x77, 0xEE, 0x75, 0x76, 
  0xD9, 0x7C, 0x75, 0xB2, 0x76, 0x73, 0x84, 0x6D, 0x74, 0x56, 0x73, 0x75, 0x6F, 0x78, 0x73, 0x82, 
  0x73, 0x7A, 0x77, 0x71, 0xA1, 0x70, 0x72, 0xC7, 0x6E, 0x73, 0xE9, 0x70, 0x72, 0xE6, 0x76, 0x72, 
  0xBE, 0x74, 0x70, 0x8E, 0x6D, 0x71, 0x5B, 0x6F, 0x72, 0x63, 0x74, 0x71, 0x7D, 0x72, 0x6F, 0x77, 
  0x6E, 0x96, 0x6E, 0x6F, 0xBF, 0x6C, 0x70, 0xE2, 0x6C, 0x70, 0xF3, 0x72, 0x70, 0xC6, 0x73, 0x6F, 
  0xC2, 0x6B, 0x70, 0x6F, 0x78, 0x6E, 0x6F, 0x62, 0x6C, 0x70, 0xDD, 0x73, 0x6F, 0xAA, 0x6C, 0x6F, 
  0x6F, 0x78, 0x70, 0x6E, 0x7F, 0x6A, 0x6F, 0xF8, 0x70, 0x6F, 0x92, 0x6D, 0x6E, 0x70, 0x69, 0x72, 
  0x6F, 0x9A, 0x6D, 0x6E, 0xE1, 0x6C, 0x6F, 0x7B, 0x71, 0x6D, 0x6F, 0x5B, 0x70, 0x6F, 0xB7, 0x71, 
  0x6E, 0xC8, 0x6B, 0x6F, 0x6E, 0x76, 0x6D, 0x6E, 0x59, 0x6D, 0x70, 0xD4, 0x74, 0x6E, 0xAF, 0x6B, 
  0x6F, 0x6F, 0x7A, 0x6F, 0x6E, 0x75, 0x6A, 0x6F, 0xF1, 0x70, 0x6F, 0x99, 0x6C, 0x6E, 0x6F, 0x6E, 
  0x71, 0x6E, 0x90, 0x6C, 0x6E, 0xE8, 0x6D, 0x6F, 0x82, 0x6F, 0x6D, 0x6F, 0x60, 0x71, 0x6F, 0xAC, 
  0x70, 0x6E, 0xCF, 0x6A, 0x6F, 0x6E, 0x74, 0x6C, 0x6E, 0x52, 0x6E, 0x70, 0xC9, 0x73, 0x6E, 0xB6, 
  0x6B, 0x6F, 0x6F, 0x79, 0x6E, 0x6E, 0x6B, 0x6B, 0x6F, 0xE7, 0x71, 0x6F, 0x9C, 0x6C, 0x6F, 0x6F, 
  0x72, 0x70, 0x6E, 0x85, 0x6B, 0x6F, 0xE8, 0x6E, 0x6F, 0x88, 0x6E, 0x6E, 0x70, 0x66, 0x72, 0x6F, 
  0x9E, 0x6F, 0x6E, 0xD1, 0x6C, 0x70, 0x73, 0x73, 0x6D, 0x6F, 0x59, 0x70, 0x70, 0xBA, 0x73, 0x6F, 
  0xBA, 0x6C, 0x70, 0x6F, 0x77, 0x6F, 0x6F, 0x64, 0x6D, 0x70, 0xD6, 0x73, 0x6F, 0xA3, 0x6D, 0x70, 
  0x70, 0x77, 0x71, 0x6F, 0x7D, 0x6B, 0x70, 0xF0, 0x70, 0x70, 0x70, 0x7B, 0x70, 0x6F, 0xD4, 0x6D, 
  0x70, 0x70, 0x71, 0x6C, 0x70, 0x7A, 0x73, 0x6F, 0x71, 0xE0, 0x73, 0x70, 0x71, 0x60, 0x72, 0x71, 
  0xA0, 0x6E, 0x71, 0x71, 0xAB, 0x72, 0x70, 0x71, 0x78, 0x72, 0x70, 0xCB, 0x6D, 0x71, 0x70, 0x7C, 
  0x6C, 0x71, 0x73, 0x75, 0x6F, 0x71, 0xEC, 0x72, 0x71, 0x71, 0x5B, 0x71, 0x72, 0x99, 0x6F, 0x71, 
  0x72, 0xB7, 0x74, 0x71, 0x72, 0x73, 0x73, 0x71, 0xC2, 0x6E, 0x72, 0x71, 0x85, 0x6E, 0x71, 0x72, 
  0x77, 0x70, 0x72, 0xE6, 0x72, 0x72, 0x72, 0x5A, 0x71, 0x73, 0x8F, 0x70, 0x71, 0x73, 0xBE, 0x76, 
  0x72, 0x73, 0x6F, 0x75, 0x72, 0xB4, 0x6F, 0x73, 0x72, 0xDA, 0x75, 0x72, 0x73, 0xD6, 0x75, 0x73, 
  0x73, 0xD3, 0x76, 0x73, 0x73, 0xCF, 0x76, 0x73, 0x73, 0xCB, 0x77, 0x73, 0x73, 0xC8, 0x78, 0x73, 
  0x74, 0xC4, 0x78, 0x73, 0x74, 0xC0, 0x77, 0x73, 0x74, 0xBC, 0x77, 0x73, 0x74, 0xB9, 0x77, 0x73, 
  0x74, 0xB5, 0x76, 0x73, 0x74, 0xB1, 0x76, 0x73, 0x74, 0xAD, 0x76, 0x73, 0x74, 0xAA, 0x75, 0x73, 
  0x74, 0xA6, 0x75, 0x73, 0x74, 0xA2, 0x74, 0x73, 0x74, 0x9F, 0x74, 0x74, 0x75, 0x9B, 0x74, 0x74, 
  0x75, 0x98, 0x73, 0x74, 0x75, 0x95, 0x73, 0x74, 0x75, 0x91, 0x73, 0x74, 0x75, 0x8E, 0x72, 0x74, 
  0x75, 0x8B, 0x72, 0x75, 0x75, 0x87, 0x71, 0x75, 0x75, 0x83, 0x71, 0x75, 0x75, 0x80, 0x71, 0x75, 
  0x75, 0x7D, 0x71, 0x75, 0x75, 0x7A, 0x71, 0x75, 0x75, 0x77, 0x72, 0x76, 0x75, 0x74, 0x72, 0x76, 
  0x75, 0x70, 0x73, 0x76, 0x76, 0x6D, 0x73, 0x76, 0x76, 0x6A, 0x74, 0x76, 0x76, 0x67, 0x74, 0x76, 
  0x76, 0x64, 0x74, 0x76, 0x76, 0x61, 0x75, 0x77, 0x76, 0x5F, 0x75, 0x77, 0x76, 0x61, 0x76, 0x77, 
  0x76, 0x62, 0x76, 0x77, 0x76, 0x64, 0x76, 0x77, 0x76, 0x66, 0x77, 0x77, 0x76, 0x67, 0x77, 0x76, 
  0x76, 0x69, 0x78, 0x76, 0x76, 0x6B, 0x78, 0x76, 0x76, 0x6C, 0x78, 0x76, 0x76, 0x6E, 0x79, 0x76, 
  0x76, 0x70, 0x79, 0x76, 0x76, 0xB4, 0x7B, 0x76, 0x76, 0xCE, 0x7C, 0x75, 0x76, 0x76, 0x6C, 0x75, 
  0x77, 0x76, 0xC5, 0x78, 0x77, 0x75, 0xBA, 0x7B, 0x76, 0x76, 0x76, 0x72, 0x73, 0x76, 0x76, 0xD3, 
  0x72, 0x77, 0x75, 0xA2, 0x77, 0x77, 0x75, 0x76, 0x81, 0x72, 0x75, 0x76, 0xD2, 0x6E, 0x75, 0x75, 
  0x92, 0x73, 0x76, 0x74, 0x75, 0x91, 0x75, 0x73, 0x75, 0xD8, 0x71, 0x74, 0x75, 0x81, 0x70, 0x75, 
  0x74, 0x75, 0xA1, 0x77, 0x73, 0x75, 0xD5, 0x76, 0x73, 0x75, 0x75, 0x6D, 0x74, 0x75, 0x74, 0xB1, 
  0x7A, 0x75, 0x74, 0xC2, 0x7C, 0x74, 0x75, 0x75, 0x6B, 0x73, 0x76, 0x75, 0xC1, 0x75, 0x76, 0x74, 
  0xAF, 0x79, 0x75, 0x75, 0x75, 0xCD, 0x70, 0x76, 0x75, 0x75, 0x89, 0x73, 0x74, 0x75, 0x87, 0x70, 
  0x75, 0x74, 0x75, 0xD8, 0x75, 0x72, 0x75, 0x74, 0xB0, 0x7A, 0x75, 0x74, 0x75, 0x6A, 0x73, 0x76, 
  0x75, 0xAB, 0x78, 0x76, 0x75, 0x75, 0xCF, 0x6F, 0x76, 0x75, 0x75, 0x8D, 0x74, 0x73, 0x75, 0x82, 
  0x70, 0x75, 0x74, 0x75, 0xD3, 0x77, 0x73, 0x75, 0x75, 0xB5, 0x79, 0x75, 0x74, 0x75, 0x6B, 0x73, 
  0x76, 0x75, 0xA1, 0x77, 0x76, 0x75, 0x75, 0xC9, 0x6F, 0x75, 0x75, 0x75, 0x8F, 0x75, 0x74, 0x75, 
  0x7E, 0x70, 0x75, 0x75, 0x75, 0xC7, 0x78, 0x74, 0x75, 0x75, 0xB3, 0x78, 0x76, 0x75, 0x75, 0x70, 
  0x74, 0x76, 0x75, 0x75, 0x83, 0x73, 0x75, 0x76, 0x76, 0x95, 0x76, 0x74, 0x76, 0x76, 0xA9, 0x7A, 
  0x75, 0x75, 0x76, 0xBC, 0x76, 0x77, 0x75, 0x76, 0xC8, 0x71, 0x77, 0x76, 0x76, 0xCF, 0x72, 0x75, 
  0x76, 0x76, 0xCB, 0x78, 0x74, 0x76, 0x76, 0xB5, 0x7C, 0x76, 0x76, 0x76, 0x9F, 0x78, 0x77, 0x76, 
  0x76, 0x8C, 0x73, 0x77, 0x75, 0x76, 0x7A, 0x70, 0x76, 0x76, 0x76, 0x76, 0x6D, 0x75, 0x77, 0x76, 
  0x76, 0x78, 0x74, 0x77, 0x76, 0x76, 0x8B, 0x75, 0x75, 0x77, 0x76, 0x9E, 0x79, 0x75, 0x76, 0x76, 
  0xB1, 0x7A, 0x77, 0x76, 0x77, 0xC4, 0x75, 0x78, 0x76, 0x77, 0xCC, 0x6F, 0x77, 0x77, 0x77, 0xCA, 
  0x75, 0x75, 0x77, 0x76, 0xBB, 0x7B, 0x76, 0x77, 0x77, 0xA7, 0x7B, 0x77, 0x77, 0x77, 0x95, 0x77, 
  0x78, 0x76, 0x77, 0x84, 0x73, 0x77, 0x76, 0x77, 0x77, 0x71, 0x77, 0x77, 0x77, 0x77, 0x6F, 0x76, 
  0x78, 0x77, 0x77, 0x80, 0x75, 0x77, 0x77, 0x77, 0x90, 0x77, 0x76, 0x77, 0x77, 0xA2, 0x7A, 0x77, 
  0x77, 0x77, 0xB3, 0x79, 0x78, 0x77, 0x77, 0xC0, 0x74, 0x78, 0x77, 0x78, 0xC7, 0x72, 0x77, 0x77, 
  0x77, 0xC8, 0x78, 0x75, 0x78, 0x77, 0xB4, 0x7E, 0x77, 0x78, 0x78, 0xA0, 0x7A, 0x79, 0x77, 0x78, 
  0x8F, 0x76, 0x78, 0x77, 0x78, 0x7E, 0x73, 0x78, 0x77, 0x77, 0x78, 0x90, 0x75, 0x77, 0x78, 0x78, 
  0xC0, 0x77, 0x77, 0x78, 0x77, 0x86, 0x6C, 0x75, 0x78, 0x77, 0x77, 0xBC, 0x72, 0x77, 0x77, 0x77, 
  0x9E, 0x70, 0x79, 0x77, 0x77, 0x77, 0xB9, 0x78, 0x78, 0x77, 0x77, 0xB3, 0x7B, 0x77, 0x76, 0x77, 
  0x77, 0xA0, 0x7A, 0x76, 0x77, 0x77, 0xBE, 0x79, 0x76, 0x77, 0x77, 0x77, 0x87, 0x74, 0x77, 0x77, 
  0x77, 0xB5, 0x76, 0x77, 0x77, 0x77, 0x87, 0x67, 0x76, 0x78, 0x77, 0x77, 0xB3, 0x73, 0x77, 0x77, 
  0x77, 0x9E, 0x73, 0x79, 0x77, 0x77, 0x77, 0xAD, 0x79, 0x77, 0x77, 0x77, 0xB7, 0x7B, 0x77, 0x77, 
  0x77, 0x77, 0x9D, 0x79, 0x76, 0x77, 0x77, 0xBC, 0x79, 0x76, 0x77, 0x77, 0x77, 0xB3, 0x72, 0x77, 
  0x77, 0x77, 0x77, 0xA4, 0x7B, 0x77, 0x77, 0x77, 0x7B, 0x7A, 0x74, 0x77, 0x77, 0x77, 0xA1, 0x75, 
  0x79, 0x77, 0x77, 0x77, 0xBE, 0x7A, 0x76, 0x77, 0x77, 0x77, 0xB4, 0x73, 0x77, 0x77, 0x77, 0x77, 
  0xA8, 0x7B, 0x77, 0x77, 0x77, 0x78, 0x81, 0x73, 0x77, 0x77, 0x77, 0x9B, 0x72, 0x79, 0x77, 0x77, 
  0x78, 0xC0, 0x7A, 0x76, 0x77, 0x78, 0x78, 0xAC, 0x75, 0x77, 0x77, 0x77, 0x78, 0xA5, 0x7A, 0x78, 
  0x78, 0x78, 0x78, 0x86, 0x75, 0x77, 0x78, 0x78, 0x92, 0x71, 0x79, 0x78, 0x78, 0x78, 0xB7, 0x7A, 
  0x77, 0x78, 0x78, 0x78, 0xAC, 0x76, 0x78, 0x78, 0x78, 0x78, 0xB7, 0x7A, 0x77, 0x78, 0x78, 0x78, 
  0x9D, 0x77, 0x79, 0x78, 0x78, 0x78, 0x81, 0x73, 0x76, 0x79, 0x78, 0x78, 0x78, 0x98, 0x7A, 0x78, 
  0x78, 0x78, 0x79, 0xAC, 0x78, 0x79, 0x78, 0x79, 0x79, 0xAD, 0x77, 0x78, 0x79, 0x78, 0x79, 0xB8, 
  0x7B, 0x78, 0x79, 0x79, 0x79, 0x9C, 0x76, 0x7A, 0x78, 0x79, 0x79, 0x80, 0x75, 0x77, 0x79, 0x79, 
  0x79, 0x79, 0x9A, 0x7A, 0x78, 0x79, 0x79, 0x79, 0xAD, 0x78, 0x79, 0x79, 0x79, 0x79, 0xAE, 0x78, 
  0x79, 0x79, 0x79, 0x79, 0xB9, 0x7B, 0x78, 0x79, 0x79, 0x79, 0x9B, 0x76, 0x7A, 0x79, 0x79, 0x79, 
  0x7F, 0x77, 0x77, 0x79, 0x79, 0x79, 0x79, 0xA5, 0x7A, 0x78, 0x79, 0x79, 0x79, 0x8F, 0x82, 0x78, 
  0x79, 0x79, 0x79, 0x79, 0xA5, 0x7B, 0x79, 0x79, 0x79, 0x79, 0x87, 0x8A, 0x79, 0x78, 0x79, 0x79, 
  0x79, 0xA6, 0x7B, 0x79, 0x79, 0x79, 0x79, 0x7E, 0x95, 0x7A, 0x79, 0x79, 0x79, 0x79, 0xA8, 0x7A, 
  0x79, 0x79, 0x79, 0x79, 0x79, 0x9F, 0x7B, 0x79, 0x79, 0x79, 0x79, 0xAC, 0x79, 0x79, 0x79, 0x79, 
  0x79, 0x79, 0xAA, 0x79, 0x7A, 0x79, 0x79, 0x79, 0xAF, 0x77, 0x79, 0x79, 0x79, 0x79, 0x79, 0xA9, 
  0x77, 0x7A, 0x79, 0x79, 0x79, 0xA9, 0x74, 0x79, 0x79, 0x79, 0x79, 0x79, 0xA7, 0x77, 0x79, 0x79, 
  0x79, 0x79, 0x84, 0x8D, 0x7A, 0x78, 0x79, 0x79, 0x79, 0x7A, 0xA8, 0x76, 0x79, 0x79, 0x79, 0x79, 
  0x7A, 0xA6, 0x7B, 0x7A, 0x79, 0x7A, 0x7A, 0x7A, 0xA8, 0x74, 0x79, 0x7A, 0x79, 0x7A, 0x7A, 0x81, 
  0x92, 0x7A, 0x79, 0x79, 0x7A, 0x7A, 0x7A, 0x9F, 0x78, 0x79, 0x7A, 0x7A, 0x7A, 0x7A, 0x9F, 0x7B, 
  0x7A, 0x7A, 0x7A, 0x7A, 0x7A, 0x9C, 0x74, 0x79, 0x7A, 0x7A, 0x7A, 0x7A, 0x7D, 0x91, 0x7B, 0x7A, 
  0x7A, 0x7A, 0x7A, 0x7A, 0x9F, 0x79, 0x7A, 0x7A, 0x7A, 0x7A, 0x7A, 0xA0, 0x7B, 0x7A, 0x7A, 0x7A, 
  0x7A, 0x7A, 0x9A, 0x76, 0x7A, 0x7B, 0x7A, 0x7A, 0x7A, 0x7B, 0x95, 0x7C, 0x7A, 0x7A, 0x7A, 0x7B, 
  0x7B, 0x9F, 0x7C, 0x7B, 0x7A, 0x7B, 0x7B, 0x7B, 0x7B, 0x9E, 0x7B, 0x7B, 0x7A, 0x7B, 0x7B, 0x7B, 
  0xA3, 0x77, 0x7A, 0x7B, 0x7B, 0x7B, 0x7B, 0x7B, 0x9F, 0x7B, 0x7A, 0x7B, 0x7B, 0x7B, 0x7B, 0x85, 
  0x8A, 0x7B, 0x7A, 0x7B, 0x7B, 0x7B, 0x7B, 0xA4, 0x7B, 0x7B, 0x7B, 0x7B, 0x7B, 0x7B, 0x7B, 0xA2, 
  0x79, 0x7B, 0x7B, 0x7B, 0x7B, 0x7B, 0x97, 0x79, 0x7A, 0x7B, 0x7B, 0x7B, 0x7B, 0x7B, 0x97, 0x7C, 
  0x7B, 0x7B, 0x7B, 0x7B, 0x7B, 0x7B, 0x91, 0x7C, 0x7B, 0x7B, 0x7B, 0x7B, 0x7B, 0x9E, 0x7A, 0x7B, 
  0x7B, 0x7B, 0x7B, 0x7C, 0x7C, 0x98, 0x7B, 0x7B, 0x7C, 0x7C, 0x7C, 0x7C, 0x88, 0x94, 0x7D, 0x7C, 
  0x7C, 0x7C, 0x7C, 0x7C, 0x89, 0x93, 0x7D, 0x7C, 0x7C, 0x7C, 0x7C, 0x7C, 0x8B, 0x91, 0x7E, 0x7C, 
  0x7C, 0x7C, 0x7C, 0x7C, 0x8D, 0x90, 0x7E, 0x7B, 0x7C, 0x7C, 0x7C, 0x7C, 0x8F, 0x8F, 0x7D, 0x7B, 
  0x7C, 0x7C, 0x7C, 0x7C, 0x91, 0x8E, 0x7D, 0x7B, 0x7C, 0x7C, 0x7C, 0x7C, 0x93, 0x8C, 0x7D, 0x7B, 
  0x7C, 0x7C, 0x7C, 0x7C, 0x95, 0x8B, 0x7C, 0x7B, 0x7C, 0x7C, 0x7C, 0x7C, 0x97, 0x89, 0x7C, 0x7B, 
  0x7C, 0x7C, 0x7C, 0x7C, 0x99, 0x87, 0x7B, 0x7B, 0x7C, 0x7C, 0x7C, 0x7C, 0x9B, 0x85, 0x7B, 0x7B, 
  0x7C, 0x7C, 0x7C, 0x7C, 0x9D, 0x83, 0x7B, 0x7C, 0x7C, 0x7C, 0x7C, 0x7C, 0x7C, 0x91, 0x7A, 0x7C, 
  0x7C, 0x7C, 0x7C, 0x7C, 0x7C, 0x8F, 0x85, 0x7C, 0x7C, 0x7C, 0x7C, 0x7C, 0x7C, 0x7C, 0x90, 0x7B, 
  0x7D, 0x7C, 0x7C, 0x7C, 0x7C, 0x7C, 0x7D, 0x92, 0x7D, 0x7C, 0x7C, 0x7C, 0x7D, 0x7D, 0x7D, 0x87, 
  0x8C, 0x7E, 0x7D, 0x7D, 0x7D, 0x7D, 0x7D, 0x7D, 0x93, 0x78, 0x7C, 0x7D, 0x7D, 0x7D, 0x7D, 0x7D, 
  0x7D, 0x91, 0x7E, 0x7D, 0x7D, 0x7D, 0x7D, 0x7D, 0x7D, 0x7F, 0x91, 0x7C, 0x7D, 0x7D, 0x7D, 0x7D, 
  0x7D, 0x7D, 0x94, 0x82, 0x7C, 0x7D, 0x7D, 0x7D, 0x7D, 0x7D, 0x7D, 0x91, 0x7D, 0x7D, 0x7D, 0x7D, 
  0x7D, 0x7D, 0x7D, 0x7D, 0x94, 0x7C, 0x7D, 0x7D, 0x7D, 0x7D, 0x7D, 0x7D, 0x7F, 0x92, 0x7C, 0x7D, 
  0x7D, 0x7D, 0x7D, 0x7D, 0x7D, 0x7D, 0x93, 0x7C, 0x7D, 0x7D, 0x7D, 0x7D, 0x7D, 0x7D, 0x7D, 0x94, 
  0x7D, 0x7D, 0x7D, 0x7D, 0x7D, 0x7D, 0x7D, 0x7D, 0x89, 0x7E, 0x7D, 0x7D, 0x7D, 0x7D, 0x7D, 0x7D, 
  0x7E, 0x88, 0x7E, 0x7D, 0x7E, 0x7E, 0x7E, 0x7E, 0x7E, 0x7E, 0x88, 0x7E, 0x7E, 0x7E, 0x7E, 0x7E, 
  0x7E, 0x7E, 0x7E, 0x89, 0x7E, 0x7E, 0x7E, 0x7E, 0x7E, 0x7E, 0x7E, 0x7E, 0x89, 0x7D, 0x7E, 0x7E, 
  0x7E, 0x7E, 0x7E, 0x7E, 0x7E, 0x8A, 0x7C, 0x7E, 0x7E, 0x7E, 0x7E, 0x7E, 0x7E, 0x7E, 0x8B, 0x7E, 
  0x7E, 0x7E, 0x7E, 0x7E, 0x7E, 0x7E, 0x7E, 0x83, 0x88, 0x7F, 0x7E, 0x7E, 0x7E, 0x7E, 0x7E, 0x7E, 
  0x7E, 0x8C, 0x81, 0x7E, 0x7E, 0x7E, 0x7E, 0x7E, 0x7E, 0x7E, 0x7E, 0x8A, 0x7D, 0x7F, 0x7E, 0x7E, 
  0x7E, 0x7E, 0x7F, 0x7F, 0x7F, 0x8A, 0x7F, 0x7E, 0x7E, 0x7F, 0x7F, 0x7F, 0x7F, 0x7F, 0x7F, 0x8B, 
  0x7E, 0x7E, 0x7F, 0x7F, 0x7F, 0x7F, 0x7F, 0x7F, 0x85, 0x88, 0x7F, 0x7F, 0x7F, 0x7F, 0x7F, 0x7F, 
  0x7F, 0x7F, 0x8D, 0x80, 0x7E, 0x7F, 0x7F, 0x7F, 0x7F, 0x7F, 0x7F, 0x7F, 0x89, 0x7E, 0x7F, 0x7F, 
  0x7F, 0x7F, 0x7F, 0x7F, 0x7F, 0x7F, 0x8A, 0x7F, 0x7F, 0x7F, 0x7F, 0x7F, 0x7F, 0x7F, 0x7F, 0x7F, 
  0x8A, 0x7E, 0x7F, 0x7F, 0x7F, 0x7F, 0x7F, 0x7F, 0x7F, 0x7F, 0x8A, 0x7F, 0x7F, 0x7F, 0x7F, 0x7F, 
  0x7F, 0x7F, 0x7F, 0x7F, 0x8A, 0x7F, 0x7F, 0x7F, 0x7F, 0x7F, 0x7F, 0x7F, 0x7F, 0x7F, 0x8A, 0x7D, 
  0x7F, 0x7F, 0x7F, 0x7F, 0x7F, 0x7F, 0x7F, 0x7F, 0x8A, 0x81, 0x7E, 0x7F, 0x7F, 0x7F, 0x7F, 0x7F, 
  0x7F, 0x7F, 0x8C, 0x87, 0x7F, 0x7F, 0x7F, 0x7F, 0x7F, 0x7F, 0x7F, 0x7F, 0x86, 0x8A, 0x7E, 0x7F, 
  0x7F, 0x7F, 0x7F, 0x7F, 0x7F, 0x7F, 0x81, 0x8A, 0x7F, 0x7F, 0x7F, 0x7F, 0x7F, 0x7F, 0x7F, 0x7F, 
  0x7F, 0x8B, 0x7F, 0x7F, 0x7F, 0x7F, 0x7F, 0x7F, 0x7F, 0x7F, 0x7F, 0x8A, 0x7E, 0x7F, 0x7F, 0x7F, 
  0x7F, 0x7F, 0x7F, 0x7F, 0x7F, 0x7F, 0x7F, 0x7F, 0x7F, 0x7F, 0x7F, 0x7F, 0x7F, 0x7F, 0x7F, 0x7F, 
  0x7F
};
const unsigned int os22_len = 1985;

// os23 - ZAP2 (998 bytes)
PROGMEM const uint8_t os23[] = {
  0x80, 0x7F, 0x59, 0x5A, 0x4D, 0x5A, 0xA6, 0x94, 0x45, 0x53, 0xA4, 0x9D, 0x53, 0x7B, 0xB7, 0x61, 
  0x9D, 0xA0, 0x5E, 0xBF, 0x3F, 0xD5, 0x2A, 0xD4, 0x3D, 0x9F, 0x69, 0xBB, 0x29, 0xCE, 0x5C, 0x2F, 
  0xBF, 0x5E, 0xB5, 0x1E, 0xAB, 0xE4, 0x2B, 0x79, 0x57, 0x53, 0xF0, 0x89, 0x16, 0x9C, 0x82, 0x60, 
  0xF0, 0xCB, 0x10, 0x42, 0xB6, 0x67, 0x74, 0xF2, 0xEB, 0x4A, 0x2E, 0x8F, 0x7C, 0x1E, 0x43, 0xD8, 
  0xF8, 0x91, 0x63, 0xB5, 0xD9, 0x7F, 0x13, 0x0D, 0x61, 0xA7, 0x7E, 0x35, 0x45, 0xB9, 0xF6, 0xE1, 
  0x95, 0x5F, 0x80, 0xCC, 0xDC, 0xA2, 0x4C, 0x1F, 0x34, 0x7B, 0xA1, 0x8B, 0x52, 0x21, 0x24, 0x5B, 
  0x9C, 0xC0, 0xB5, 0x82, 0x58, 0x53, 0x74, 0xB0, 0xD3, 0xD4, 0xBB, 0x89, 0x64, 0x5C, 0x74, 0xA0, 
  0xBF, 0xC8, 0xB8, 0x92, 0x67, 0x4B, 0x4C, 0x5E, 0x85, 0xA3, 0xAD, 0xA8, 0x8F, 0x6E, 0x4F, 0x44, 
  0x48, 0x59, 0x7B, 0x97, 0xA8, 0xA7, 0x9A, 0x86, 0x6B, 0x5A, 0x4E, 0x53, 0x63, 0x7A, 0x94, 0xA3, 
  0xAB, 0xA5, 0x96, 0x88, 0x74, 0x61, 0x59, 0x5A, 0x5F, 0x6B, 0x7E, 0x91, 0x9F, 0xA6, 0xA3, 0x9C, 
  0x8F, 0x7D, 0x6F, 0x61, 0x5A, 0x56, 0x60, 0x66, 0x7A, 0x86, 0x95, 0x99, 0x9E, 0x98, 0x95, 0x8B, 
  0x7E, 0x78, 0x6D, 0x64, 0x64, 0x5F, 0x64, 0x70, 0x7B, 0x81, 0x8C, 0x96, 0x9A, 0xA2, 0x98, 0x96, 
  0x90, 0x85, 0x79, 0x6B, 0x6D, 0x65, 0x6C, 0x68, 0x6A, 0x77, 0x79, 0x82, 0x88, 0x8B, 0x93, 0x8E, 
  0x96, 0x98, 0x93, 0x8A, 0x86, 0x80, 0x87, 0x7A, 0x5F, 0x76, 0x70, 0x6D, 0x77, 0x7B, 0x74, 0x72, 
  0x81, 0x89, 0x88, 0x92, 0x83, 0x92, 0x93, 0x8F, 0x89, 0x88, 0x82, 0x7C, 0x77, 0x7E, 0x7E, 0x6C, 
  0x77, 0x7A, 0x6A, 0x65, 0x74, 0x71, 0x7A, 0x76, 0x7F, 0x76, 0x7F, 0x8A, 0x89, 0x8A, 0x91, 0x88, 
  0x8C, 0x86, 0x89, 0x7F, 0x76, 0x7D, 0x80, 0x84, 0x73, 0x6E, 0x6A, 0x78, 0x7C, 0x7D, 0x6B, 0x6E, 
  0x7C, 0x89, 0x8B, 0x7F, 0x87, 0x7F, 0x84, 0x8D, 0x8B, 0x80, 0x8C, 0x89, 0x82, 0x88, 0x84, 0x82, 
  0x86, 0x88, 0x7C, 0x7D, 0x83, 0x7A, 0x73, 0x77, 0x83, 0x81, 0x81, 0x87, 0x81, 0x82, 0x78, 0x77, 
  0x6F, 0x7C, 0x87, 0x8A, 0x8D, 0x82, 0x80, 0x7E, 0x81, 0x84, 0x8C, 0x82, 0x80, 0x7E, 0x7B, 0x7A, 
  0x7D, 0x84, 0x82, 0x8A, 0x88, 0x7B, 0x7C, 0x7E, 0x7A, 0x79, 0x78, 0x85, 0x89, 0x7A, 0x76, 0x84, 
  0x7E, 0x7F, 0x89, 0x85, 0x80, 0x7F, 0x80, 0x83, 0x81, 0x7D, 0x83, 0x7F, 0x75, 0x81, 0x85, 0x85, 
  0x7B, 0x73, 0x87, 0x85, 0x7E, 0x81, 0x87, 0x86, 0x8C, 0x90, 0x82, 0x80, 0x77, 0x84, 0x81, 0x8A, 
  0x83, 0x8C, 0x88, 0x8A, 0x80, 0x7F, 0x80, 0x83, 0x7B, 0x7F, 0x7E, 0x7E, 0x79, 0x7B, 0x83, 0x87, 
  0x83, 0x85, 0x84, 0x7E, 0x82, 0x7A, 0x78, 0x7F, 0x7D, 0x7B, 0x84, 0x8D, 0x86, 0x89, 0x8A, 0x85, 
  0x7B, 0x82, 0x7E, 0x77, 0x80, 0x7B, 0x75, 0x78, 0x7C, 0x82, 0x79, 0x7F, 0x7D, 0x76, 0x7D, 0x88, 
  0x8E, 0x84, 0x83, 0x74, 0x78, 0x82, 0x85, 0x7D, 0x80, 0x84, 0x7B, 0x7E, 0x86, 0x86, 0x7E, 0x75, 
  0x79, 0x7D, 0x7D, 0x84, 0x78, 0x7C, 0x80, 0x87, 0x7C, 0x79, 0x89, 0x85, 0x7F, 0x7F, 0x85, 0x7D, 
  0x77, 0x72, 0x7A, 0x7B, 0x83, 0x8B, 0x8A, 0x7A, 0x7F, 0x7A, 0x83, 0x8F, 0x8B, 0x81, 0x86, 0x84, 
  0x7C, 0x77, 0x79, 0x81, 0x80, 0x7C, 0x7E, 0x84, 0x80, 0x7D, 0x7E, 0x83, 0x86, 0x7D, 0x79, 0x7C, 
  0x7E, 0x87, 0x88, 0x82, 0x81, 0x83, 0x7D, 0x82, 0x85, 0x8A, 0x86, 0x80, 0x84, 0x7D, 0x7C, 0x7E, 
  0x7D, 0x7D, 0x7B, 0x77, 0x7F, 0x84, 0x83, 0x83, 0x7F, 0x82, 0x79, 0x77, 0x78, 0x85, 0x86, 0x88, 
  0x87, 0x80, 0x81, 0x7F, 0x7E, 0x81, 0x7F, 0x80, 0x80, 0x81, 0x89, 0x7E, 0x7B, 0x7E, 0x80, 0x7B, 
  0x85, 0x7B, 0x76, 0x7B, 0x82, 0x7F, 0x80, 0x7E, 0x8C, 0x86, 0x84, 0x81, 0x74, 0x79, 0x7D, 0x80, 
  0x7F, 0x79, 0x77, 0x84, 0x84, 0x7E, 0x7A, 0x7D, 0x86, 0x8A, 0x7B, 0x7F, 0x77, 0x80, 0x83, 0x88, 
  0x7F, 0x82, 0x7C, 0x7B, 0x82, 0x84, 0x81, 0x79, 0x84, 0x82, 0x88, 0x7E, 0x84, 0x82, 0x88, 0x83, 
  0x87, 0x81, 0x7D, 0x7D, 0x84, 0x82, 0x8E, 0x88, 0x8E, 0x85, 0x7E, 0x82, 0x82, 0x82, 0x75, 0x7D, 
  0x83, 0x8B, 0x82, 0x84, 0x81, 0x89, 0x88, 0x7D, 0x77, 0x7F, 0x83, 0x8B, 0x7A, 0x73, 0x81, 0x7D, 
  0x7F, 0x81, 0x7E, 0x82, 0x84, 0x85, 0x84, 0x85, 0x7A, 0x70, 0x83, 0x85, 0x7F, 0x85, 0x87, 0x88, 
  0x78, 0x7E, 0x81, 0x83, 0x80, 0x85, 0x84, 0x7F, 0x80, 0x85, 0x83, 0x80, 0x7D, 0x84, 0x87, 0x88, 
  0x85, 0x87, 0x80, 0x80, 0x7E, 0x86, 0x89, 0x84, 0x7D, 0x7C, 0x80, 0x87, 0x80, 0x88, 0x85, 0x80, 
  0x7C, 0x8B, 0x85, 0x85, 0x7F, 0x80, 0x7D, 0x80, 0x88, 0x87, 0x7E, 0x7C, 0x7B, 0x7D, 0x77, 0x7B, 
  0x7C, 0x78, 0x7E, 0x80, 0x7F, 0x7D, 0x76, 0x73, 0x76, 0x7B, 0x7F, 0x7F, 0x80, 0x89, 0x88, 0x7F, 
  0x7A, 0x89, 0x81, 0x7D, 0x7D, 0x76, 0x74, 0x80, 0x83, 0x84, 0x79, 0x7A, 0x77, 0x78, 0x7F, 0x76, 
  0x7B, 0x7F, 0x78, 0x76, 0x81, 0x83, 0x81, 0x80, 0x84, 0x8B, 0x85, 0x7E, 0x7F, 0x7D, 0x82, 0x87, 
  0x87, 0x80, 0x84, 0x83, 0x85, 0x85, 0x83, 0x89, 0x8B, 0x84, 0x8C, 0x89, 0x81, 0x8D, 0x89, 0x8C, 
  0x86, 0x80, 0x8A, 0x8E, 0x82, 0x84, 0x83, 0x87, 0x7F, 0x7F, 0x87, 0x85, 0x77, 0x73, 0x81, 0x80, 
  0x85, 0x7A, 0x7F, 0x7F, 0x84, 0x89, 0x85, 0x8E, 0x83, 0x76, 0x7F, 0x85, 0x7F, 0x81, 0x7D, 0x74, 
  0x7E, 0x83, 0x81, 0x88, 0x7F, 0x79, 0x7A, 0x86, 0x89, 0x84, 0x7A, 0x83, 0x86, 0x80, 0x7F, 0x80, 
  0x77, 0x7B, 0x7D, 0x7A, 0x78, 0x7C, 0x7D, 0x7D, 0x82, 0x82, 0x85, 0x87, 0x87, 0x83, 0x78, 0x76, 
  0x7C, 0x7B, 0x84, 0x7E, 0x81, 0x80, 0x7E, 0x82, 0x82, 0x81, 0x82, 0x86, 0x7D, 0x7E, 0x84, 0x83, 
  0x83, 0x85, 0x82, 0x7D, 0x7C, 0x87, 0x82, 0x7D, 0x78, 0x73, 0x75, 0x7E, 0x7E, 0x7B, 0x7F, 0x7F, 
  0x84, 0x84, 0x7F, 0x7D, 0x80, 0x80, 0x81, 0x82, 0x87, 0x85, 0x85, 0x85, 0x83, 0x7F, 0x7A, 0x78, 
  0x7E, 0x82, 0x80, 0x7D, 0x78, 0x7C, 0x79, 0x7B, 0x7F, 0x83, 0x7A, 0x7E, 0x85, 0x7E, 0x7E, 0x7F, 
  0x7D, 0x7D, 0x7A, 0x78, 0x7B, 0x82, 0x7F, 0x80, 0x84, 0x82, 0x7B, 0x7A, 0x84, 0x83, 0x80, 0x7D, 
  0x7A, 0x7A, 0x7D, 0x81, 0x83, 0x7B, 0x82, 0x82, 0x85, 0x80, 0x7D, 0x7C, 0x79, 0x77, 0x7A, 0x7D, 
  0x7A, 0x7A, 0x7A, 0x7A, 0x7A, 0x77, 0x75, 0x76, 0x78, 0x7C, 0x7D, 0x7D, 0x7C, 0x79, 0x7A, 0x7F, 
  0x80, 0x80, 0x7D, 0x7D, 0x7D, 0x7D, 0x7D, 0x7E, 0x7A, 0x7D, 0x7F, 0x7D, 0x7A, 0x7A, 0x7F, 0x82, 
  0x7F, 0x7A, 0x77, 0x79, 0x7B, 0x82, 0x7E, 0x7D, 0x7C, 0x7A, 0x7D, 0x7A, 0x7D, 0x7D, 0x7A, 0x7A, 
  0x7A, 0x7A, 0x7A, 0x77, 0x7A, 0x7A, 0x7C, 0x7D, 0x7D, 0x7D, 0x7D, 0x7D, 0x7D, 0x7D, 0x7D, 0x7D, 
  0x7D, 0x7E, 0x7F, 0x80, 0x80, 0x7F, 0x7D, 0x7D, 0x7D, 0x7D, 0x7D, 0x7D, 0x7D, 0x7D, 0x7D, 0x7A, 
  0x7A, 0x79, 0x77, 0x7A, 0x7A, 0x7A, 0x7A, 0x7A, 0x7A, 0x7A, 0x7A, 0x7C, 0x7D, 0x7D, 0x7D, 0x7D, 
  0x7E, 0x7F, 0x7F, 0x80, 0x80, 0x7F
};
const unsigned int os23_len = 998;

